6,13,42,water permeability (LMH/bar)
184.1038818359375,172.5730438232422,197.92364501953125,132.2
184.7306365966797,186.13050842285156,169.29238891601562,175.0
195.9713897705078,199.81143188476562,196.8406982421875,200.0
203.42257690429688,206.87930297851562,220.4840545654297,231.7
220.9149169921875,230.8933868408203,224.93280029296875,250.0
33.06111145019531,24.694589614868164,48.22489547729492,21.16
29.745845794677734,20.065528869628906,23.48257827758789,28.4
34.03054428100586,26.79458236694336,39.27419662475586,21.16
35.09971237182617,24.257394790649414,12.537652015686035,28.4
54.878395080566406,65.01817321777344,59.93342208862305,31.88
82.9015121459961,80.92212677001953,61.6846809387207,15.0
54.9840202331543,28.610082626342773,36.624351501464844,53.0
43.131134033203125,56.646244049072266,68.27815246582031,70.0
147.22817993164062,119.2905502319336,129.03958129882812,74.0
75.87478637695312,96.33170318603516,100.99867248535156,25.0
62.820762634277344,49.956016540527344,55.763492584228516,65.0
132.36102294921875,127.14627838134766,139.28575134277344,130.0
151.681640625,176.1348419189453,166.31781005859375,207.0
37.774566650390625,40.71512985229492,37.825870513916016,31.0
51.692230224609375,32.157508850097656,36.55051040649414,32.0
42.964111328125,47.59819793701172,46.00328826904297,37.0
45.1318473815918,44.40045928955078,49.29371643066406,50.0
38.166072845458984,50.15483474731445,47.59196853637695,90.4
112.14820098876953,85.07005310058594,70.26708221435547,42.0
36.597740173339844,39.3705940246582,37.08720016479492,31.0
47.77687072753906,46.82492446899414,50.16537094116211,32.0
54.71063995361328,42.111087799072266,43.55951690673828,37.0
42.927001953125,47.93183135986328,42.161476135253906,50.0
37.43046188354492,67.99771881103516,54.4244384765625,90.4
128.0240936279297,77.58445739746094,96.2772445678711,42.0
43.678955078125,50.97188949584961,49.32619094848633,31.0
42.39472198486328,41.60724639892578,50.57228469848633,32.0
39.58001708984375,39.470191955566406,32.04608917236328,37.0
59.57079315185547,37.2135124206543,55.57474899291992,50.0
40.69688034057617,63.8183479309082,59.829498291015625,90.4
126.16834259033203,64.88786315917969,76.57020568847656,42.0
71.02022552490234,83.25917053222656,83.0052719116211,44.5
73.16415405273438,70.64249420166016,75.13478088378906,45.83
74.89653015136719,94.61682891845703,61.972442626953125,83.33
108.28429412841797,112.3143539428711,116.73600769042969,84.9
274.2052001953125,203.45315551757812,263.1910400390625,150.0
315.5263671875,227.54075622558594,297.0265197753906,225.0
371.53094482421875,356.05792236328125,352.96490478515625,353.0
312.77386474609375,295.5926513671875,281.9403991699219,330.0
324.72735595703125,328.715576171875,340.9994812011719,395.0
169.7615203857422,200.9916229248047,179.99424743652344,308.7
112.9971694946289,174.81939697265625,147.79733276367188,195.8
259.885986328125,125.40433502197266,267.08636474609375,213.2
275.67095947265625,121.63285827636719,205.6639862060547,329.7
255.24549865722656,144.2978057861328,193.81936645507812,511.0
89.55540466308594,61.3337287902832,74.008544921875,16.8
69.75286865234375,52.62563705444336,81.04908752441406,32.0
41.07993698120117,58.341060638427734,67.06277465820312,57.6
36.074337005615234,52.90182113647461,66.9469985961914,68.0
272.9442138671875,243.95022583007812,251.6470947265625,210.4
232.5092315673828,209.53900146484375,207.5291290283203,307.7
251.9776153564453,226.6457977294922,224.6940155029297,254.0
271.9280700683594,278.07684326171875,274.15850830078125,217.7
147.7815704345703,197.65048217773438,185.21563720703125,105.0
141.45181274414062,132.60726928710938,137.84698486328125,300.0
266.08154296875,278.51190185546875,262.3304748535156,125.0
56.28633117675781,53.76408004760742,67.4181900024414,26.25
40.569190979003906,47.883724212646484,66.31719207763672,37.5
61.642303466796875,70.73709869384766,56.73029708862305,45.0
104.32620239257812,98.58763885498047,94.40103912353516,52.5
16.344987869262695,29.387248992919922,17.41096305847168,10.5
100.90889739990234,65.74983215332031,42.4086799621582,15.5
99.2900390625,40.45002365112305,61.584800720214844,38.4
78.08737182617188,65.98358154296875,79.72405242919922,25.3
31.846233367919922,28.773902893066406,59.106510162353516,52.5
96.37837982177734,76.6510009765625,83.68158721923828,29.3
450.16363525390625,458.0159912109375,398.23284912109375,298.85
636.461669921875,643.6690063476562,642.5801391601562,360.43
534.3751220703125,554.8563232421875,560.0746459960938,680.0
354.92877197265625,369.0638122558594,316.28546142578125,170.0
422.80322265625,449.8357849121094,418.91619873046875,250.0
296.65765380859375,292.8232421875,283.06170654296875,390.0
397.6024169921875,327.1726379394531,371.38250732421875,450.0
345.52679443359375,313.2630920410156,314.88623046875,495.0
201.2477264404297,206.33680725097656,217.43809509277344,143.0
284.09222412109375,299.8874816894531,271.39599609375,212.3
337.8410949707031,360.607421875,351.142333984375,352.0
483.64801025390625,486.4784851074219,506.76007080078125,475.0
216.78488159179688,200.3471221923828,228.257080078125,143.0
287.04901123046875,303.3993225097656,291.2196044921875,212.3
365.95367431640625,359.44390869140625,369.44659423828125,352.0
526.2627563476562,504.79656982421875,490.8867492675781,475.0
474.1344909667969,463.2034606933594,455.0244445800781,660.0
265.2796936035156,276.8552551269531,220.62591552734375,286.0
437.0240173339844,439.57861328125,430.87969970703125,412.5
497.3091735839844,513.5982666015625,495.30224609375,620.0
549.3470458984375,487.5646057128906,446.7281494140625,560.0
332.68902587890625,332.0293884277344,328.7281799316406,150.0
310.89117431640625,255.63804626464844,302.32470703125,280.0
228.78741455078125,293.7869873046875,347.6820068359375,380.0
252.8083953857422,303.3670959472656,292.6759338378906,420.0
240.6108856201172,325.4712219238281,368.070556640625,335.0
376.7326965332031,361.35760498046875,351.7245178222656,152.8
379.81927490234375,396.1309814453125,379.9363098144531,397.2
380.6070861816406,375.6668701171875,331.1370849609375,302.1
343.1026611328125,339.0057067871094,365.316162109375,434.5
354.5015563964844,383.7395324707031,361.20196533203125,481.6
357.6491394042969,393.4627380371094,369.18011474609375,460.4
381.40618896484375,362.8294677734375,344.001953125,152.8
387.35595703125,371.87884521484375,344.7361755371094,397.2
377.3306884765625,371.94683837890625,326.9204406738281,302.1
329.28570556640625,336.0493469238281,346.0467834472656,434.5
348.42279052734375,364.1346130371094,366.452880859375,460.4
180.68524169921875,149.30227661132812,202.46348571777344,240.0
507.2536315917969,494.7795715332031,483.5033874511719,365.0
450.4291076660156,441.947509765625,462.270263671875,500.0
71.93085479736328,145.7722625732422,84.83243560791016,50.0
106.2419662475586,112.71867370605469,122.94877624511719,118.0
130.9403076171875,135.79620361328125,120.25581359863281,88.0
120.67406463623047,94.40193176269531,88.90238952636719,138.0
116.47162628173828,102.31452941894531,118.66671752929688,120.0
93.56675720214844,145.49131774902344,96.89166259765625,53.0
124.27758026123047,113.54938507080078,107.36324310302734,126.0
109.86331939697266,113.3209457397461,111.8089828491211,93.0
95.51058959960938,116.39484405517578,110.17790985107422,138.0
116.05449676513672,115.11309814453125,109.02566528320312,110.0
217.97760009765625,217.22633361816406,213.70062255859375,181.1
220.05105590820312,218.6967010498047,232.26046752929688,166.5
191.0116424560547,232.4993438720703,236.26028442382812,132.8
205.62144470214844,195.07859802246094,198.15892028808594,241.5
179.8966064453125,176.66481018066406,174.8787384033203,291.9
207.03709411621094,224.53216552734375,208.74411010742188,212.9
213.84613037109375,242.15130615234375,214.89028930664062,182.9
217.15501403808594,237.35389709472656,227.10104370117188,164.5
211.52462768554688,203.9770965576172,207.82958984375,326.5
197.83563232421875,208.58493041992188,208.65386962890625,182.9
198.29623413085938,241.86984252929688,214.73196411132812,181.1
208.16819763183594,207.88575744628906,233.05780029296875,166.5
224.0869903564453,242.61585998535156,214.9528350830078,132.8
201.53981018066406,223.3350067138672,205.17642211914062,241.5
208.93594360351562,206.31988525390625,219.9678497314453,291.9
210.12362670898438,195.43359375,210.6597442626953,212.9
196.94302368164062,220.36859130859375,210.66189575195312,182.9
204.31329345703125,217.98728942871094,219.57186889648438,164.5
221.39634704589844,211.12384033203125,176.1094207763672,326.5
221.2462158203125,230.7452850341797,209.69129943847656,182.9
223.05145263671875,209.36965942382812,244.88206481933594,164.5
197.9746551513672,206.7198944091797,207.47972106933594,326.5
208.53091430664062,196.4374542236328,199.13433837890625,102.7
228.29856872558594,114.39217376708984,135.61788940429688,215.7
292.5752868652344,314.937255859375,173.3560791015625,109.5
141.0993194580078,113.6528549194336,140.72067260742188,352.2
408.42822265625,425.9580993652344,472.22314453125,290.0
475.742919921875,499.0211181640625,563.3223266601562,460.0
469.3040466308594,482.4757080078125,453.7643127441406,650.0
478.853271484375,496.3878479003906,498.6311340332031,750.0
509.72479248046875,506.2221984863281,526.0784301757812,700.0
202.63421630859375,150.76034545898438,160.63046264648438,138.0
185.10348510742188,206.4855194091797,203.19271850585938,209.0
231.39773559570312,243.62979125976562,227.10623168945312,235.0
244.8194122314453,235.8694305419922,208.45333862304688,190.0
196.00440979003906,155.428955078125,157.1746063232422,138.0
220.74546813964844,181.7489776611328,197.86349487304688,209.0
218.7486572265625,228.25628662109375,228.61183166503906,235.0
227.12371826171875,205.993896484375,191.14553833007812,190.0
87.34750366210938,86.2402114868164,152.45144653320312,60.0
67.90863037109375,75.83648681640625,133.87911987304688,72.5
120.04016876220703,106.40084075927734,74.44198608398438,90.1
164.62005615234375,173.88218688964844,149.06719970703125,67.5
264.0332946777344,359.9165344238281,285.4841003417969,180.0
324.8737487792969,295.1563720703125,319.74163818359375,370.0
320.719482421875,322.0496520996094,333.4313049316406,183.3
330.5861511230469,310.447265625,326.89373779296875,433.3
385.9232177734375,363.59051513671875,312.2683410644531,350.0
372.97222900390625,370.5824279785156,370.438720703125,380.0
279.4134521484375,309.40643310546875,237.5384063720703,200.0
257.1651611328125,250.57058715820312,255.45196533203125,312.0
239.87159729003906,245.73240661621094,247.50393676757812,398.0
273.12591552734375,271.1260681152344,263.1011962890625,337.0
263.9450988769531,309.602294921875,310.6938171386719,285.0
48.420406341552734,27.26854705810547,54.78718185424805,29.0
57.34804916381836,48.1483039855957,85.6871566772461,54.3
113.19605255126953,103.54087829589844,131.13232421875,90.7
98.28173828125,86.97384643554688,92.25692749023438,75.4
88.99162292480469,88.19995880126953,88.63189697265625,68.8
117.37281036376953,96.61813354492188,108.63922119140625,29.0
104.82251739501953,81.19415283203125,99.4795913696289,54.3
113.8024673461914,96.71869659423828,98.57682800292969,90.7
110.16368103027344,99.28425598144531,83.16048431396484,75.4
115.11119079589844,123.88947296142578,116.76856231689453,68.8
21.145288467407227,24.996910095214844,31.28469467163086,29.0
59.64442825317383,58.125144958496094,88.46739959716797,54.3
100.65115356445312,103.68790435791016,103.34502410888672,90.7
69.44145202636719,86.83403778076172,74.75726318359375,75.4
85.73876953125,77.8261489868164,73.28252410888672,68.8
43.94664001464844,44.56607437133789,41.52825164794922,29.0
48.42885971069336,60.964500427246094,70.5951919555664,54.3
84.4168701171875,84.76692199707031,77.30603790283203,90.7
87.05736541748047,74.70120239257812,73.0673828125,75.4
54.944297790527344,69.63558197021484,71.9175033569336,68.8
34.697998046875,22.033193588256836,33.69630813598633,29.0
54.43205261230469,59.77763748168945,52.342533111572266,54.3
90.732177734375,86.15052795410156,96.99150085449219,90.7
84.3826904296875,72.93404388427734,67.3693618774414,75.4
68.76414489746094,78.81454467773438,63.164634704589844,68.8
97.67158508300781,96.61089324951172,100.82844543457031,65.0
67.76542663574219,84.2070541381836,86.45661163330078,81.2
108.7488021850586,153.03128051757812,112.65042114257812,83.9
103.050537109375,128.3985137939453,110.51917266845703,65.0
74.2030029296875,88.87049865722656,74.33363342285156,81.6
101.1613540649414,104.86011505126953,128.60687255859375,76.2
172.19943237304688,206.49176025390625,192.9761962890625,66.7
180.2813262939453,137.37127685546875,130.32965087890625,175.0
87.85001373291016,70.26103210449219,49.012447357177734,41.7
83.9082260131836,79.33726501464844,44.91421890258789,23.3
72.75634002685547,56.6258544921875,36.88924789428711,50.0
31.57391357421875,46.55048370361328,36.214542388916016,63.3
99.3586196899414,95.69290924072266,91.47379302978516,26.7
89.61859893798828,102.26498413085938,103.07948303222656,30.0
92.31810760498047,97.50724792480469,94.78291320800781,85.0
98.04253387451172,91.52446746826172,118.36690521240234,123.6
167.96597290039062,166.7122802734375,159.083251953125,105.0
114.35587310791016,122.17611694335938,116.34461975097656,106.6
125.68199920654297,129.83676147460938,134.32513427734375,115.8
139.97677612304688,133.6167755126953,155.8283233642578,133.45
169.7433319091797,171.37457275390625,201.8687744140625,156.5
191.1729736328125,171.9388885498047,195.4735565185547,189.35
110.39710235595703,96.36065673828125,96.3180923461914,90.0
157.87628173828125,147.04371643066406,154.8029022216797,142.5
220.76844787597656,228.8100128173828,230.14535522460938,225.0
242.62551879882812,246.4906463623047,259.05438232421875,270.0
234.71771240234375,218.55946350097656,224.47198486328125,250.0
92.69960021972656,99.49073028564453,105.91259765625,90.0
159.58294677734375,148.26925659179688,166.46754455566406,142.5
229.28628540039062,225.2096405029297,220.77609252929688,225.0
245.9407501220703,246.67076110839844,260.2548828125,270.0
104.283203125,106.28076171875,87.70813751220703,90.0
43.97935485839844,21.198238372802734,43.86060333251953,20.5
38.40999984741211,29.40729522705078,24.26083755493164,22.0
38.44062042236328,25.812692642211914,12.878426551818848,27.5
35.47782897949219,24.671640396118164,27.402170181274414,26.0
34.557945251464844,32.82475662231445,30.29924964904785,30.0
52.19732666015625,37.728370666503906,25.938823699951172,27.5
88.1666030883789,78.65855407714844,86.6600341796875,27.0
27.745943069458008,43.01555252075195,36.49951171875,20.5
13.01394271850586,20.3746280670166,16.963451385498047,22.0
24.101240158081055,33.686058044433594,16.15329933166504,27.5
27.511899948120117,25.62543487548828,31.216550827026367,26.0
18.678863525390625,9.72801685333252,27.349252700805664,30.0
19.932527542114258,24.61086082458496,36.865234375,27.5
56.086605072021484,50.051734924316406,62.55921936035156,27.0
105.05353546142578,124.90159606933594,125.83338928222656,110.5
128.39712524414062,136.35533142089844,128.74232482910156,142.0
152.35855102539062,144.48104858398438,136.5159149169922,161.5
170.90713500976562,156.95248413085938,146.7780303955078,217.5
188.52011108398438,203.33229064941406,183.30592346191406,201.5
208.9170379638672,174.9941864013672,198.60614013671875,193.9
345.4546813964844,357.6040954589844,360.0081787109375,448.9
475.0886535644531,486.16259765625,492.3158264160156,515.8
196.3087921142578,206.20291137695312,193.57846069335938,193.9
362.8186340332031,355.8366394042969,363.7866516113281,448.9
465.45916748046875,490.0089416503906,503.1346130371094,515.8
560.8944091796875,468.69635009765625,449.4504699707031,475.6
192.39418029785156,192.32876586914062,213.15057373046875,193.9
352.91229248046875,375.5582580566406,368.8252868652344,448.9
490.3670349121094,489.1018371582031,483.1246032714844,515.8
537.1796264648438,553.6583862304688,539.1458740234375,475.6
145.55758666992188,144.3174591064453,113.18427276611328,59.7
128.7781982421875,154.02978515625,145.97262573242188,120.0
50.45452117919922,30.309669494628906,35.259666442871094,14.8
27.440227508544922,23.125102996826172,33.551666259765625,18.6
30.825464248657227,12.412545204162598,38.33871841430664,25.55
61.696861267089844,75.69506072998047,79.66441345214844,26.49
367.6324157714844,288.32366943359375,382.6455078125,345.48
517.0559692382812,635.913818359375,503.69036865234375,420.0
520.2723999023438,668.3355102539062,535.9584350585938,500.0
621.4139404296875,704.4404296875,623.1945190429688,600.0
649.2564086914062,669.0114135742188,628.636474609375,750.0
625.6449584960938,619.1474609375,613.5260009765625,809.06
107.25691986083984,129.1778564453125,120.8469467163086,97.5
119.56173706054688,122.6658706665039,127.21930694580078,131.0
112.66221618652344,124.3145523071289,118.34294891357422,155.5
116.41307830810547,123.66361236572266,111.1290283203125,139.0
112.63705444335938,121.3038330078125,115.96947479248047,122.5
128.489990234375,135.0460968017578,139.46038818359375,102.5
112.48324584960938,110.76664733886719,136.68931579589844,87.5
117.39427947998047,111.73818969726562,132.54811096191406,107.5
123.01195526123047,142.51776123046875,119.62015533447266,124.0
119.16400909423828,117.95269775390625,110.65852355957031,128.0
110.13630676269531,113.03812408447266,129.71142578125,110.0
126.61041259765625,129.72389221191406,142.90371704101562,92.5
154.18675231933594,163.881103515625,132.44859313964844,86.0
160.6517333984375,125.87760162353516,143.96470642089844,130.0
156.56460571289062,139.22030639648438,148.59884643554688,165.0
144.49864196777344,150.3494110107422,169.45028686523438,210.0
187.85621643066406,160.90203857421875,198.34933471679688,180.0
199.14678955078125,207.4366912841797,182.93527221679688,142.8
200.30982971191406,197.86581420898438,184.7103729248047,180.0
200.19837951660156,212.73846435546875,213.1312713623047,195.0
215.1387939453125,218.09242248535156,220.4586944580078,170.0
200.8377227783203,207.1172332763672,205.8724822998047,181.25
193.3389892578125,190.48243713378906,190.95419311523438,212.5
184.43487548828125,187.86541748046875,204.74078369140625,262.5
198.82577514648438,226.51414489746094,206.4893035888672,233.5
169.87088012695312,190.2345733642578,185.5010986328125,98.0
160.59242248535156,168.0234832763672,166.10861206054688,187.0
192.2787322998047,170.44810485839844,164.4184112548828,213.0
216.97230529785156,196.32530212402344,189.28733825683594,245.1
219.50836181640625,232.85040283203125,247.50953674316406,235.0
255.16725158691406,298.2388610839844,248.1857147216797,139.3
300.2214660644531,254.6863250732422,298.3055419921875,162.5
298.84112548828125,258.329345703125,256.3192443847656,212.5
310.9214172363281,279.3001403808594,242.19505310058594,218.0
205.3983154296875,214.12754821777344,222.3304901123047,269.4
412.7092590332031,417.8188171386719,423.1710205078125,570.0
519.1619873046875,527.4896240234375,534.1383056640625,450.0
70.29899597167969,84.95755004882812,60.33329772949219,10.0
94.29867553710938,95.62964630126953,102.2436294555664,20.0
167.60214233398438,150.8243865966797,188.69424438476562,90.0
79.19676971435547,85.17162322998047,88.15917205810547,46.25
106.05988311767578,62.1549072265625,38.685855865478516,77.0
109.91232299804688,134.3950653076172,108.16451263427734,15.0
187.65049743652344,181.653564453125,159.952392578125,80.8
