6,13,42,flux decline ratio (%)
56.45430374145508,50.5491943359375,58.36498260498047,24.0
48.17382049560547,48.98820114135742,47.66185760498047,55.0
40.47190475463867,28.399669647216797,40.92558288574219,63.5
42.930015563964844,30.035423278808594,39.99003601074219,65.5
58.599666595458984,49.296783447265625,56.18587112426758,37.0
63.00471878051758,60.61104965209961,57.33304977416992,62.5
54.04507827758789,60.592445373535156,56.664058685302734,65.5
60.9674072265625,56.34832763671875,57.634830474853516,67.0
52.58452224731445,54.27924728393555,59.30086135864258,67.0
56.67587661743164,52.02165222167969,49.8958740234375,66.5
46.133705139160156,49.44871520996094,48.97169876098633,42.760000000000005
49.788272857666016,45.49757766723633,45.08048629760742,49.37
54.61396026611328,54.889530181884766,54.05903625488281,32.2
54.75730895996094,56.65840530395508,44.85182189941406,43.62
42.4708251953125,55.256591796875,46.03041076660156,58.0
41.21192932128906,44.50807571411133,36.73284149169922,44.5
24.300647735595703,28.178707122802734,25.31194305419922,41.0
34.08172607421875,34.52701187133789,31.84148406982422,35.8
43.738426208496094,49.91507339477539,58.90736770629883,53.7
52.15253448486328,51.909114837646484,58.890380859375,42.3
49.169944763183594,51.22871017456055,51.048885345458984,78.0
53.14080810546875,53.22366714477539,52.38498306274414,57.0
59.52776336669922,53.610740661621094,57.47442626953125,24.0
46.120628356933594,49.81476593017578,48.93115234375,65.0
51.539180755615234,52.34702682495117,53.808738708496094,53.7
50.60236358642578,54.32568359375,53.87866973876953,42.3
53.436885833740234,55.488285064697266,51.15391159057617,78.0
52.078372955322266,55.56471252441406,46.91622543334961,57.0
59.12727737426758,53.78239822387695,52.55551528930664,24.0
54.31833267211914,53.759033203125,54.067352294921875,65.0
50.72869873046875,54.01423645019531,55.124549865722656,53.7
49.25434875488281,54.47238540649414,54.52338409423828,42.3
51.75130081176758,51.20445251464844,50.330867767333984,78.0
50.3861198425293,53.76526641845703,53.39474868774414,57.0
61.11085891723633,52.93299102783203,55.57735061645508,24.0
49.217533111572266,54.12858581542969,52.32471466064453,65.0
21.886207580566406,21.307666778564453,27.440549850463867,29.400000000000006
26.082855224609375,42.2904052734375,31.285358428955078,30.0
31.102453231811523,39.10029220581055,27.914913177490234,18.0
23.81006622314453,38.67694091796875,29.610754013061523,16.299999999999997
45.80568313598633,46.598697662353516,46.38633728027344,34.5
40.372825622558594,41.957279205322266,44.92623519897461,39.0
46.48355484008789,40.344764709472656,39.537235260009766,43.0
44.51963424682617,44.83897399902344,41.259342193603516,48.5
42.60960388183594,46.38751983642578,46.972076416015625,36.0
17.312463760375977,14.54599380493164,13.74972152709961,50.3
35.59019088745117,44.848079681396484,43.127017974853516,27.5
21.28892707824707,28.96230697631836,26.906959533691406,8.3
21.253755569458008,28.674962997436523,14.63127326965332,20.6
19.904163360595703,27.583101272583008,13.20596694946289,30.8
29.971887588500977,27.910036087036133,34.76235580444336,22.900000000000006
26.686710357666016,23.43484878540039,28.31230354309082,40.7
29.11085319519043,30.989974975585938,36.29066848754883,29.5
28.17276382446289,24.55768585205078,34.50303649902344,31.799999999999997
57.74008560180664,58.30609893798828,58.64129638671875,25.0
49.908512115478516,46.812599182128906,46.19415283203125,62.0
58.7616081237793,46.82842254638672,43.57142639160156,61.0
48.44108581542969,50.81130599975586,49.48349380493164,53.0
30.11928367614746,25.428749084472656,22.56141471862793,23.0
30.628870010375977,27.609188079833984,26.47679901123047,16.099999999999994
28.17928123474121,31.979738235473633,28.896915435791016,13.0
51.072662353515625,52.29161071777344,53.69181823730469,42.5
45.36772155761719,47.103240966796875,54.494140625,50.0
41.27398681640625,40.526161193847656,48.30930709838867,71.0
52.25087356567383,48.152984619140625,51.07247543334961,57.0
64.66114044189453,55.15230178833008,56.66246032714844,65.44999999999999
54.338584899902344,65.22090911865234,64.01024627685547,59.93000000000001
56.06362533569336,52.35185241699219,55.273094177246094,73.11
79.78973388671875,81.13151550292969,77.97301483154297,79.5
73.46821594238281,76.24872589111328,75.23202514648438,81.0
79.38053894042969,78.89456176757812,79.2339096069336,80.19999999999999
12.533804893493652,18.31729507446289,16.19324493408203,10.379999999999995
12.928278923034668,13.919865608215332,15.784034729003906,12.739999999999995
15.811177253723145,15.678397178649902,10.904552459716797,13.519999999999996
45.89588928222656,45.40434265136719,41.232051849365234,47.0
43.539493560791016,47.35816192626953,48.6923713684082,41.0
46.60653305053711,44.463111877441406,45.38169860839844,45.5
43.181488037109375,43.051876068115234,44.1832160949707,47.0
44.34441375732422,44.17782974243164,44.895816802978516,49.0
50.090980529785156,52.990352630615234,48.72966384887695,42.6
49.75604248046875,53.984806060791016,52.99662399291992,35.2
49.12028121948242,49.01009750366211,47.16413116455078,53.8
49.27082443237305,49.172733306884766,49.94378662109375,55.1
46.25305938720703,45.60638427734375,41.094970703125,56.3
44.25999450683594,47.75726318359375,48.66016387939453,52.9
45.15274429321289,47.10410690307617,41.125003814697266,54.0
42.42710876464844,42.99528503417969,42.73389434814453,66.3
40.72372817993164,40.90275955200195,40.41665267944336,72.3
53.8970832824707,46.5567741394043,50.65736770629883,60.8
51.422027587890625,44.326087951660156,55.34121322631836,57.0
58.08711242675781,57.588409423828125,58.476261138916016,51.6
53.1572380065918,43.213626861572266,49.60313415527344,71.4
63.247894287109375,68.01081085205078,61.154239654541016,80.0
68.70214080810547,65.37046813964844,66.10379028320312,77.8
75.9761734008789,69.53887176513672,67.1804428100586,73.6
76.150146484375,67.5373306274414,72.55211639404297,71.4
74.46855163574219,67.04899597167969,68.24578094482422,67.2
41.74043273925781,44.43617630004883,44.53507614135742,38.75
47.804344177246094,44.846046447753906,47.76732635498047,48.0
47.821739196777344,46.5888557434082,43.7350959777832,45.0
44.3265380859375,46.501548767089844,47.772701263427734,46.5
47.398292541503906,45.4049072265625,45.577266693115234,50.5
45.83290481567383,45.6738166809082,45.55707550048828,50.0
50.274105072021484,48.396240234375,49.95848083496094,44.099999999999994
51.92538070678711,53.4340934753418,51.009090423583984,52.0
50.37428283691406,50.817657470703125,52.415306091308594,48.0
49.10488510131836,50.15966796875,54.40056228637695,49.0
51.148983001708984,48.50297546386719,55.246768951416016,53.8
44.49831771850586,40.56980514526367,39.16695022583008,47.9
39.674556732177734,39.02325439453125,38.80331802368164,52.1
41.72846221923828,42.943790435791016,42.83877944946289,60.0
51.24788284301758,51.64576721191406,55.80503463745117,26.0
45.5871696472168,47.02196502685547,43.7510986328125,41.7
44.88743591308594,45.92934036254883,47.99604034423828,50.2
47.75292205810547,48.64049530029297,51.41899490356445,31.9
45.118568420410156,45.81184768676758,47.537803649902344,47.5
17.88928985595703,22.171722412109375,8.022895812988281,34.0
24.195878982543945,26.188405990600586,24.802471160888672,16.7
19.938255310058594,24.136789321899414,21.67413902282715,19.4
19.293643951416016,21.107439041137695,24.84439468383789,27.5
22.987224578857422,27.937936782836914,26.368114471435547,14.5
68.73675537109375,66.86968231201172,68.58106994628906,63.5
66.99270629882812,62.37717056274414,64.452880859375,77.5
62.14970779418945,64.35514831542969,66.33199310302734,76.10000000000001
57.57876205444336,65.23226928710938,63.29080581665039,76.5
59.36720275878906,65.48149108886719,66.99015045166016,70.9
67.4880142211914,66.8699722290039,65.9780044555664,73.2
64.83804321289062,66.79956817626953,65.6067123413086,61.0
70.14036560058594,68.89257049560547,66.87037658691406,65.0
66.9344253540039,68.06094360351562,66.67186737060547,66.0
63.4390754699707,64.72610473632812,66.1268081665039,79.5
70.04175567626953,71.70629119873047,72.32062530517578,63.5
71.35601043701172,69.87416076660156,69.87648010253906,77.5
73.23219299316406,73.57394409179688,75.05277252197266,76.10000000000001
71.55534362792969,71.32263946533203,69.74068450927734,76.5
72.0584945678711,73.99756622314453,71.38851165771484,70.9
70.40886688232422,69.66600799560547,71.40441131591797,73.2
67.74900817871094,67.13292694091797,67.24475860595703,61.0
67.56991577148438,67.46530151367188,68.6843032836914,65.0
67.10408020019531,65.71923828125,69.17355346679688,66.0
67.38601684570312,67.43684387207031,65.28197479248047,61.0
66.64939880371094,66.1112060546875,67.92096710205078,65.0
68.00605773925781,70.9541244506836,69.06074523925781,66.0
43.058265686035156,39.23246383666992,44.20832061767578,62.5
43.29508590698242,55.23295974731445,46.23465347290039,56.9
47.561946868896484,42.40633010864258,47.524452209472656,64.7
55.760337829589844,56.66230773925781,47.42893981933594,40.9
15.79580020904541,15.226727485656738,11.042911529541016,10.299999999999997
11.924997329711914,15.091131210327148,15.402435302734375,15.400000000000006
19.620420455932617,17.769657135009766,17.41093635559082,15.060000000000002
13.63142204284668,15.028730392456055,16.238618850708008,17.200000000000003
12.261037826538086,14.90269660949707,15.83016586303711,14.019999999999996
46.16847610473633,41.62063980102539,44.56053161621094,43.0
42.07585906982422,45.2353515625,45.49458312988281,45.0
48.09483337402344,45.28573226928711,44.5986213684082,40.599999999999994
54.676918029785156,48.2693977355957,50.237762451171875,44.5
49.27961349487305,48.3441276550293,48.95700454711914,42.6
51.41117858886719,45.540225982666016,46.622802734375,52.400000000000006
48.392032623291016,47.046138763427734,47.469139099121094,56.3
60.99928283691406,51.1632080078125,54.944923400878906,62.0
41.974483489990234,43.37388229370117,49.28860855102539,25.200000000000003
41.05428695678711,43.30290222167969,49.117034912109375,36.0
42.85038375854492,42.7104377746582,38.90098190307617,41.2
46.865413665771484,42.418094635009766,45.389747619628906,35.3
49.65916442871094,49.93620300292969,51.968170166015625,24.0
51.28004837036133,47.01054382324219,54.70700454711914,44.0
23.098155975341797,20.509794235229492,24.396982192993164,24.0
29.328285217285156,27.936683654785156,26.613359451293945,20.0
22.61237907409668,22.564481735229492,26.138940811157227,33.0
24.700773239135742,24.60607147216797,23.956340789794922,34.0
24.20179557800293,23.751789093017578,20.66666030883789,24.0
19.290571212768555,23.10379409790039,20.131305694580078,29.5
23.269060134887695,25.700159072875977,21.922924041748047,30.0
24.7105712890625,23.171894073486328,26.935470581054688,17.5
23.409326553344727,24.45095443725586,24.546829223632812,17.0
28.632278442382812,25.99829864501953,28.14888572692871,22.299999999999997
24.117773056030273,24.40496063232422,23.40714454650879,21.599999999999994
15.329228401184082,14.611501693725586,15.649833679199219,16.5
18.249650955200195,18.776731491088867,17.000516891479492,17.5
20.543004989624023,20.863174438476562,22.685386657714844,22.799999999999997
27.110151290893555,27.394624710083008,26.842180252075195,22.299999999999997
23.445293426513672,25.487462997436523,22.765047073364258,21.599999999999994
15.831332206726074,20.51970672607422,19.825576782226562,16.5
17.4147891998291,20.24698257446289,21.417137145996094,17.5
23.539167404174805,21.27513313293457,22.78655242919922,22.799999999999997
28.265731811523438,27.975683212280273,28.573091506958008,22.299999999999997
24.43917465209961,24.59363555908203,25.16396713256836,21.599999999999994
18.071508407592773,16.758121490478516,14.247812271118164,16.5
19.44045066833496,19.153057098388672,16.659982681274414,17.5
25.167734146118164,23.54827308654785,22.612503051757812,22.799999999999997
25.821048736572266,26.033065795898438,26.361433029174805,22.299999999999997
21.126766204833984,21.120569229125977,24.5989990234375,21.599999999999994
16.424787521362305,14.823640823364258,15.312087059020996,16.5
18.09141731262207,18.031465530395508,15.71493148803711,17.5
18.07914924621582,19.977941513061523,21.62423324584961,22.799999999999997
25.446136474609375,27.92913055419922,25.157848358154297,22.299999999999997
23.638519287109375,20.368606567382812,23.239389419555664,21.599999999999994
16.20313835144043,12.457598686218262,14.78897476196289,16.5
18.312156677246094,18.443700790405273,15.492746353149414,17.5
17.84189796447754,20.431636810302734,18.910377502441406,22.799999999999997
58.84734344482422,60.710750579833984,60.568443298339844,59.09
54.31476974487305,49.949951171875,59.691619873046875,66.67
55.609432220458984,52.213623046875,61.27558898925781,66.67
79.27584075927734,78.36829376220703,82.03656768798828,67.84
71.95683288574219,70.38106536865234,73.85137939453125,80.39
80.09303283691406,79.25743103027344,78.1368179321289,75.17999999999999
34.20561218261719,34.7149772644043,33.458824157714844,5.799999999999997
24.59856605529785,21.837810516357422,19.54791831970215,28.0
19.727737426757812,12.66486930847168,22.694581985473633,6.5
19.389652252197266,14.176774978637695,17.10529136657715,24.700000000000003
20.40026092529297,19.413562774658203,22.772216796875,13.099999999999994
12.727646827697754,19.34535026550293,11.569358825683594,10.099999999999994
13.144028663635254,18.538148880004883,16.024982452392578,17.900000000000006
55.049137115478516,58.29766845703125,55.215763092041016,40.0
47.85112762451172,52.516414642333984,52.19587707519531,60.0
45.326629638671875,45.81028747558594,43.17131042480469,67.5
47.979190826416016,47.809722900390625,44.0950813293457,65.0
29.151607513427734,29.41118049621582,29.790857315063477,30.0
35.24097442626953,33.67026901245117,31.08549690246582,30.22
29.3393497467041,27.24912452697754,29.337495803833008,32.97
28.197879791259766,34.06067657470703,26.707353591918945,31.950000000000003
26.188074111938477,31.545806884765625,32.84309005737305,29.569999999999993
26.491710662841797,31.78118133544922,28.555635452270508,35.42
30.301355361938477,30.81753158569336,32.47365951538086,30.25999999999999
29.155719757080078,29.374269485473633,33.65501022338867,22.67
28.035179138183594,30.115123748779297,31.40392303466797,27.069999999999993
28.354595184326172,27.356599807739258,26.989744186401367,25.5
34.15053176879883,32.21508026123047,35.54698944091797,39.89
40.33766555786133,35.85760498046875,33.64685821533203,32.89
41.40182113647461,35.915321350097656,36.623260498046875,25.819999999999993
33.98713302612305,34.24128723144531,34.62248229980469,31.25
30.513961791992188,31.93985366821289,32.51286315917969,43.75
56.3673095703125,58.114322662353516,54.885887145996094,43.7
56.53046417236328,56.51869201660156,53.90273666381836,51.3
56.97819137573242,59.85308074951172,58.02717971801758,54.1
56.14155197143555,58.438167572021484,55.18265914916992,54.4
52.71791076660156,53.585933685302734,56.150901794433594,54.9
57.49226760864258,58.2405891418457,56.063777923583984,57.1
49.578670501708984,55.23881530761719,55.65974044799805,58.900000000000006
52.5818977355957,47.823280334472656,49.22800827026367,43.7
46.44140625,52.212066650390625,48.20465850830078,51.3
52.213558197021484,51.98281478881836,54.30107498168945,54.1
51.61811065673828,50.60393524169922,53.496826171875,54.4
50.13688278198242,50.522560119628906,54.77017593383789,54.9
54.5563850402832,51.379642486572266,52.25777816772461,57.1
55.30128479003906,49.7080192565918,52.9962158203125,58.900000000000006
31.02310562133789,30.124149322509766,29.281810760498047,33.94
31.92682647705078,30.120906829833984,32.401649475097656,30.629999999999995
28.96111488342285,27.237043380737305,30.716352462768555,26.930000000000007
32.143768310546875,30.356496810913086,31.115711212158203,25.97
32.97987747192383,33.70010757446289,30.259363174438477,24.810000000000002
47.6257209777832,46.9042854309082,50.81170654296875,58.0
52.426513671875,50.551273345947266,52.90336608886719,33.5
51.90104675292969,50.437660217285156,51.482200622558594,37.0
41.88822937011719,45.42878723144531,47.07883834838867,48.75
49.863155364990234,46.82238006591797,45.60560607910156,27.5
47.46563720703125,46.49715805053711,45.65241241455078,31.200000000000003
45.89643859863281,42.157264709472656,44.23787307739258,30.0
46.255393981933594,48.945457458496094,47.63029098510742,69.0
51.525901794433594,52.923118591308594,54.32850646972656,39.0
50.67573547363281,50.76361846923828,48.12886047363281,40.0
52.70273971557617,50.22344207763672,51.88733673095703,39.5
44.27585983276367,49.596065521240234,43.52182388305664,12.5
35.71860885620117,41.118350982666016,35.168643951416016,32.0
47.50228500366211,44.88924026489258,48.12910842895508,49.05
48.493038177490234,48.4176139831543,50.49929428100586,58.44
43.68984603881836,44.221534729003906,44.55267333984375,53.269999999999996
49.34891128540039,46.064483642578125,46.020870208740234,53.64
15.67505168914795,14.148416519165039,16.671812057495117,34.730000000000004
26.5189208984375,25.904369354248047,26.0981502532959,30.950000000000003
28.757291793823242,25.66084098815918,31.49365234375,30.0
29.657718658447266,27.15593910217285,30.397127151489258,31.17
32.71528244018555,32.36140441894531,27.616779327392578,28.0
34.979736328125,40.46686935424805,35.78447723388672,28.430000000000007
41.370052337646484,41.45985412597656,38.988121032714844,40.25
42.20820617675781,43.1177978515625,40.694183349609375,45.0
40.37601089477539,43.8892822265625,42.06162643432617,48.870000000000005
43.12144088745117,42.0958366394043,43.73382568359375,46.370000000000005
45.32870864868164,44.07853698730469,44.875022888183594,44.7
39.44585418701172,40.92075729370117,37.61429214477539,40.0
42.36597442626953,41.10007858276367,43.26079177856445,41.25
41.15769958496094,42.03614807128906,43.31499099731445,47.400000000000006
42.74298095703125,42.990997314453125,43.91791534423828,43.5
44.43984603881836,43.2934684753418,43.08099365234375,46.0
42.127010345458984,42.98416519165039,41.95729446411133,43.25
43.39122009277344,45.148826599121094,39.82903289794922,42.5
16.404523849487305,16.170541763305664,18.971603393554688,19.700000000000003
13.494994163513184,16.701982498168945,17.122190475463867,16.0
21.843055725097656,19.227863311767578,20.14531898498535,13.599999999999994
17.556344985961914,22.418621063232422,19.9898681640625,5.200000000000003
18.731889724731445,20.11078643798828,17.32624053955078,8.0
48.97286605834961,51.4019889831543,49.77960968017578,36.2
52.42671585083008,55.74039077758789,52.73216247558594,46.5
44.419189453125,43.599815368652344,47.654666900634766,54.5
44.916725158691406,47.41192626953125,51.91740036010742,48.5
47.11023712158203,49.07984924316406,46.0054817199707,52.5
50.041969299316406,51.35166931152344,51.02230453491211,50.0
41.638362884521484,48.58534240722656,46.53135299682617,56.5
43.85541915893555,45.941192626953125,50.403106689453125,55.0
50.26695251464844,48.2269287109375,51.36313247680664,73.6
54.817352294921875,52.911075592041016,55.71623611450195,60.0
54.66961669921875,57.47716522216797,56.034786224365234,62.739999999999995
49.726524353027344,57.13093948364258,53.81584548950195,53.95
55.622947692871094,54.43014907836914,50.30488204956055,41.949999999999996
22.1700439453125,21.81722068786621,22.283288955688477,12.0
23.37408447265625,20.39167594909668,21.81270980834961,13.5
25.406978607177734,23.365524291992188,23.61211585998535,14.299999999999997
27.449848175048828,22.421810150146484,23.514850616455078,14.0
18.096059799194336,20.155292510986328,18.335859298706055,17.5
33.11705780029297,39.43814468383789,39.20315933227539,24.39
39.598209381103516,38.99854278564453,38.18952178955078,26.669999999999987
61.347713470458984,66.2230453491211,70.48158264160156,75.0
58.904876708984375,63.96503829956055,63.20013427734375,83.5
64.96569061279297,65.68695831298828,59.58054733276367,62.0
35.26485824584961,38.797603607177734,33.2779655456543,25.180000000000007
41.08445739746094,43.12239456176758,36.11507797241211,30.0
34.19965362548828,34.22140121459961,33.47014617919922,30.239999999999995
48.51377868652344,41.85043716430664,37.430450439453125,39.67
