seed_6_y_pred,seed_6_y_std,seed_13_y_pred,seed_13_y_std,seed_42_y_pred,seed_42_y_std,calculated PCE (%)
9.133195877075195,2.424567699432373,9.444513320922852,2.4004390239715576,9.433781623840332,2.4353268146514893,9.460612000000001
8.829014778137207,1.8194023370742798,8.456381797790527,1.8286620378494263,8.547998428344727,1.8176990747451782,8.719230000000001
9.61375617980957,1.865377426147461,9.383336067199707,1.960732102394104,9.497477531433105,1.943456768989563,9.993720000000001
9.012158393859863,2.1831185817718506,9.212400436401367,2.125513792037964,9.36404800415039,2.1542184352874756,7.7705980000000014
6.425251007080078,2.4480032920837402,6.989395618438721,2.4579920768737793,6.831476211547852,2.4482171535491943,7.822311
8.532793998718262,2.5232036113739014,4.793676376342773,1.7101936340332031,4.7314629554748535,1.7955348491668701,8.3600286
8.772380828857422,2.5829739570617676,8.380247116088867,1.8337197303771973,8.725448608398438,1.717259407043457,3.84115296
9.311888694763184,2.4251601696014404,9.64754581451416,2.415459156036377,9.292192459106445,2.3967418670654297,9.544639499999999
9.239792823791504,2.218170642852783,9.670530319213867,2.1908109188079834,9.323339462280273,2.195110559463501,10.495575
8.481328964233398,2.493640422821045,8.669112205505371,2.5126991271972656,8.19567584991455,2.506324052810669,6.430406400000001
8.845308303833008,2.0201234817504883,8.914688110351562,1.1613743305206299,8.843133926391602,1.1679943799972534,10.36608624
8.289430618286133,2.6838738918304443,8.342638969421387,2.6970834732055664,8.393095970153809,2.734968423843384,5.901263939999999
5.264116287231445,1.1906368732452393,6.6574320793151855,2.262540102005005,5.279620170593262,1.1570738554000854,4.928609400000001
7.7824859619140625,2.2455062866210938,7.7564616203308105,2.3705265522003174,7.870774745941162,2.238050937652588,11.084802
8.598380088806152,2.282219171524048,8.235681533813477,2.274956703186035,8.515487670898438,2.2185745239257812,6.908087999999999
8.52092170715332,2.088899850845337,8.584671020507812,2.1454498767852783,8.195541381835938,2.1526546478271484,9.300071149999997
9.55119800567627,2.366401195526123,8.943185806274414,2.343099594116211,10.254220962524414,2.6280486583709717,11.051162999999999
10.369941711425781,2.2076966762542725,10.93724250793457,2.198270082473755,10.480691909790039,2.318240165710449,9.917052
8.294108390808105,2.3757152557373047,8.335205078125,2.4080398082733154,8.194500923156738,2.4533917903900146,10.353111999999998
11.084330558776855,2.2750861644744873,11.069602966308594,2.1684703826904297,11.061155319213867,2.346447229385376,8.2777
10.564979553222656,2.0065133571624756,10.567538261413574,1.945042371749878,10.748793601989746,1.9810867309570312,10.936944
9.437052726745605,2.4598708152770996,9.578226089477539,2.320488214492798,9.483266830444336,2.2964553833007812,8.237829600000001
8.783591270446777,2.4053595066070557,8.481961250305176,2.3894567489624023,8.662755966186523,2.3901398181915283,10.11262
8.388861656188965,2.446760654449463,8.691433906555176,2.4048593044281006,8.263853073120117,2.519685983657837,9.672
8.806482315063477,2.34753680229187,8.375941276550293,2.3375539779663086,7.630429744720459,2.48624849319458,10.276872000000001
9.508182525634766,2.4046630859375,8.833826065063477,2.36784029006958,9.313995361328125,2.4673686027526855,8.20379648
8.794201850891113,2.468644857406616,8.27962589263916,2.5020651817321777,8.438411712646484,2.424894332885742,13.178127060000001
10.961000442504883,1.699804663658142,11.531914710998535,1.5454952716827393,11.486749649047852,1.4964112043380737,11.63215872
11.229490280151367,1.636925220489502,11.53610610961914,1.266970157623291,11.392434120178223,1.1726434230804443,12.540081960000002
9.138296127319336,2.31072735786438,9.240976333618164,2.2920148372650146,8.866715431213379,2.236415386199951,6.51821226
8.520615577697754,2.352607488632202,8.848588943481445,2.386422634124756,8.769411087036133,2.379690170288086,4.865558999999999
7.7960991859436035,2.053515672683716,7.709908485412598,2.3101344108581543,7.716536998748779,2.1068785190582275,9.318725999999998
7.294743537902832,1.8839665651321411,7.495808124542236,1.9067972898483276,6.890300750732422,1.9676575660705566,5.5316334
6.904399871826172,1.5994528532028198,6.705249786376953,1.71827232837677,6.504462242126465,1.5357013940811157,8.97264914
9.908784866333008,1.097517967224121,9.714592933654785,1.5323915481567383,9.70083999633789,1.4206844568252563,9.53720796
10.456053733825684,1.3658982515335083,10.227651596069336,1.523258090019226,10.271475791931152,1.2109225988388062,10.568160593999998
9.861467361450195,1.7564698457717896,9.980908393859863,1.6716842651367188,9.61589527130127,1.7598187923431396,11.78094696
10.42121410369873,2.2800300121307373,9.591058731079102,2.3079638481140137,10.051091194152832,2.230468511581421,8.238703999999998
7.777904033660889,1.4445013999938965,7.871696472167969,1.7548185586929321,7.9149088859558105,1.474074125289917,9.087398528000001
8.428056716918945,1.833036184310913,8.414824485778809,1.7892683744430542,8.50084114074707,1.7296348810195923,7.363722744
8.455302238464355,1.8487775325775146,7.598701477050781,2.1351497173309326,8.31552791595459,1.8475589752197266,7.506893632000001
9.553671836853027,1.7065086364746094,8.83659839630127,2.304868698120117,9.560467720031738,1.688029170036316,10.601350199999999
10.271917343139648,1.7783089876174927,9.339325904846191,2.3783252239227295,10.80910873413086,1.787772297859192,11.04096096
6.527465343475342,2.4661028385162354,7.057748794555664,2.490739345550537,6.996208190917969,2.4400711059570312,9.849319999999999
5.596860885620117,2.621896266937256,6.634962558746338,2.6250665187835693,5.573172569274902,2.6712799072265625,5.77912
6.82728385925293,2.626885175704956,6.110966682434082,2.659144878387451,6.359680652618408,2.7399158477783203,2.4616399999999996
8.868664741516113,1.7281715869903564,9.380587577819824,1.7541358470916748,9.176374435424805,1.7992326021194458,9.348453000000001
9.794682502746582,1.909637689590454,9.294183731079102,1.8938275575637817,9.49136734008789,1.9208533763885498,10.123391999999999
8.12683391571045,2.5096499919891357,8.614331245422363,2.543877601623535,8.610570907592773,2.4436428546905518,8.252400000000002
7.803319931030273,1.9118261337280273,8.048901557922363,2.0351498126983643,7.726999282836914,1.8831753730773926,7.1829868
9.613371849060059,2.2452871799468994,10.533479690551758,1.8686881065368652,10.77538776397705,1.8142749071121216,9.177245999999998
9.180747985839844,1.868420958518982,9.473191261291504,1.8310120105743408,9.120024681091309,1.9265670776367188,8.580641300000002
9.851553916931152,2.3310797214508057,9.239870071411133,1.9328052997589111,9.235737800598145,1.8923661708831787,11.670590099999998
10.079584121704102,1.9355133771896362,10.027647972106934,2.0132153034210205,10.171281814575195,1.9507092237472534,9.110344199999998
9.7710599899292,1.914821982383728,9.491292953491211,1.9241465330123901,9.754666328430176,1.992554783821106,11.468977599999999
9.728899955749512,1.8259836435317993,9.636229515075684,1.7643458843231201,9.702713012695312,1.7517242431640625,12.790932000000003
10.841567039489746,1.751531958580017,10.8637056350708,1.904670238494873,10.886882781982422,1.8178129196166992,9.4285842
7.090893268585205,2.3012661933898926,7.786693572998047,2.397223711013794,6.845134258270264,2.346623182296753,10.516506
10.633743286132812,2.2312111854553223,10.292821884155273,2.2151567935943604,10.703100204467773,2.194641590118408,10.4842
11.439972877502441,1.7266074419021606,11.688161849975586,1.6117511987686157,10.824606895446777,1.815453052520752,8.4118176
9.496475219726562,1.7820353507995605,9.704690933227539,1.7603408098220825,10.474053382873535,1.9997375011444092,12.227045400000002
8.79548454284668,2.6413586139678955,8.562467575073242,2.700591802597046,9.094976425170898,2.682201623916626,10.1240064
8.666674613952637,1.7280992269515991,8.85843563079834,1.64596426486969,9.459296226501465,1.7791796922683716,8.878779360000001
9.097344398498535,1.53690505027771,9.136899948120117,1.4867764711380005,8.888875961303711,1.4755486249923706,12.099955641
11.063724517822266,1.641830325126648,11.109634399414062,1.5214412212371826,11.362569808959961,1.5970414876937866,9.045819782999999
9.890704154968262,2.2171733379364014,9.970547676086426,2.223483085632324,10.189885139465332,2.157355546951294,10.740847364
8.18375015258789,2.196938991546631,9.06248664855957,2.3138225078582764,8.18764591217041,2.251147747039795,9.384360299999999
8.133259773254395,2.3782637119293213,7.749980449676514,2.3078083992004395,7.736983776092529,2.3281712532043457,6.530448
9.887378692626953,2.193462371826172,8.956975936889648,2.018627405166626,9.838240623474121,2.2061309814453125,10.542214800000004
11.995514869689941,1.8424263000488281,12.027383804321289,1.8831197023391724,12.042129516601562,1.868716835975647,9.72349644
8.973672866821289,2.2395122051239014,9.346967697143555,1.9665899276733398,9.011506080627441,2.2614099979400635,7.423052120000001
10.842495918273926,1.9558756351470947,11.232257843017578,1.8347667455673218,10.98762035369873,1.741160273551941,10.379811
9.586936950683594,2.161870241165161,9.690450668334961,2.227508068084717,9.120074272155762,2.350706100463867,11.620002959999999
10.01032543182373,1.9710992574691772,10.35679817199707,2.0106189250946045,10.166938781738281,2.0575642585754395,12.054626064
8.943620681762695,2.4526331424713135,9.365501403808594,2.443235158920288,9.10554027557373,2.4056050777435303,10.22837361
9.8698091506958,2.0690104961395264,10.57522964477539,1.9513881206512451,9.357513427734375,2.246943950653076,10.71411201
10.959640502929688,2.174311399459839,11.000226974487305,2.1171205043792725,9.855119705200195,2.456085443496704,9.62428698
9.14953899383545,2.176614761352539,9.570229530334473,2.1837191581726074,9.34650993347168,2.457491159439087,11.627792208000002
9.527595520019531,2.3292744159698486,8.820650100708008,2.3781368732452393,8.55862808227539,2.2731008529663086,5.982101267999999
11.987051010131836,1.8339494466781616,12.104374885559082,1.5019357204437256,12.130637168884277,1.541715383529663,11.7332406
11.105279922485352,1.9217849969863892,10.302179336547852,1.773915410041809,10.940446853637695,1.8509987592697144,10.670289360000002
8.78560733795166,2.309231996536255,8.356243133544922,2.227585554122925,8.683692932128906,2.253859758377075,8.11350064
7.64150333404541,2.7720797061920166,7.7226338386535645,2.7926347255706787,8.168706893920898,2.776249647140503,5.84766
8.846290588378906,1.692445158958435,9.398268699645996,1.730743646621704,8.79820442199707,1.740796685218811,7.44651
8.77751636505127,2.0300514698028564,9.816301345825195,1.9538204669952393,9.615199089050293,2.0416762828826904,12.28689
8.300373077392578,2.3672025203704834,8.107918739318848,2.382507085800171,8.309864044189453,2.4481728076934814,6.6802046399999995
8.097450256347656,2.3758058547973633,8.722500801086426,2.3112101554870605,8.613469123840332,2.2307534217834473,8.90032572
8.853343963623047,2.53519606590271,8.996760368347168,2.4173712730407715,8.981382369995117,2.355079174041748,11.340302
11.50830364227295,1.8183530569076538,11.647960662841797,1.7339351177215576,11.665754318237305,1.6628636121749878,10.4118
12.445074081420898,1.2666763067245483,12.6099853515625,1.1167579889297485,11.273612976074219,1.4057358503341675,12.231311999999999
10.816916465759277,2.1984102725982666,10.459014892578125,2.267000198364258,10.852243423461914,2.248149871826172,10.638143999999999
11.667951583862305,1.4819120168685913,12.131684303283691,1.5184904336929321,12.127792358398438,1.4755715131759644,11.815584000000001
11.86372184753418,1.101889729499817,11.890875816345215,0.9919707179069519,11.273612976074219,1.4057358503341675,13.088015999999998
10.244278907775879,1.0209249258041382,10.545194625854492,1.1515507698059082,10.31550121307373,1.0718666315078735,11.21324498
12.037846565246582,2.12953782081604,11.33184814453125,2.141688585281372,11.726690292358398,2.0742244720458984,13.100947199999998
8.971120834350586,1.025193452835083,9.059211730957031,0.9265353679656982,9.11827564239502,0.9992430806159973,11.050767
2.7464232444763184,2.313201665878296,2.762831211090088,2.2536251544952393,4.174534320831299,2.543309450149536,2.7896960000000006
2.4989123344421387,2.026240825653076,2.2851266860961914,2.019758701324463,3.096698760986328,2.256451368331909,0.73593
1.465212345123291,2.0431747436523438,3.346726894378662,2.2523655891418457,1.3964848518371582,1.9463809728622437,0.5591700000000001
3.5292282104492188,2.428597927093506,4.895042419433594,2.609984874725342,3.3326516151428223,2.3630475997924805,0.128464
7.6940412521362305,2.614520788192749,7.668613910675049,2.6069586277008057,7.561244964599609,2.6167209148406982,7.145907499999999
9.668018341064453,1.1457334756851196,9.313176155090332,1.326511263847351,6.255226135253906,2.4194064140319824,9.93024
10.208120346069336,1.796741247177124,10.224480628967285,1.4752346277236938,10.444391250610352,1.4997233152389526,10.5927
9.350310325622559,1.8291277885437012,10.716880798339844,1.4987300634384155,9.793327331542969,1.9086917638778687,11.40189
6.675507068634033,2.4048233032226562,6.692811012268066,2.394191265106201,6.478780269622803,2.3946542739868164,4.9491
6.346282005310059,2.3305752277374268,6.520136833190918,2.3801732063293457,6.433606147766113,2.2686448097229004,8.418119999999998
7.027201175689697,2.4966228008270264,7.239947319030762,2.469663381576538,7.208353042602539,2.441701650619507,9.436521999999998
7.6512651443481445,2.258085250854492,7.0407304763793945,2.2780797481536865,7.147582530975342,2.2280783653259277,7.322315000000001
7.078484535217285,2.4358229637145996,6.466712474822998,2.4106221199035645,6.856017112731934,2.316859722137451,6.45873
9.549308776855469,2.339656114578247,9.808926582336426,2.262258529663086,10.294378280639648,2.3137307167053223,12.85872
8.80992603302002,1.8193260431289673,9.594647407531738,0.9559103846549988,9.493402481079102,1.1535601615905762,7.7479416
4.667998313903809,2.597519636154175,4.160663604736328,2.5730435848236084,5.089603424072266,2.5733487606048584,4.630139999999999
4.695798397064209,2.591762065887451,4.702552795410156,2.608881950378418,4.83296012878418,2.5907652378082275,3.530982
5.455538749694824,2.8029656410217285,5.145414352416992,2.7066233158111572,5.401997089385986,2.846161127090454,4.023269
4.710434436798096,2.721269130706787,4.989784240722656,2.6796844005584717,5.354980945587158,2.6353485584259033,6.11226
7.216351509094238,2.4488584995269775,8.059976577758789,2.1270148754119873,8.369157791137695,2.0899317264556885,3.1212293599999996
7.870285987854004,2.4601523876190186,5.90388298034668,2.0894722938537598,5.759305477142334,2.2134902477264404,10.2120896
6.218841552734375,2.0472681522369385,6.297505855560303,2.0179784297943115,5.981850624084473,2.0829789638519287,5.65161
9.904935836791992,2.013211727142334,9.777073860168457,1.8444690704345703,9.646466255187988,1.784548044204712,9.808524
5.658878326416016,2.806124687194824,5.712862014770508,2.820582628250122,6.200080871582031,2.730313777923584,1.134336
7.422224998474121,2.872596263885498,7.61522102355957,2.878239631652832,7.505023956298828,2.911529302597046,4.173312
6.308905601501465,2.013460874557495,6.737679481506348,2.0416557788848877,6.297779083251953,2.0199332237243652,2.2790239999999997
6.342530727386475,2.0712642669677734,7.298559665679932,2.0345559120178223,7.497142791748047,2.060274839401245,9.555408
8.276009559631348,1.9798592329025269,8.790088653564453,1.867050051689148,8.688651084899902,1.943398118019104,8.0884104
10.699007034301758,1.9336508512496948,10.627805709838867,1.7807132005691528,10.995433807373047,1.8563286066055298,11.965271999999999
4.856232166290283,2.5363147258758545,4.699619770050049,2.5159752368927,4.904536247253418,2.4976093769073486,6.2819082
9.356310844421387,2.099853038787842,10.220792770385742,1.9904450178146362,9.150918006896973,2.1454498767852783,11.61756
6.115800857543945,1.326816201210022,5.12266731262207,1.1198431253433228,5.437752723693848,1.237565040588379,9.3147548
6.976879119873047,1.1993921995162964,9.399434089660645,1.2888802289962769,7.023982524871826,1.247201681137085,4.936456000000001
5.967593193054199,1.3139880895614624,9.414911270141602,1.3488091230392456,7.2217020988464355,1.2364460229873657,4.168258
6.951711177825928,2.2267401218414307,7.5759172439575195,2.1820709705352783,6.515611171722412,2.1939938068389893,6.393919999999999
9.038195610046387,1.8289260864257812,8.828662872314453,1.943474531173706,8.641021728515625,1.931496024131775,8.74764
9.356843948364258,1.60814368724823,8.967641830444336,1.3440238237380981,9.075787544250488,1.3466202020645142,9.531600000000001
8.87259578704834,1.5567333698272705,9.128704071044922,1.7573966979980469,9.238638877868652,1.655877947807312,9.452520000000002
9.308314323425293,1.6101549863815308,9.309611320495605,1.5302903652191162,9.307353019714355,1.424101710319519,8.765250000000002
10.183710098266602,1.2390109300613403,10.405555725097656,0.8985289335250854,10.314722061157227,1.1466941833496094,9.927132149999998
10.54770278930664,2.043985366821289,10.257503509521484,2.031186819076538,10.613825798034668,1.9158869981765747,11.565134100000002
9.868736267089844,1.3882805109024048,10.134330749511719,1.2232110500335693,9.75755786895752,1.227897047996521,10.411833600000001
12.325847625732422,2.1673099994659424,12.412267684936523,2.319575548171997,12.292262077331543,2.163763999938965,13.173198000000001
13.123201370239258,1.4834061861038208,13.196520805358887,1.6789520978927612,13.176226615905762,1.622103214263916,12.914597520000001
7.20828914642334,2.3397765159606934,7.6917338371276855,2.3641886711120605,7.740794658660889,2.3448944091796875,9.024096
5.123682022094727,2.139191150665283,4.95423698425293,2.2338740825653076,5.3515424728393555,2.211613893508911,6.0047999999999995
5.718544006347656,2.3165879249572754,5.51810359954834,2.3283731937408447,5.562880992889404,2.2911908626556396,5.7015199999999995
4.431994915008545,2.603727340698242,4.475876331329346,2.59806752204895,5.337451934814453,2.576159715652466,4.1069700000000005
6.778421878814697,2.155484437942505,6.0285162925720215,2.112700939178467,6.940232276916504,2.09136962890625,6.4048248
0.6451129913330078,1.7025554180145264,2.204153060913086,1.5203795433044434,1.6635932922363281,1.4180101156234741,3.9339000000000004
3.3811845779418945,1.5732574462890625,2.8354010581970215,1.5688053369522095,3.843172073364258,1.6148720979690552,0.794325
2.637650489807129,2.094805955886841,3.3948936462402344,2.0918962955474854,4.502894401550293,2.2127838134765625,2.16216
9.198493003845215,1.9251158237457275,9.713186264038086,1.930327296257019,8.895161628723145,2.1076645851135254,10.23797382
0.9159965515136719,1.649765133857727,2.496419906616211,1.4342434406280518,2.476081371307373,1.4656938314437866,2.85692
5.462965488433838,2.663038730621338,4.888207912445068,2.583029270172119,4.732678413391113,2.520876407623291,0.73515
9.916715621948242,1.635849118232727,10.419669151306152,1.7158457040786743,10.015625953674316,1.5136550664901733,7.485931529999999
9.405478477478027,1.5007740259170532,9.42672061920166,1.5030300617218018,9.16049575805664,1.5716423988342285,9.933880610000001
10.26417350769043,1.3224033117294312,10.642762184143066,1.389371395111084,10.456162452697754,1.508981704711914,10.592262239999998
10.968722343444824,1.1316237449645996,11.181599617004395,1.1565107107162476,11.16551399230957,1.4372258186340332,11.22889392
9.034972190856934,2.1262664794921875,9.062335014343262,2.1395914554595947,8.923086166381836,2.1190850734710693,7.0660928
10.00345230102539,1.9609421491622925,10.832120895385742,1.9401485919952393,10.651002883911133,1.909952163696289,10.8679168
10.195982933044434,2.188929796218872,10.221487045288086,1.9998574256896973,10.04782772064209,1.9649384021759033,10.157541199999997
4.382182598114014,2.4577362537384033,4.554539203643799,2.442044973373413,4.715641975402832,2.4196784496307373,3.920931
3.9090490341186523,1.8489930629730225,6.652308464050293,2.082361936569214,3.9208855628967285,1.9873998165130615,7.856800000000001
6.616891384124756,2.5479061603546143,6.78972053527832,2.533059597015381,7.300721168518066,2.5119526386260986,4.866750000000001
8.000127792358398,2.068678617477417,7.354929447174072,2.3989040851593018,8.124776840209961,2.1006979942321777,1.8057600000000003
8.797653198242188,2.4857518672943115,7.431189060211182,2.7408270835876465,8.52225399017334,2.535269260406494,9.951
6.939940452575684,2.416862964630127,7.018612861633301,2.3584351539611816,7.201455116271973,2.47084641456604,8.7738066
9.320788383483887,2.40020751953125,9.359305381774902,2.4077320098876953,9.440448760986328,2.369894027709961,6.302529
10.04073429107666,1.3536897897720337,10.180398941040039,1.1092804670333862,9.189969062805176,1.3724194765090942,9.9921752
10.273160934448242,1.3651251792907715,10.19007682800293,1.4325703382492065,10.276054382324219,1.4161847829818726,9.214797410000001
9.682596206665039,1.264514446258545,9.440738677978516,1.4504544734954834,9.096116065979004,1.557283639907837,11.045115200000001
6.97981071472168,2.8789076805114746,7.042489051818848,2.7541091442108154,7.4194536209106445,2.693573236465454,3.0956159999999997
10.066530227661133,2.053424835205078,9.57611083984375,2.245939254760742,9.778374671936035,2.1450672149658203,11.208252
9.842144966125488,2.2569355964660645,9.5784330368042,2.452629804611206,9.882455825805664,2.331566572189331,11.250312
9.46533489227295,2.3161556720733643,9.458630561828613,2.4019486904144287,9.372182846069336,2.438159942626953,10.302952
10.05727481842041,2.2497787475585938,10.157621383666992,2.190976619720459,10.129566192626953,2.3092727661132812,8.428600000000001
10.195388793945312,1.6149120330810547,10.425865173339844,1.3741910457611084,10.077760696411133,1.4469751119613647,10.42635
8.908316612243652,1.498862624168396,8.654242515563965,1.5482746362686157,9.002755165100098,1.601901650428772,6.340881
9.576830863952637,2.083357572555542,9.926528930664062,2.0443947315216064,9.772123336791992,2.066051483154297,11.901117000000001
8.796698570251465,1.507233738899231,8.514422416687012,1.4663928747177124,8.585329055786133,1.4768227338790894,10.804248
8.79226016998291,1.5282211303710938,9.148082733154297,1.5670210123062134,8.035465240478516,1.5606272220611572,7.897344
11.269645690917969,1.7547662258148193,11.445442199707031,1.7593680620193481,10.754565238952637,1.6809946298599243,9.589632
11.592116355895996,1.6048173904418945,10.452564239501953,1.6745059490203857,10.962636947631836,1.5329698324203491,10.942559999999999
10.18940544128418,1.7645901441574097,9.322988510131836,1.607256531715393,9.531627655029297,1.71656334400177,10.6104196
10.176000595092773,1.835510492324829,10.148584365844727,1.6877673864364624,10.502346992492676,1.726137399673462,9.0216104
9.30053997039795,1.6300380229949951,9.831921577453613,1.24941086769104,7.831984996795654,2.3074820041656494,11.1317904
9.43580150604248,1.7223341464996338,10.910444259643555,1.4353607892990112,9.847417831420898,1.8236067295074463,11.280827039999998
10.75744915008545,1.7771543264389038,10.920777320861816,1.6546814441680908,10.89856243133545,1.7248636484146118,12.029704959999998
6.504073619842529,2.161320209503174,6.882006645202637,2.101353406906128,5.942056655883789,2.355782985687256,5.705775
4.358625888824463,1.1434743404388428,4.40922737121582,1.1879810094833374,4.411627292633057,1.1683202981948853,4.055846400000001
4.916845321655273,0.9963255524635315,4.928217887878418,0.9751340746879578,5.023584365844727,1.2701085805892944,4.641213199999999
5.926020622253418,2.0919229984283447,6.1009297370910645,2.1553280353546143,6.027126789093018,2.175940990447998,4.0789224
7.842972755432129,2.281374216079712,7.8758769035339355,2.332699775695801,7.673668384552002,2.2740750312805176,8.516956799999999
6.231513977050781,2.198686361312866,6.476784706115723,2.1528937816619873,6.049107074737549,2.150941848754883,3.16396
6.166567325592041,1.7561116218566895,6.301119327545166,1.721859335899353,6.518395900726318,1.942897915840149,6.308879999999999
5.915728569030762,2.3741250038146973,5.989188194274902,2.3878328800201416,5.484860897064209,2.4106616973876953,5.484154200000001
6.663386344909668,2.3408846855163574,6.187795639038086,2.335874319076538,6.594088077545166,2.2861099243164062,6.55757802
7.817017555236816,2.156144857406616,7.603010177612305,2.1619367599487305,7.66610050201416,2.1536965370178223,9.02125332
7.987066268920898,2.1944634914398193,7.537461757659912,2.2321958541870117,7.989737510681152,2.261504650115967,7.399899019999999
8.582581520080566,2.167473077774048,7.8874735832214355,2.230194091796875,8.197833061218262,2.1807777881622314,11.378487999999999
9.467002868652344,2.4301042556762695,9.548473358154297,2.4096767902374268,9.585466384887695,2.446216583251953,2.186319
7.582831382751465,2.4236068725585938,8.061593055725098,2.4851410388946533,7.664854049682617,2.3908865451812744,6.469785
7.960267066955566,2.1059978008270264,8.02595043182373,2.0467679500579834,7.782896518707275,2.1049280166625977,12.432
10.214142799377441,2.011592388153076,10.103787422180176,2.032858371734619,9.966487884521484,1.9644979238510132,5.59
5.607396602630615,2.3437564373016357,6.1663994789123535,2.340294361114502,5.856921195983887,2.2686386108398438,3.9902407999999996
9.291882514953613,2.6271321773529053,10.389091491699219,2.475800037384033,10.351073265075684,2.42514967918396,13.582782780000002
10.58639907836914,1.5368050336837769,9.445676803588867,1.8466241359710693,10.208276748657227,1.57241952419281,9.80232
9.667798042297363,1.3859440088272095,9.530647277832031,1.6902086734771729,9.62881088256836,1.4588905572891235,10.990275
6.810871601104736,2.655139446258545,7.470110893249512,2.687431573867798,8.179859161376953,2.6215908527374268,9.507456000000003
7.40015983581543,1.669729232788086,7.597234725952148,1.6283212900161743,7.682653903961182,1.6084942817687988,3.37735008
5.696006774902344,1.7460800409317017,5.2603864669799805,1.6795639991760254,6.040330410003662,1.7534905672073364,9.03449088
5.91924524307251,2.457984685897827,5.538559436798096,2.389894723892212,6.164764404296875,2.5454816818237305,5.995697000000001
3.919689655303955,2.6476502418518066,2.3186841011047363,2.498544454574585,2.856205940246582,2.5785391330718994,1.2547180799999997
5.035210132598877,2.300649881362915,5.281715393066406,2.3038275241851807,5.543295860290527,2.2409567832946777,7.634275
7.330317974090576,2.463162422180176,7.589113235473633,2.880146026611328,7.230508327484131,2.483182430267334,4.894343999999999
6.482859134674072,2.445685386657715,7.775337219238281,2.849576234817505,6.426229953765869,2.443608522415161,6.94008
5.293486595153809,2.5004043579101562,5.232123374938965,2.521329164505005,5.480443954467773,2.5267834663391113,3.0821376
4.623188018798828,2.357225179672241,5.9066572189331055,2.389376640319824,4.598291397094727,2.299043655395508,1.4142348799999997
5.543817520141602,2.299562454223633,6.642759323120117,2.3856236934661865,5.286959648132324,2.263758420944214,1.4369268
8.984319686889648,2.059133768081665,8.837456703186035,1.9679423570632935,9.748976707458496,2.5937232971191406,6.400184
7.313849925994873,2.0190212726593018,7.854329586029053,2.0337133407592773,9.903095245361328,2.5910909175872803,8.620560000000001
4.676856994628906,2.394341468811035,4.437814712524414,2.402252674102783,4.591017723083496,2.416266441345215,1.03917
4.352568626403809,2.143157720565796,4.380253314971924,2.1617140769958496,4.217404842376709,2.1437642574310303,3.551912
4.0409369468688965,2.5008246898651123,4.467474937438965,2.4418389797210693,4.834476470947266,2.444800853729248,5.310624000000001
9.605448722839355,1.9259105920791626,9.297560691833496,1.8703099489212036,9.719376564025879,1.8950153589248657,11.056268855999997
9.60568904876709,2.408027172088623,9.883502960205078,2.395901918411255,9.94958782196045,2.5175223350524902,12.113411200000002
5.823636531829834,2.3443381786346436,6.652461528778076,1.9672220945358276,7.160632610321045,1.9896360635757446,8.315999999999999
6.1592206954956055,2.5781538486480713,9.051544189453125,1.9890034198760986,9.002228736877441,1.9960500001907349,8.664
7.636175155639648,2.3677334785461426,7.970678329467773,2.308966875076294,7.630881309509277,2.2921926975250244,9.542925
9.282376289367676,1.894205093383789,9.320008277893066,1.9890596866607666,9.424179077148438,1.7630901336669922,9.8046
9.786091804504395,1.923368215560913,9.757524490356445,1.5189671516418457,10.205196380615234,1.8127597570419312,10.01583
10.011768341064453,2.1285629272460938,10.106670379638672,1.573228120803833,10.061842918395996,1.9695229530334473,9.394
7.199980735778809,2.487952947616577,7.536853313446045,2.5086464881896973,7.429213523864746,2.450315237045288,10.03632
8.846902847290039,2.0865769386291504,10.0779447555542,1.3089724779129028,10.143775939941406,1.277923583984375,8.706425000000001
8.514307022094727,1.8802257776260376,9.712488174438477,1.8759485483169556,9.878210067749023,1.813897728919983,9.982505879999998
9.236440658569336,1.9745595455169678,9.21812915802002,2.060096025466919,9.418277740478516,2.0643835067749023,7.638631
9.593215942382812,2.0762016773223877,9.831501007080078,2.034191608428955,9.853412628173828,1.955666184425354,8.5768713
9.267202377319336,2.2674365043640137,8.498908042907715,2.136277437210083,8.756451606750488,2.1634318828582764,10.04132825
8.17454719543457,2.639176368713379,8.102290153503418,2.7119736671447754,7.9274725914001465,2.6812610626220703,11.808629999999999
8.173808097839355,2.6499648094177246,7.322068214416504,2.8185925483703613,8.313457489013672,2.6047303676605225,10.361952000000002
7.157514572143555,2.55759859085083,6.143131256103516,2.7115859985351562,7.072885513305664,2.501142978668213,9.4932
8.221978187561035,1.3034783601760864,6.027120590209961,1.8470956087112427,8.461596488952637,1.067862629890442,8.198352
8.61223030090332,1.9833781719207764,8.289341926574707,1.979116439819336,8.006522178649902,2.0420565605163574,5.466912000000001
4.898871898651123,2.4407386779785156,4.873579978942871,2.4787039756774902,4.868577003479004,2.430778980255127,5.379385999999999
5.149454116821289,0.989648699760437,5.146475315093994,0.9656103253364563,5.059898376464844,1.2502137422561646,5.24076
4.4086174964904785,1.3415908813476562,4.446332931518555,0.9716823101043701,3.6844892501831055,2.3999876976013184,4.5018
10.574819564819336,1.5903568267822266,11.244625091552734,1.3023371696472168,11.031891822814941,1.3489538431167603,11.359114159999999
4.511037349700928,2.4501068592071533,4.366511344909668,2.3783388137817383,4.222818851470947,2.471135139465332,5.096876399999999
11.219032287597656,1.3327088356018066,11.064737319946289,1.3609098196029663,7.936767101287842,2.3169167041778564,10.0084248
9.299068450927734,2.3074443340301514,8.965051651000977,2.2908356189727783,8.94771671295166,2.2911500930786133,9.403641
7.845129013061523,2.727522373199463,7.901444435119629,2.777374267578125,7.844846725463867,2.748818874359131,7.183603999999999
4.762197017669678,2.3835909366607666,5.335960388183594,2.3968255519866943,5.5365705490112305,2.498162269592285,3.6590400000000005
6.096111297607422,1.8918951749801636,6.336421966552734,1.8880997896194458,6.1407928466796875,1.9843684434890747,5.0505
5.883938789367676,2.0552046298980713,6.031562805175781,2.074446678161621,6.097641944885254,2.049665689468384,6.90432
6.176723480224609,1.6272648572921753,6.2007880210876465,1.6880693435668945,6.284795761108398,1.9899924993515015,5.72565
11.076261520385742,1.4241100549697876,11.033674240112305,1.4835209846496582,11.163851737976074,1.4024556875228882,12.049296
11.819901466369629,1.5299186706542969,11.781553268432617,1.457944631576538,11.826455116271973,1.5354962348937988,11.285833599999998
8.588066101074219,1.541683554649353,8.525778770446777,1.3489731550216675,8.419610977172852,1.4316816329956055,7.2401399999999985
7.676568984985352,1.4709528684616089,7.632564544677734,1.5235060453414917,7.653146743774414,1.472204566001892,7.792199999999999
8.845804214477539,2.03326678276062,8.284333229064941,2.1259450912475586,8.613923072814941,2.022087812423706,9.020416
7.986732482910156,2.4527814388275146,7.842274188995361,2.4629900455474854,8.145418167114258,2.4647200107574463,8.66592
10.331171989440918,2.3122477531433105,10.416238784790039,2.276465654373169,10.617737770080566,2.257211685180664,9.589395199999998
7.356409072875977,1.478822946548462,7.64400053024292,1.3853670358657837,7.53098726272583,1.4509145021438599,6.153108159999999
7.046226501464844,1.2063814401626587,7.1541314125061035,1.2726690769195557,7.06707239151001,1.233920931816101,7.2549301859999975
7.6389594078063965,1.5702224969863892,7.6758246421813965,1.4204190969467163,7.6845550537109375,1.4118611812591553,6.731430584999999
8.004717826843262,1.9644825458526611,10.193595886230469,1.6535471677780151,10.297372817993164,1.643531084060669,10.044617786
8.415904998779297,2.3419644832611084,9.982229232788086,1.9089394807815552,9.83541202545166,1.8585302829742432,12.971788335000001
9.62503719329834,2.5966696739196777,10.046466827392578,2.6414475440979004,9.736254692077637,2.6039462089538574,11.907
10.673455238342285,1.7691386938095093,11.062389373779297,1.748357892036438,11.464469909667969,1.6463992595672607,12.096314639999997
10.782007217407227,1.1075576543807983,10.755095481872559,0.9218963384628296,10.756378173828125,1.0177640914916992,10.01843928
8.885937690734863,2.234724521636963,9.730720520019531,1.775119662284851,9.6764554977417,1.6865729093551636,10.488410240000002
9.978723526000977,2.2368924617767334,11.007983207702637,1.835845708847046,11.055997848510742,1.8064454793930054,11.5174409
7.95492696762085,2.4158952236175537,8.08378791809082,2.4146528244018555,8.29620361328125,2.3927505016326904,7.134399999999999
6.831062316894531,2.3266146183013916,6.534699440002441,2.263120651245117,7.604244232177734,2.2936594486236572,8.437960160000001
5.4351420402526855,2.163712501525879,5.751967430114746,2.1751720905303955,5.401384353637695,2.2549924850463867,5.705370000000001
6.352330684661865,2.407027244567871,6.362517356872559,2.4001612663269043,6.188863754272461,2.5233662128448486,4.777893119999999
9.247363090515137,1.7491040229797363,10.186474800109863,1.859462022781372,9.065114974975586,1.772972822189331,8.544853799999999
9.385451316833496,2.2036845684051514,8.910103797912598,2.2529730796813965,9.007291793823242,2.2758030891418457,11.00232
9.461005210876465,2.130760431289673,9.71082592010498,1.913573980331421,9.83991813659668,1.9253935813903809,8.4483
11.0486421585083,2.018717050552368,10.672504425048828,1.8352341651916504,10.469118118286133,1.8134163618087769,11.182499999999997
6.508955478668213,1.7419103384017944,5.9931254386901855,1.6700700521469116,5.423199653625488,1.797057867050171,7.128575999999999
8.085948944091797,1.9505811929702759,7.923928260803223,1.9439911842346191,7.254634380340576,2.0399110317230225,9.224215000000001
8.368606567382812,1.3816440105438232,7.8502302169799805,1.167306900024414,7.892725467681885,1.3101245164871216,8.62775925
8.471395492553711,1.4510135650634766,8.308399200439453,1.6299099922180176,8.532891273498535,1.3498152494430542,8.880458579999999
8.91614055633545,1.3596936464309692,8.407218933105469,1.6205545663833618,8.967657089233398,1.4061654806137085,8.610888
10.175676345825195,1.328928828239441,9.655484199523926,1.340502381324768,9.300236701965332,1.3261852264404297,8.096874239999998
8.230547904968262,1.9148818254470825,8.225150108337402,1.9416879415512085,6.348234176635742,2.1767828464508057,7.0041
11.308999061584473,2.1556742191314697,10.742697715759277,2.146674633026123,11.506260871887207,2.139883518218994,10.971915
11.25395393371582,2.2893993854522705,11.486035346984863,2.245323896408081,11.234823226928711,2.3598010540008545,12.752040000000001
10.71181869506836,1.4124844074249268,10.763484001159668,1.4535319805145264,10.989511489868164,1.5642956495285034,9.036288
9.680153846740723,1.697616696357727,8.271587371826172,1.5390071868896484,9.807847023010254,1.8082256317138672,10.424980000000001
13.480245590209961,1.4672493934631348,13.739045143127441,1.4508599042892456,13.755386352539062,1.4271217584609985,13.594880000000002
12.47134780883789,1.685874581336975,12.532417297363281,1.6188527345657349,12.803043365478516,1.639067530632019,12.66915
13.12413215637207,1.6532857418060303,13.055521011352539,1.5741773843765259,13.097445487976074,1.6288429498672485,14.286636
12.42475700378418,1.7055704593658447,12.567903518676758,1.6728858947753906,12.531681060791016,1.6701699495315552,13.192794000000001
11.96170711517334,1.7873839139938354,12.100384712219238,1.730539083480835,12.035987854003906,2.3354787826538086,11.497472
11.006916046142578,2.3399734497070312,10.934168815612793,2.3953309059143066,11.040718078613281,2.260985851287842,14.186160000000001
10.938822746276855,1.9581115245819092,11.037327766418457,1.9102470874786377,11.074712753295898,2.4917521476745605,11.1997464
9.462518692016602,2.520078182220459,9.88790512084961,2.5278003215789795,10.535928726196289,2.4444947242736816,14.131748550000001
9.523123741149902,2.6955904960632324,10.44784927368164,2.706070899963379,10.029190063476562,2.6332128047943115,15.707251999999999
9.143028259277344,2.0791146755218506,8.4265775680542,2.1382198333740234,8.81875991821289,2.150975465774536,11.619921
8.996837615966797,2.2030582427978516,9.168793678283691,2.106076717376709,9.880179405212402,2.1892075538635254,11.320529709999999
11.11063003540039,1.9895039796829224,11.335368156433105,1.9343490600585938,11.324481964111328,1.8790819644927979,12.316758749999998
12.028679847717285,1.1995701789855957,11.703288078308105,1.4463133811950684,12.12099838256836,1.4311408996582031,11.413477306999999
11.850151062011719,1.5568262338638306,11.4906587600708,1.4921658039093018,11.572662353515625,1.5293030738830566,10.453783896000001
10.318421363830566,1.16853928565979,10.131636619567871,1.1159929037094116,10.468927383422852,1.203168272972107,11.0432385
12.51211166381836,1.7335039377212524,12.197279930114746,1.7560889720916748,12.033012390136719,1.7909826040267944,13.32656
10.31618595123291,1.9398102760314941,10.329298973083496,2.0495827198028564,10.367076873779297,2.095916509628296,10.637270000000001
9.743019104003906,1.8751986026763916,9.896036148071289,1.829358696937561,9.5081148147583,1.7985203266143799,8.35549632
8.361472129821777,1.787310242652893,8.057306289672852,1.7868471145629883,8.272085189819336,1.7924525737762451,10.34071701
8.830536842346191,2.254741668701172,9.392077445983887,2.239441156387329,11.39714241027832,1.9028397798538208,13.490254799999999
8.690099716186523,2.5244762897491455,9.525768280029297,2.5007169246673584,12.234710693359375,2.0647711753845215,13.407524800000001
11.268321990966797,2.1364586353302,11.532747268676758,1.898856520652771,11.488818168640137,1.8647133111953735,3.7335059999999998
10.23747730255127,2.238067865371704,6.377749919891357,2.0557169914245605,6.408666133880615,2.011195659637451,9.5413248
8.358978271484375,2.1416079998016357,8.276732444763184,2.1381564140319824,8.426654815673828,2.1481876373291016,2.2193324999999997
6.582971096038818,2.0730111598968506,6.417201995849609,2.1813547611236572,6.5944623947143555,2.123732805252075,7.060979199999999
8.699633598327637,2.1981475353240967,9.09029769897461,2.193777561187744,8.544669151306152,2.1217169761657715,7.272082999999999
11.15264892578125,2.532590389251709,10.90654182434082,2.400888681411743,10.428289413452148,2.4562366008758545,11.7838662
6.606866836547852,2.569812297821045,6.5261616706848145,2.5923757553100586,6.539443016052246,2.551119327545166,0.0693
4.758687973022461,2.4965710639953613,4.154662609100342,2.4940736293792725,3.9453182220458984,2.5910186767578125,8.60292
6.712699890136719,2.5957727432250977,6.842944145202637,2.5976765155792236,6.820583343505859,2.585228443145752,1.2104
8.658956527709961,2.2587826251983643,8.605414390563965,2.2755565643310547,6.107748985290527,2.0250327587127686,5.81529
8.587457656860352,2.384835720062256,8.57627010345459,2.40763783454895,6.601017475128174,2.0933868885040283,3.4086749999999997
9.402630805969238,2.5406758785247803,9.165616035461426,2.6050617694854736,9.13389778137207,2.5610594749450684,13.313299999999998
7.915708541870117,2.4677939414978027,8.320882797241211,2.532771110534668,8.635920524597168,2.4916062355041504,12.570903
8.694849967956543,2.416917562484741,7.190104961395264,2.900970935821533,8.642409324645996,2.512460708618164,7.884864
7.665080547332764,2.410097599029541,7.30643367767334,2.8923585414886475,7.759829521179199,2.4386496543884277,9.756196
9.546738624572754,2.304393768310547,9.853804588317871,2.3090052604675293,9.756864547729492,2.2492432594299316,6.4464
12.550683975219727,2.1321120262145996,12.130345344543457,2.174636125564575,11.95213508605957,2.0548031330108643,9.67128
10.818713188171387,2.2761189937591553,10.793672561645508,2.262537956237793,10.742958068847656,2.1948652267456055,12.767040000000001
8.506121635437012,2.1622872352600098,8.62463092803955,2.148715019226074,8.78494644165039,2.217724323272705,2.137785
9.21069049835205,2.0411510467529297,9.161023139953613,1.986941933631897,6.763274192810059,2.2202820777893066,8.779008
6.875141620635986,1.9920514822006226,7.394230365753174,1.9510321617126465,6.512557029724121,2.1605262756347656,9.287168000000001
9.501307487487793,2.0946834087371826,9.80899429321289,2.136239528656006,9.756556510925293,2.10699462890625,8.175332
9.328080177307129,2.2781996726989746,9.908849716186523,2.3637747764587402,9.63161849975586,2.2880425453186035,9.89976
7.876080513000488,2.3488926887512207,8.076766014099121,2.3991827964782715,7.957676410675049,2.380384683609009,10.612877999999998
9.683717727661133,2.3721957206726074,9.772225379943848,2.3591346740722656,10.006766319274902,2.2852678298950195,6.14592
9.77278995513916,2.04782772064209,9.81772518157959,2.0694031715393066,9.840683937072754,2.1087605953216553,8.585681999999998
8.460983276367188,2.1517648696899414,8.539952278137207,2.0812389850616455,8.515478134155273,2.034230947494507,10.181600000000001
10.632298469543457,2.2448196411132812,11.335091590881348,2.172022581100464,11.156399726867676,2.106909990310669,6.193152
8.213757514953613,2.3586270809173584,8.817710876464844,2.2894339561462402,8.952045440673828,2.2702319622039795,11.710619999999999
5.478429317474365,2.781829595565796,4.366844177246094,2.6177420616149902,5.226954936981201,2.631958246231079,2.0896876
10.39437484741211,2.362867593765259,10.954896926879883,1.7238197326660156,11.099366188049316,1.7156260013580322,10.751094899999998
10.694520950317383,2.38368821144104,10.832832336425781,1.6986066102981567,10.449723243713379,1.8187522888183594,11.07572805
11.346519470214844,2.2576098442077637,11.42821979522705,2.1222567558288574,10.98532772064209,2.0617475509643555,10.51813874
11.033517837524414,2.454634666442871,10.210916519165039,2.33611798286438,10.571767807006836,2.346423864364624,10.979182499999999
9.790188789367676,2.1756629943847656,9.802305221557617,2.0569000244140625,9.065326690673828,2.337312936782837,10.719240000000001
11.58167839050293,1.7546006441116333,11.308578491210938,1.7926678657531738,10.411370277404785,2.3093721866607666,11.189592000000001
11.169384002685547,2.0688064098358154,11.0419282913208,2.0430314540863037,10.895476341247559,2.4353935718536377,12.0428
11.896318435668945,1.7851482629776,10.465078353881836,1.7329912185668945,11.184948921203613,1.7753130197525024,12.046689899999999
12.06351089477539,1.6784437894821167,12.569668769836426,1.6099770069122314,12.215452194213867,1.526661992073059,13.2516384
12.068714141845703,1.9843028783798218,12.119853019714355,2.04443097114563,12.873071670532227,2.003469705581665,11.66627308
9.264152526855469,1.798999309539795,9.501705169677734,2.0059027671813965,9.310757637023926,1.8516736030578613,11.127151488
10.420405387878418,1.6160491704940796,10.692551612854004,1.6235729455947876,10.504961967468262,1.6847082376480103,10.575153919999998
9.48635196685791,1.6800000667572021,9.426172256469727,1.6398602724075317,9.481484413146973,1.6401931047439575,10.221464880000001
10.951194763183594,2.196509838104248,11.01421070098877,2.1874923706054688,11.014488220214844,2.180506944656372,9.5874615
10.239778518676758,2.0005550384521484,10.44553279876709,2.0766594409942627,10.698184967041016,1.9910707473754883,11.149770730000002
8.30908489227295,2.377915859222412,8.029230117797852,2.3994178771972656,8.350404739379883,2.3140134811401367,9.9225
8.558148384094238,2.003478527069092,8.629190444946289,1.9098553657531738,9.472156524658203,2.5024662017822266,10.304448
9.994369506835938,1.946645736694336,10.211971282958984,1.9447174072265625,9.431632041931152,2.510610580444336,7.88242
5.982625484466553,2.469261407852173,5.495133399963379,2.4286983013153076,4.81369686126709,2.4017786979675293,0.9408586499999999
5.27042818069458,2.3897910118103027,5.101341724395752,2.404524803161621,5.4484453201293945,2.3781354427337646,1.32202785
6.5275726318359375,2.4634594917297363,5.191277503967285,2.474560260772705,5.32844352722168,2.424710512161255,1.7156598199999997
7.167065143585205,2.543797254562378,10.300352096557617,2.588541269302368,7.376601219177246,2.6457784175872803,11.5648896
10.815592765808105,2.4111623764038086,10.553741455078125,2.5699307918548584,10.982383728027344,2.3646910190582275,1.00616795
7.182520389556885,2.419633626937866,7.418331623077393,2.377840757369995,6.87589693069458,2.5192370414733887,6.1496151
8.583098411560059,2.5591726303100586,8.188631057739258,2.462160587310791,8.256386756896973,2.427743434906006,9.60678
10.332340240478516,2.516214609146118,10.652091026306152,2.5206682682037354,11.136153221130371,2.504986047744751,11.1923604
8.3692045211792,1.9121590852737427,6.946822166442871,1.9384056329727173,7.165905475616455,1.9796185493469238,8.6843718
11.922414779663086,1.999656319618225,9.61522102355957,1.765616536140442,10.251440048217773,1.7720571756362915,7.28128296
8.90057373046875,2.773668050765991,8.88731575012207,2.699294090270996,8.91110610961914,2.6540281772613525,10.1984688
10.189525604248047,2.6518442630767822,9.95556926727295,2.6632418632507324,9.829357147216797,2.657569646835327,11.29944
6.377476692199707,2.5215842723846436,6.587366104125977,2.5520548820495605,5.754108428955078,2.6397924423217773,6.9968072999999995
10.529895782470703,2.3801653385162354,10.771306991577148,2.3322360515594482,10.733587265014648,2.3068041801452637,9.169407000000001
10.2387056350708,2.340120315551758,10.369364738464355,2.3730177879333496,10.50617504119873,2.440131664276123,10.437744
9.420368194580078,2.320077657699585,9.007468223571777,2.308401346206665,9.259282112121582,2.2051796913146973,12.77272
7.797410488128662,2.1190202236175537,7.8331170082092285,2.1395609378814697,9.502144813537598,2.572535991668701,5.591438999999999
8.15768051147461,2.20540452003479,7.6729736328125,1.4679158926010132,9.949309349060059,2.604764461517334,7.175168
8.776168823242188,2.328317642211914,8.027213096618652,1.6351115703582764,10.370646476745605,2.5991499423980713,8.587907999999999
5.2100419998168945,2.556811571121216,4.795821189880371,2.480977773666382,5.137554168701172,2.5072531700134277,2.5517519999999996
4.520524978637695,2.3720295429229736,4.493180274963379,2.3888018131256104,4.4808244705200195,2.47001314163208,5.6394
5.347205638885498,2.462411642074585,5.418824195861816,2.3281290531158447,5.4542436599731445,2.3278985023498535,4.0334
4.922063827514648,2.5540406703948975,5.271759986877441,2.5094540119171143,5.147110462188721,2.5301907062530518,4.811369999999999
8.82336711883545,2.416376829147339,8.371614456176758,2.4778733253479004,8.776877403259277,2.4423277378082275,9.1962
2.471978187561035,2.061063289642334,2.4241585731506348,2.075390338897705,3.6624069213867188,2.578751564025879,2.461535
3.1719770431518555,2.099536895751953,3.326216697692871,2.097191572189331,4.0021467208862305,2.6280887126922607,1.86264
3.7852425575256348,2.5329341888427734,4.000716209411621,2.617589235305786,3.795506000518799,2.6151058673858643,0.62424
8.374433517456055,1.9826555252075195,8.562568664550781,1.7529395818710327,8.37271499633789,1.9314543008804321,8.02872
9.179420471191406,2.523134231567383,8.828984260559082,2.4995105266571045,9.410173416137695,2.421060800552368,6.615
9.675644874572754,1.9733633995056152,9.94021224975586,1.6910326480865479,9.904159545898438,1.8139384984970093,9.459596
10.596823692321777,2.09704327583313,10.63796329498291,2.0039072036743164,10.386001586914062,2.019289970397949,10.846528
11.459761619567871,1.3786847591400146,11.609182357788086,1.3890196084976196,11.495336532592773,1.4135056734085083,11.490524999999998
10.980572700500488,1.5771219730377197,11.270447731018066,1.528623104095459,11.015755653381348,1.5615417957305908,12.047063999999999
9.728400230407715,2.0974888801574707,10.312739372253418,2.1426196098327637,9.53356647491455,2.014249324798584,11.34150112
10.733499526977539,1.8455524444580078,11.212761878967285,1.8030571937561035,10.936205863952637,1.8915446996688843,10.270407419999998
7.938316345214844,2.440516471862793,8.306500434875488,2.412418842315674,8.633920669555664,2.378169298171997,10.34892
7.173066139221191,1.2145737409591675,7.273170471191406,1.4891082048416138,7.233317852020264,1.3086919784545898,6.790959000000001
5.085737228393555,0.9910978674888611,6.6574320793151855,2.262540102005005,5.22951602935791,1.2529206275939941,4.944240000000001
9.040262222290039,1.8850266933441162,10.359338760375977,1.5184077024459839,7.8554182052612305,2.3253681659698486,9.95448
9.241170883178711,1.2939578294754028,9.45034122467041,1.0858060121536255,6.255226135253906,2.4194064140319824,10.09125
11.203920364379883,1.9028193950653076,11.176308631896973,1.9174672365188599,11.147476196289062,1.9155148267745972,12.70180704
6.58707857131958,1.7297471761703491,6.249998569488525,1.5093803405761719,6.180694580078125,1.7107707262039185,6.006083999999999
10.028553009033203,2.188380241394043,9.130802154541016,2.2052714824676514,9.198516845703125,2.345245361328125,11.192684800000002
7.032739162445068,1.5502656698226929,6.9854278564453125,1.5747082233428955,7.178579807281494,1.4008550643920898,7.618296
4.842602729797363,2.427316188812256,5.004393100738525,2.4261975288391113,4.778377532958984,2.369758367538452,3.5876300000000003
8.027780532836914,2.4155333042144775,7.986856460571289,2.4927563667297363,8.032657623291016,2.434833288192749,8.327943959999999
11.630160331726074,2.120698928833008,10.875008583068848,2.15645170211792,11.665899276733398,2.1738545894622803,7.99026
12.294365882873535,1.9741135835647583,11.662901878356934,2.0785181522369385,10.576848030090332,2.166574478149414,11.14143
7.5576491355896,1.2536312341690063,7.768373012542725,1.2562127113342285,7.592231273651123,1.322113275527954,6.956770440000001
7.798996925354004,1.2877323627471924,7.721447944641113,1.303021788597107,7.726892471313477,1.1542388200759888,7.1884125
7.586220741271973,1.202773928642273,7.483077049255371,1.0422941446304321,7.570894241333008,1.1269621849060059,8.09087964
7.689820766448975,1.2749947309494019,7.618607997894287,1.4191571474075317,7.586483001708984,1.2534630298614502,7.7566302
6.498889923095703,1.890814185142517,7.4492011070251465,2.240126371383667,6.241620063781738,1.8693256378173828,4.5814607999999994
7.760875225067139,1.6398289203643799,8.86629867553711,1.9763147830963135,7.443903923034668,1.8655568361282349,7.082503999999999
8.073655128479004,2.0385172367095947,8.663552284240723,2.020113229751587,8.252583503723145,2.259040594100952,9.24175867
11.70876693725586,1.5442291498184204,11.849360466003418,1.6476105451583862,11.206243515014648,1.6679754257202148,11.716919999999998
10.759031295776367,2.1847658157348633,11.301642417907715,1.5646158456802368,11.338461875915527,1.6319890022277832,10.860798999999998
10.957649230957031,2.3249762058258057,11.15731430053711,1.7628759145736694,11.020809173583984,1.7652226686477661,12.075839999999998
7.817173957824707,1.1628895998001099,6.027120590209961,1.8470956087112427,7.6594696044921875,1.1456300020217896,8.97468
7.211179733276367,1.8616212606430054,6.317819118499756,2.1184537410736084,7.79682731628418,1.8808517456054688,7.760963760000001
7.695957660675049,1.659295678138733,6.935550212860107,1.9358571767807007,7.463192939758301,1.6967239379882812,8.5286025
7.67139196395874,2.0394320487976074,8.041160583496094,2.010406255722046,7.435428619384766,2.109374523162842,7.108054800000001
5.26084566116333,1.9532736539840698,5.741683006286621,2.0089614391326904,5.61569881439209,1.9952373504638672,4.71108
6.663670063018799,2.194748640060425,6.5681471824646,2.2253949642181396,6.819306373596191,2.1806328296661377,6.223392
5.6944684982299805,1.969649314880371,6.3241119384765625,2.1534461975097656,5.49449348449707,1.8774394989013672,3.0796392000000004
5.4379072189331055,2.093130588531494,5.884875297546387,2.0888657569885254,5.738126277923584,2.1745660305023193,6.1283970000000005
5.799052715301514,1.8596043586730957,7.104851722717285,2.1029951572418213,6.017777919769287,2.04069185256958,5.540688
8.179116249084473,2.081620454788208,7.4053874015808105,1.9721999168395996,7.452101707458496,2.259160041809082,7.408659000000001
9.017724990844727,2.185412645339966,9.53628921508789,2.000359535217285,8.955470085144043,2.1632919311523438,9.523514000000002
9.561203002929688,2.006232500076294,9.667710304260254,1.8550019264221191,9.304489135742188,1.877213478088379,10.09736
9.261306762695312,2.6384031772613525,8.694636344909668,2.550372838973999,8.856908798217773,2.519036293029785,8.1061869
8.53111457824707,2.554753541946411,8.308570861816406,2.5392863750457764,8.284357070922852,2.437002658843994,8.5394088
6.987701416015625,1.795985460281372,6.314496994018555,1.8210575580596924,6.344634056091309,1.7684329748153687,6.362598704
7.22738790512085,2.1356406211853027,6.703348159790039,2.2170207500457764,7.286915302276611,2.092801809310913,8.4060522
6.277831077575684,2.195556402206421,7.1792473793029785,2.1955556869506836,5.869020462036133,2.2476377487182617,8.16064656
9.732095718383789,1.984021782875061,8.456658363342285,2.0001184940338135,8.896576881408691,2.038266897201538,8.835953040000001
8.424033164978027,2.537316083908081,7.173699378967285,1.8782683610916138,8.612688064575195,2.4930789470672607,7.77527674
8.651225090026855,2.5411014556884766,8.217191696166992,1.9735623598098755,8.859912872314453,2.4970173835754395,6.9416595
9.041023254394531,2.1943957805633545,10.20946216583252,1.864662528038025,9.884182929992676,1.9045960903167725,10.626924
8.785968780517578,2.2495641708374023,9.70845890045166,1.8237812519073486,9.565813064575195,1.9376453161239624,11.4856
7.485349178314209,1.9146326780319214,6.892396450042725,2.0735225677490234,7.536601543426514,1.956594467163086,3.7707595200000004
8.712814331054688,2.2399423122406006,8.269091606140137,2.1585707664489746,9.224017143249512,2.1950321197509766,11.522993040000001
10.058287620544434,1.7230318784713745,7.420601844787598,1.616727352142334,8.713855743408203,1.5662124156951904,8.845929
10.200197219848633,1.6968333721160889,9.742074966430664,1.6740367412567139,10.700777053833008,1.7349798679351807,12.77244
7.075985908508301,1.8406360149383545,6.838557243347168,1.8196357488632202,6.856642723083496,1.731959342956543,6.026955399999999
10.476019859313965,1.4952731132507324,10.670658111572266,1.4933760166168213,10.771790504455566,1.4255859851837158,9.941092200000002
10.068564414978027,1.5689131021499634,9.925713539123535,1.615757703781128,10.48656177520752,1.5157651901245117,10.988153999999998
4.990303039550781,2.493370532989502,4.046668529510498,2.2468957901000977,4.811922073364258,2.2942514419555664,3.442824
5.03547477722168,2.564674139022827,4.374821186065674,2.303468942642212,4.408909320831299,2.3050026893615723,4.1771519999999995
10.825272560119629,1.5936744213104248,9.514699935913086,1.638094186782837,9.994447708129883,1.690086841583252,12.63793536
11.27396011352539,1.573914885520935,11.553125381469727,1.658125877380371,11.324872970581055,1.6376996040344238,10.6672146
11.52176284790039,1.759554386138916,11.168781280517578,1.6620534658432007,11.447929382324219,1.6827325820922852,10.223841440000001
7.940977096557617,1.7631651163101196,8.415047645568848,1.9268794059753418,8.076969146728516,1.763686180114746,9.109214399999999
9.970906257629395,1.7672566175460815,9.391048431396484,1.9932724237442017,10.672035217285156,1.7860057353973389,11.030691000000001
8.978991508483887,2.3819925785064697,10.87790584564209,1.965987205505371,10.8057279586792,1.960070013999939,10.0652301
9.240781784057617,2.2959094047546387,9.806230545043945,1.8939229249954224,9.835553169250488,1.8364801406860352,12.307688399999998
11.361095428466797,2.082900047302246,11.252840042114258,2.006098508834839,10.722314834594727,2.0624022483825684,10.46877
12.704511642456055,1.8191990852355957,12.06450080871582,1.914372444152832,12.19924545288086,1.8669859170913696,13.652562
9.265304565429688,2.154693841934204,7.950343608856201,2.2982070446014404,9.169755935668945,2.131071090698242,5.7857639999999995
7.908106803894043,2.451064109802246,8.059850692749023,2.4888992309570312,7.494959831237793,2.560840129852295,10.412192
8.962258338928223,1.7045204639434814,9.169939041137695,1.672231912612915,9.091519355773926,1.65278160572052,10.666886640000003
10.48626708984375,1.6479450464248657,10.589332580566406,1.6230645179748535,10.674135208129883,1.7142330408096313,8.331812339999999
8.885852813720703,2.254852771759033,10.45006275177002,2.247751235961914,10.692131042480469,2.1716959476470947,9.18709792
9.470979690551758,2.008424997329712,9.561891555786133,2.056123971939087,9.557476043701172,2.0578529834747314,10.260432
7.071213245391846,2.4215683937072754,7.593503952026367,2.4733145236968994,7.265145301818848,2.4071812629699707,2.8919381399999997
8.489450454711914,2.335449457168579,9.037784576416016,2.342432737350464,8.292970657348633,2.2475996017456055,5.774415358
11.929666519165039,1.7223732471466064,12.370312690734863,1.6392251253128052,11.362433433532715,1.7159230709075928,10.36383909
9.985766410827637,1.5976777076721191,10.473151206970215,1.5553474426269531,11.087685585021973,1.551608681678772,9.546
9.001643180847168,1.9450089931488037,9.3238525390625,2.0060231685638428,8.970377922058105,2.0836968421936035,8.875104
9.50422191619873,2.1558704376220703,9.570419311523438,2.1096460819244385,9.836162567138672,2.109570264816284,9.53706936
8.853187561035156,2.274881362915039,8.811736106872559,2.1701619625091553,9.53469467163086,2.1015892028808594,11.007990000000001
9.071393013000488,1.6079462766647339,8.81057357788086,1.5973114967346191,8.966385841369629,1.7127504348754883,10.625882800000001
10.08737850189209,1.0834327936172485,10.096675872802734,1.2019069194793701,9.960939407348633,1.0513513088226318,10.4598144
10.410832405090332,2.091064453125,10.333992958068848,2.09157133102417,10.660112380981445,2.0659947395324707,10.4097675
11.491544723510742,1.8569051027297974,9.629631042480469,2.0173187255859375,10.978721618652344,1.8820853233337402,9.5832
9.099855422973633,2.1121742725372314,10.069936752319336,2.208707332611084,9.651103973388672,2.2558932304382324,13.21008
7.792129993438721,1.815438985824585,7.466211318969727,1.854424238204956,7.7946014404296875,1.7792617082595825,7.8408
6.96275520324707,2.4150867462158203,7.07973575592041,2.330059289932251,6.53729248046875,2.2742810249328613,9.083234999999998
5.725390434265137,2.260460376739502,5.045699119567871,2.5009875297546387,5.405396461486816,2.485421657562256,6.3839999999999995
7.233918190002441,2.2089617252349854,6.644481658935547,2.5173239707946777,6.5392632484436035,2.5112807750701904,7.28828
5.016809463500977,1.7323577404022217,4.197576522827148,1.7254303693771362,4.8086113929748535,1.779699683189392,4.286617999999999
9.482198715209961,1.8934082984924316,8.6913480758667,1.9428354501724243,8.666596412658691,1.965344786643982,9.09900882
9.207286834716797,1.8374842405319214,9.070411682128906,2.0337371826171875,9.4232177734375,2.0759334564208984,11.049019440000002
9.657881736755371,2.4564950466156006,9.772843360900879,2.338923454284668,9.112500190734863,2.366504192352295,9.0066867
7.746546268463135,2.395388126373291,7.925160884857178,2.33719801902771,8.13674545288086,2.5096640586853027,8.464813500000002
12.392131805419922,2.059279203414917,12.595647811889648,2.1183621883392334,12.47822380065918,2.0537941455841064,13.5198
8.259088516235352,2.5342938899993896,8.615665435791016,2.524082660675049,8.668024063110352,2.479637861251831,8.3023692
7.917765140533447,2.1631667613983154,8.350136756896973,2.1312317848205566,8.59361743927002,2.1253278255462646,5.62535424
10.1474609375,1.8302688598632812,10.48431396484375,1.7713813781738281,10.816941261291504,1.8114382028579712,8.16401082
10.313886642456055,1.6190561056137085,10.406752586364746,1.5211223363876343,10.64033317565918,1.3773926496505737,11.7093744
9.534579277038574,2.4536325931549072,9.03043270111084,2.4162192344665527,9.137272834777832,2.43477463722229,12.091156104000001
8.101885795593262,1.7569191455841064,8.092665672302246,1.8509175777435303,8.024714469909668,1.7041921615600586,9.198738432
9.26589298248291,2.371392250061035,9.328878402709961,2.3511860370635986,10.333660125732422,2.5475757122039795,6.408696
8.499553680419922,2.434398889541626,8.918508529663086,2.4719173908233643,10.046993255615234,2.638657331466675,6.161855999999999
10.156028747558594,2.2373404502868652,10.566012382507324,2.257521629333496,8.774930000305176,2.3934614658355713,10.340803200000002
9.518268585205078,2.3539886474609375,9.282987594604492,2.3212130069732666,8.436789512634277,2.419389247894287,12.020138999999999
8.48221492767334,2.404937505722046,8.55474853515625,2.340723991394043,8.69663143157959,2.3250067234039307,7.7419199999999995
8.894855499267578,2.37365460395813,9.725147247314453,2.405144214630127,9.101390838623047,2.4152724742889404,8.1124352
8.068920135498047,1.957230806350708,7.952669143676758,1.9652584791183472,7.972550392150879,1.9201635122299194,8.81100948
8.560616493225098,2.1559784412384033,8.28897762298584,2.1693832874298096,8.391709327697754,2.131802558898926,7.38111132
7.0814008712768555,1.5223206281661987,7.0462965965271,1.5680358409881592,7.083146572113037,1.6273071765899658,6.90971688
8.777444839477539,2.1125733852386475,8.829922676086426,2.0470025539398193,8.492864608764648,2.0503928661346436,8.460744749999998
9.560403823852539,1.743854284286499,10.096495628356934,1.8879934549331665,10.031074523925781,1.7275117635726929,9.331096319999999
12.382225036621094,1.7215629816055298,10.517873764038086,1.4900987148284912,10.897988319396973,1.5551608800888062,8.1200728
8.008478164672852,2.350468873977661,9.11953067779541,2.2970259189605713,7.769986629486084,2.4201223850250244,9.0992
7.714725494384766,2.5266926288604736,8.044954299926758,2.493906259536743,7.1775593757629395,2.639002799987793,4.3225524
10.305076599121094,1.1559507846832275,10.338918685913086,1.0724011659622192,10.514341354370117,1.103859543800354,11.206574400000001
10.27946662902832,1.8554134368896484,11.038923263549805,1.4856218099594116,10.828166007995605,1.5495141744613647,11.305812839999998
9.51205062866211,2.193955898284912,10.47447395324707,1.7999314069747925,10.12464714050293,1.7946767807006836,12.12676164
5.931843280792236,2.1106653213500977,5.939090728759766,2.0734076499938965,5.885733604431152,2.0999703407287598,8.016919999999999
8.632144927978516,1.9174816608428955,8.754047393798828,1.9276468753814697,9.38853645324707,1.956559181213379,10.37384
6.323650360107422,1.914109706878662,7.616944789886475,2.353346347808838,8.447953224182129,2.013993501663208,7.214592
8.481001853942871,1.5734708309173584,8.032401084899902,1.7497305870056152,8.38986873626709,1.6258906126022339,5.1691212
7.2578229904174805,1.7115411758422852,8.652027130126953,1.780792474746704,7.55465841293335,1.856683373451233,9.05379475
8.55936050415039,2.551013231277466,8.86024284362793,2.549459218978882,8.674363136291504,2.5058789253234863,2.3003546400000006
9.052742004394531,1.9460333585739136,8.876798629760742,1.935106873512268,7.710366249084473,2.3188188076019287,11.59924392
8.034330368041992,2.5250935554504395,7.862844467163086,2.5160129070281982,8.169878005981445,2.5560412406921387,7.104240000000001
11.49616813659668,1.5338090658187866,11.419448852539062,1.6069531440734863,11.887824058532715,1.5034148693084717,9.971703
9.421178817749023,1.3714606761932373,9.144275665283203,1.381227970123291,9.59066104888916,1.4766117334365845,10.86624
10.641626358032227,1.774205207824707,10.000543594360352,1.746626615524292,9.964946746826172,1.6822808980941772,9.509598
9.74840259552002,1.8231476545333862,9.55379581451416,1.8025397062301636,9.170595169067383,1.787718653678894,9.046658879999999
7.803382873535156,1.481200933456421,9.40565299987793,1.7053617238998413,7.924113750457764,1.6044721603393555,8.8292298
8.22353744506836,2.15293288230896,8.786462783813477,2.170978307723999,7.66886568069458,2.138766288757324,4.524120239999999
4.3332319259643555,2.486335039138794,4.168733596801758,2.4744150638580322,4.7595977783203125,2.527587652206421,0.03587200000000001
4.1529035568237305,2.3404300212860107,4.618824005126953,2.363255023956299,4.606123924255371,2.3776655197143555,0.15139200000000003
5.325016021728516,2.329712152481079,5.413023471832275,2.38257098197937,5.270328521728516,2.3706836700439453,4.14472
4.4075517654418945,2.5214903354644775,4.489645481109619,2.574692726135254,4.2303996086120605,2.508246421813965,7.1517599999999995
11.254868507385254,1.9792901277542114,11.397061347961426,1.8861021995544434,11.397686958312988,1.8183988332748413,11.227363
6.985805511474609,2.204782724380493,6.730389595031738,2.215252637863159,6.923262119293213,2.2357935905456543,10.55808
7.022574424743652,1.314393401145935,7.0193071365356445,1.217283010482788,7.0631513595581055,1.3712244033813477,7.181657999999999
8.482380867004395,2.3102622032165527,8.891953468322754,2.222242593765259,7.889918327331543,2.272221326828003,7.111440000000001
8.6166410446167,2.2166523933410645,8.74258804321289,2.0693671703338623,8.134212493896484,2.0468993186950684,7.088067000000001
5.4037675857543945,1.932249665260315,5.3042707443237305,1.918235182762146,5.474875450134277,1.9677703380584717,3.344616
4.032113075256348,1.8236241340637207,3.8915152549743652,1.754758596420288,4.051410675048828,1.7968350648880005,4.635
7.283064365386963,2.7568325996398926,7.1083831787109375,2.6305768489837646,7.568960666656494,2.730085849761963,4.956840000000001
5.758073806762695,2.2709670066833496,5.752099990844727,2.357193946838379,5.872300624847412,2.2252063751220703,4.726884
8.301383018493652,2.2345025539398193,7.384049415588379,2.4037773609161377,8.05804443359375,2.2018203735351562,9.355798872
8.923465728759766,2.21457839012146,7.981714725494385,2.4304966926574707,8.991241455078125,2.180178165435791,10.023264874999999
1.8922381401062012,2.122490644454956,4.315413951873779,2.497838020324707,5.326946258544922,2.453106641769409,4.6040399999999995
4.090602397918701,1.9359779357910156,4.002095699310303,2.379868745803833,6.485624313354492,2.455676555633545,0.05394
3.899670124053955,2.3783349990844727,3.893542766571045,2.3846116065979004,6.434627532958984,2.4763548374176025,0.013635000000000001
5.091241836547852,1.1296666860580444,5.01066780090332,1.301607370376587,5.113956451416016,1.1577656269073486,5.24076
4.507054328918457,1.289058804512024,4.508893013000488,1.0813030004501343,3.6844892501831055,2.3999876976013184,4.5018
4.765969753265381,2.251453399658203,5.3300933837890625,2.2652111053466797,4.824822425842285,2.328415632247925,4.932741
5.000121593475342,2.3437163829803467,5.219125747680664,2.357912302017212,5.45976448059082,2.3052656650543213,6.084144000000001
8.926426887512207,2.053070068359375,8.95602035522461,2.1364400386810303,9.278535842895508,2.080148220062256,6.22416768
8.80992603302002,1.8193260431289673,7.784120559692383,1.1548941135406494,7.98178768157959,1.2269618511199951,9.76114074
10.676456451416016,0.8579365015029907,10.7207670211792,0.8408735990524292,10.580703735351562,0.9403029084205627,7.262112
4.157017707824707,1.198493480682373,4.110112190246582,0.9737679362297058,4.177800178527832,1.1841905117034912,4.262866600000001
4.86467170715332,1.1455013751983643,4.92050838470459,1.3241772651672363,4.82972526550293,1.0887731313705444,4.80443964
8.84672737121582,2.4862732887268066,8.282124519348145,2.3909010887145996,8.11929702758789,2.3687829971313477,8.4674316
10.063164710998535,2.1444144248962402,9.579257011413574,2.091815710067749,9.253556251525879,2.144573211669922,9.1275448
10.174456596374512,1.1731940507888794,10.395251274108887,1.3847901821136475,10.120325088500977,1.3581383228302002,8.5671945
9.278739929199219,0.9826306104660034,9.318825721740723,1.1389368772506714,9.275506019592285,1.0769470930099487,10.665386550000001
6.423124313354492,2.478529930114746,7.190245628356934,2.383079767227173,7.664795875549316,2.4877068996429443,10.060963199999998
8.83427619934082,2.0308070182800293,8.434354782104492,1.9418278932571411,8.31328010559082,1.94231116771698,7.9978608
9.95252799987793,1.9144045114517212,9.669898986816406,1.8885551691055298,9.786194801330566,1.96352219581604,12.412092000000001
9.930801391601562,2.199918031692505,10.045169830322266,2.1899073123931885,9.944901466369629,2.1925759315490723,12.397283550000001
11.819402694702148,2.3321945667266846,12.201224327087402,2.391594886779785,12.287907600402832,2.2902073860168457,14.431674000000001
11.95485782623291,1.8267982006072998,12.155777931213379,1.795601487159729,11.669154167175293,1.7755897045135498,12.820738224
5.452023506164551,2.310391664505005,5.416252613067627,2.237090826034546,6.469045162200928,2.336958408355713,8.3277875
