6,13,42,organic compound removal (%)
93.3498764038086,93.50248718261719,93.80011749267578,96.8
93.8223648071289,94.30812072753906,94.08973693847656,96.0
93.83870697021484,93.45552825927734,93.62007141113281,95.0
93.18263244628906,92.66402435302734,93.16058349609375,93.0
92.73548126220703,92.90055847167969,93.15298461914062,91.0
89.15403747558594,89.43685150146484,90.05756378173828,88.7
90.08467864990234,90.17338562011719,90.1343994140625,91.4
89.97563171386719,89.69001007080078,90.05756378173828,87.4
90.08467864990234,90.35823059082031,90.48675537109375,90.6
89.67948913574219,89.75023651123047,89.72804260253906,95.6
90.50565338134766,90.69854736328125,90.58300018310547,99.0
95.3599853515625,94.87751770019531,94.65421295166016,90.0
87.86259460449219,91.61984252929688,88.22338104248047,95.0
91.98789978027344,89.6656265258789,90.80335235595703,80.0
81.92546844482422,80.81603240966797,79.62451171875,89.0
77.52324676513672,77.1507797241211,80.57948303222656,78.0
64.33332061767578,64.95036315917969,67.38969421386719,57.0
74.87812042236328,71.28727722167969,74.61778259277344,40.0
96.03126525878906,96.38560485839844,95.83204650878906,97.4
96.3487548828125,96.17963409423828,95.86786651611328,97.3
96.26301574707031,96.27301788330078,96.34314727783203,97.6
96.54772186279297,96.4615478515625,96.49363708496094,98.4
96.74857330322266,96.98683166503906,96.13359069824219,97.3
94.2303466796875,95.24980926513672,95.66187286376953,97.4
40.38569641113281,40.961544036865234,40.67499923706055,25.0
36.049049377441406,40.886863708496094,40.59267044067383,30.0
40.28713607788086,40.75612258911133,37.954833984375,32.0
40.32421875,39.685848236083984,38.4607048034668,36.0
35.4156494140625,38.14275360107422,44.954200744628906,52.0
64.43598937988281,51.02944564819336,58.32223129272461,34.0
40.34230422973633,37.32239532470703,40.28993606567383,26.0
40.362159729003906,38.291263580322266,40.238258361816406,32.0
40.19043731689453,36.72244644165039,37.99740982055664,36.0
40.382972717285156,37.44163131713867,40.463836669921875,42.0
35.449317932128906,38.78180694580078,37.170352935791016,58.0
64.46360778808594,44.170204162597656,58.360958099365234,37.0
87.4554672241211,86.81246185302734,86.96018981933594,45.5
72.5936279296875,60.55142593383789,73.05464935302734,80.0
77.60188293457031,61.56943130493164,78.27867126464844,92.0
81.38602447509766,64.98526000976562,79.47582244873047,98.5
89.66275024414062,95.12675476074219,92.45735168457031,99.0
90.113037109375,94.67284393310547,93.9469223022461,99.0
90.5995864868164,91.99069213867188,94.70140075683594,98.6
90.09049224853516,89.58248138427734,91.48949432373047,98.8
97.22040557861328,97.3509292602539,96.5483627319336,92.0
87.30460357666016,87.25393676757812,87.67181396484375,97.8
87.95394897460938,88.23008728027344,88.27973937988281,89.9
91.05773162841797,88.69316864013672,91.01525115966797,92.8
89.98307037353516,88.59847259521484,91.3180923461914,91.9
89.01677703857422,87.98956298828125,89.62442779541016,86.0
82.3498306274414,82.51069641113281,86.46800231933594,74.0
78.19805145263672,79.02267456054688,78.50381469726562,86.0
82.77828979492188,80.83138275146484,86.34596252441406,78.0
82.77828979492188,79.02267456054688,86.34596252441406,77.0
94.01612854003906,94.68817901611328,94.82962036132812,96.0
94.99797821044922,94.50452423095703,94.3730239868164,96.0
94.37645721435547,94.5068130493164,94.37380981445312,96.0
94.7652359008789,94.771484375,94.34012603759766,97.0
92.9897232055664,94.15864562988281,94.19343566894531,99.0
94.12596893310547,95.87371063232422,95.3292465209961,98.2
95.83792877197266,95.93697357177734,95.53048706054688,97.5
95.67877197265625,96.01268005371094,95.7252426147461,96.0
94.83099365234375,94.71173095703125,95.7926025390625,97.0
94.98487854003906,94.95169067382812,95.26841735839844,98.8
94.79747772216797,95.30277252197266,95.34156799316406,96.2
88.02644348144531,89.71696472167969,89.50572204589844,95.6
92.23086547851562,89.44566345214844,89.46348571777344,92.1
92.23086547851562,90.17015838623047,90.21730041503906,86.0
90.74574279785156,90.56278228759766,88.70330810546875,88.3
88.84457397460938,88.77296447753906,88.93173217773438,92.4
90.455322265625,89.76464080810547,90.0052261352539,90.3
92.70791625976562,92.8148422241211,91.2890853881836,80.0
94.6223373413086,92.9073257446289,92.8857650756836,85.0
91.59412384033203,93.3786849975586,92.2354965209961,90.0
96.02906036376953,95.90278625488281,96.20360565185547,97.8
96.05609893798828,95.6861572265625,95.1396484375,96.7
96.89774322509766,96.74347686767578,96.7214584350586,96.5
96.43061065673828,96.68580627441406,95.55127716064453,96.0
96.20780944824219,96.04789733886719,96.10785675048828,95.8
58.875755310058594,58.15681457519531,61.54563903808594,59.3
62.4738655090332,62.17204666137695,66.01676940917969,72.5
68.68744659423828,67.83989715576172,64.61235809326172,85.0
70.15348052978516,71.31179809570312,73.72666931152344,91.0
71.31458282470703,67.7095718383789,67.271240234375,86.6
81.59278106689453,75.46788024902344,76.0519027709961,92.5
78.65055847167969,82.80992126464844,74.230224609375,98.5
85.9580307006836,84.36625671386719,81.88558959960938,98.5
84.02713775634766,85.87194061279297,85.45694732666016,98.6
73.60317993164062,71.0786361694336,77.80174255371094,90.0
83.75064849853516,81.06562042236328,87.43462371826172,92.0
93.19183349609375,90.59618377685547,90.9176254272461,91.0
90.40121459960938,86.76669311523438,87.4093017578125,90.0
96.2444076538086,96.28789520263672,95.20159149169922,95.0
95.89085388183594,94.94522857666016,95.69023132324219,96.0
94.45055389404297,95.76828002929688,95.2337646484375,97.5
94.44164276123047,94.94876861572266,95.71182250976562,97.5
94.41223907470703,94.93815612792969,95.22811126708984,97.5
94.20259857177734,93.92625427246094,94.13166809082031,95.7
94.5014419555664,94.58502197265625,94.62793731689453,94.3
94.23236083984375,93.93657684326172,94.53166961669922,94.8
94.55298614501953,94.59129333496094,94.6384506225586,94.0
94.53233337402344,93.93316650390625,94.47077178955078,94.5
94.47576141357422,94.43812561035156,94.49495697021484,94.1
96.25376892089844,95.82515716552734,97.05767822265625,98.0
96.9595718383789,95.875732421875,96.61041259765625,98.0
96.28494262695312,95.86044311523438,96.76305389404297,98.0
96.95858764648438,96.93512725830078,96.7684097290039,98.0
96.76134490966797,96.77197265625,96.58872985839844,98.0
62.15449523925781,68.23493194580078,62.56756591796875,65.0
77.54024505615234,75.85496520996094,77.10405731201172,82.5
73.32469177246094,77.24346923828125,75.33448791503906,94.0
91.0257568359375,90.64766693115234,91.22174072265625,89.4
95.32390594482422,95.65247344970703,94.7344741821289,94.0
96.07136535644531,96.07844543457031,95.43412017822266,96.0
94.3446044921875,94.16876983642578,93.96082305908203,97.5
94.49851989746094,94.45108032226562,94.49748229980469,99.0
88.12793731689453,87.58638763427734,87.94961547851562,89.0
86.92418670654297,86.90895080566406,87.60807037353516,89.0
86.30878448486328,86.27796936035156,86.21002197265625,88.0
87.6404800415039,87.28559112548828,87.58076477050781,87.0
87.83916473388672,87.99779510498047,87.6502914428711,84.0
92.21095275878906,92.498779296875,93.14945983886719,97.0
96.70336151123047,96.87528991699219,96.9599380493164,97.5
96.5719223022461,96.28726196289062,96.97249603271484,98.0
91.87862396240234,91.46403503417969,91.1104507446289,98.5
96.5649185180664,96.6031494140625,96.80300903320312,98.5
96.52635955810547,96.28726196289062,96.27034759521484,99.0
96.51481628417969,91.5164794921875,96.81736755371094,88.2
38.60448455810547,42.27187728881836,43.451961517333984,90.6
96.54047393798828,92.85304260253906,96.85629272460938,87.0
39.2718391418457,46.04905319213867,39.02689743041992,88.2
96.16532897949219,96.6749038696289,97.24612426757812,98.0
97.60250091552734,95.90962982177734,96.48370361328125,98.5
96.90621948242188,96.70403289794922,97.29026794433594,98.5
96.16532897949219,95.8921127319336,96.82948303222656,98.5
96.17484283447266,96.5464096069336,96.72462463378906,98.5
96.36827850341797,96.56044006347656,96.74329376220703,99.0
52.97136306762695,47.42896270751953,52.314571380615234,32.0
52.934181213378906,46.003692626953125,43.28759002685547,31.0
52.934181213378906,46.003692626953125,50.4182243347168,36.0
53.32816696166992,42.27621841430664,52.314632415771484,18.0
53.2757453918457,46.003692626953125,43.28760528564453,21.0
48.41452407836914,48.37441635131836,50.418479919433594,22.5
87.6023178100586,90.2177963256836,90.18910217285156,91.0
87.88333892822266,89.23983001708984,89.45976257324219,93.0
89.83081817626953,89.81961822509766,89.14224243164062,87.9
89.60726165771484,88.63238525390625,89.14224243164062,88.6
89.67720794677734,88.83716583251953,90.35736083984375,90.0
88.29134368896484,88.27008819580078,91.36786651611328,95.0
90.47517395019531,89.96952056884766,91.39078521728516,95.5
88.29134368896484,88.27008819580078,90.82929229736328,98.0
88.38302612304688,88.36759185791016,91.19481658935547,98.8
88.31590270996094,85.51664733886719,86.18931579589844,82.5
85.85223388671875,86.23127746582031,86.45497131347656,88.5
90.11392974853516,90.14686584472656,90.30570983886719,92.0
89.12834167480469,90.12275695800781,90.14187622070312,96.0
87.72821807861328,84.91810607910156,84.91423797607422,76.3
87.96698760986328,82.5215072631836,83.05125427246094,85.0
87.48509979248047,86.66927337646484,86.34605407714844,88.0
88.17253875732422,88.60602569580078,91.3871841430664,89.0
93.4516830444336,93.86624145507812,91.9071044921875,96.0
95.14678192138672,94.547607421875,93.38459014892578,96.8
93.8677978515625,94.8657455444336,95.93193054199219,96.1
91.64154052734375,92.63597869873047,91.37849426269531,97.2
95.33304595947266,96.7327880859375,94.11415100097656,99.5
95.53440856933594,97.1893081665039,94.18474578857422,99.0
89.78291320800781,88.39376831054688,90.02647399902344,94.0
87.94549560546875,87.99656677246094,84.83319091796875,91.2
87.33940124511719,87.33366394042969,84.83319091796875,93.0
91.20931243896484,91.50372314453125,91.24225616455078,81.5
94.729736328125,95.18798065185547,94.57597351074219,97.0
95.19515991210938,95.12577819824219,95.61137390136719,96.0
95.82584381103516,95.53093719482422,95.03659057617188,96.0
96.17369079589844,96.25968933105469,96.00894927978516,96.0
97.09588623046875,96.8431625366211,96.97587585449219,96.0
90.38923645019531,89.76422882080078,87.84740447998047,97.53
92.20331573486328,92.23863220214844,87.86907196044922,97.12
91.20638275146484,91.17247772216797,89.12763977050781,95.5
92.4236068725586,92.42483520507812,93.9976577758789,98.71
89.7189712524414,90.80941009521484,89.88443756103516,99.59
86.82869720458984,87.93250274658203,87.26729583740234,89.42
86.19581604003906,87.14476776123047,86.80281829833984,86.78
87.83845520019531,87.78617095947266,87.95978546142578,85.32
89.119140625,88.55693817138672,88.57478332519531,90.71
88.43709564208984,88.03981018066406,88.1681900024414,94.59
93.059814453125,93.04065704345703,92.60859680175781,95.0
90.5593490600586,90.67790222167969,89.86231231689453,86.0
84.8962173461914,84.30502319335938,85.01667022705078,81.5
85.10972595214844,85.18867492675781,85.69062042236328,80.0
82.816162109375,86.4085922241211,86.12555694580078,81.0
91.81710815429688,90.94737243652344,92.0190658569336,93.75
89.66706848144531,87.61708068847656,86.44770812988281,87.0
84.13677978515625,83.86871337890625,82.97595977783203,73.0
83.48688507080078,81.8348388671875,80.97236633300781,74.0
85.94793701171875,84.87181091308594,85.06478881835938,75.0
93.19856262207031,92.71797943115234,92.69093322753906,95.5
87.04653930664062,86.75193786621094,86.99794006347656,92.0
79.92733764648438,80.53120422363281,80.49382019042969,85.0
79.1559066772461,79.23387908935547,81.23548889160156,85.5
81.14653015136719,80.87105560302734,80.14705657958984,86.2
90.34734344482422,90.3110580444336,90.2376708984375,75.0
85.26888275146484,80.26841735839844,84.63380432128906,90.0
87.1585464477539,83.59555053710938,87.00763702392578,99.0
90.39212036132812,91.72498321533203,91.56094360351562,74.45
84.87297821044922,84.40631866455078,84.3149642944336,92.5
89.37501525878906,88.12310791015625,88.73589324951172,98.5
80.77096557617188,79.24976348876953,82.1641616821289,86.2
87.01970672607422,86.76331329345703,86.83033752441406,68.75
87.09233093261719,86.99645233154297,85.36531066894531,81.0
87.09566497802734,87.00143432617188,85.14220428466797,82.5
87.13750457763672,84.07366180419922,85.64295196533203,87.0
85.62428283691406,85.26036834716797,85.82048797607422,86.5
85.88185119628906,85.7192611694336,86.23169708251953,88.0
93.80599212646484,94.09427642822266,93.67827606201172,94.3
93.64722442626953,94.16779327392578,94.2879409790039,95.0
94.29547882080078,93.93539428710938,93.30946350097656,96.2
93.22335815429688,93.51154327392578,92.66839599609375,95.5
93.33625030517578,93.28034210205078,93.1859130859375,90.2
93.57202911376953,93.3659896850586,93.29682922363281,92.4
94.5238037109375,94.22721862792969,94.3985824584961,95.1
95.08151245117188,95.3053970336914,96.01744842529297,95.8
94.52742767333984,94.30670928955078,93.83688354492188,95.6
93.27284240722656,92.89775085449219,91.26992797851562,94.3
93.950439453125,94.27916717529297,94.26301574707031,94.2
94.17768096923828,94.24510192871094,94.10189056396484,93.9
92.6608657836914,93.49860382080078,93.37683868408203,92.8
89.82074737548828,91.13290405273438,91.14433288574219,93.0
92.95162200927734,92.55232238769531,91.67012023925781,97.5
94.6332778930664,94.47138214111328,95.56291961669922,97.1
95.31624603271484,93.85321807861328,93.3785171508789,98.0
93.23085021972656,92.30770874023438,91.92303466796875,97.0
94.79813385009766,92.55232238769531,95.02799987792969,91.6
94.45343780517578,94.99360656738281,94.01422119140625,90.8
95.36553192138672,95.23979949951172,95.00465393066406,93.9
93.20878601074219,92.27954864501953,94.31617736816406,98.0
94.86927032470703,92.73463439941406,94.01568603515625,96.5
94.07426452636719,94.98346710205078,94.5525131225586,96.1
95.02457427978516,94.44789123535156,95.12398529052734,95.8
91.6442642211914,93.07835388183594,93.14623260498047,95.0
93.1671371459961,93.19998168945312,93.02793884277344,92.3
93.99308013916016,94.4887466430664,94.31448364257812,93.0
92.59718322753906,92.8274154663086,92.62869262695312,95.2
92.95639038085938,93.01777648925781,93.55541229248047,94.0
93.93136596679688,93.99994659423828,93.6564712524414,95.1
94.60388946533203,94.74054718017578,94.62916564941406,95.7
92.24347686767578,92.13240051269531,92.33000183105469,98.6
92.61226654052734,92.99603271484375,93.05816650390625,93.0
93.11578369140625,93.6810531616211,93.51542663574219,95.0
93.91360473632812,94.22721862792969,93.76935577392578,96.0
95.54705047607422,95.07654571533203,94.44470977783203,98.0
94.38130187988281,94.53688049316406,94.47737121582031,95.5
60.49176025390625,64.13341522216797,61.530364990234375,42.5
68.68744659423828,69.70301818847656,70.88265991210938,64.0
78.43618774414062,74.8661117553711,74.44921875,72.5
80.4425277709961,82.40795135498047,82.15200805664062,46.0
84.52075958251953,82.80992126464844,83.91209411621094,66.0
88.90202331542969,89.51822662353516,86.82683563232422,76.0
89.47679138183594,85.87194061279297,85.45694732666016,82.5
65.0698013305664,60.70457458496094,62.3278923034668,35.0
68.68744659423828,66.88247680664062,70.88265991210938,55.0
78.13516998291016,79.52571868896484,80.49253845214844,62.5
86.53945922851562,85.60574340820312,89.80070495605469,70.0
90.94873046875,91.24771881103516,91.22209167480469,71.4
79.03536224365234,77.57794189453125,76.95487213134766,93.1
96.19940948486328,96.01164245605469,96.5978775024414,98.5
97.01626586914062,96.94378662109375,96.98179626464844,98.5
96.63780975341797,97.03878784179688,95.61968994140625,98.5
95.19125366210938,95.3099594116211,94.49799346923828,98.5
88.77619171142578,89.25106048583984,88.86397552490234,95.62
91.86287689208984,91.23070526123047,91.58163452148438,95.0
92.84976196289062,91.35523223876953,92.9300537109375,93.5
92.77496337890625,91.37976837158203,92.80060577392578,92.5
92.01142120361328,92.09156799316406,91.7282943725586,92.0
91.4570541381836,91.11502075195312,91.59651184082031,91.77
97.78467559814453,97.72209167480469,97.8038558959961,98.5
97.84051513671875,97.86760711669922,97.83526611328125,98.5
97.94632720947266,97.90167236328125,98.10319519042969,98.5
97.89180755615234,97.98307037353516,97.73456573486328,98.5
97.94591522216797,98.01309967041016,97.73705291748047,98.5
97.7663803100586,97.80203247070312,97.44844055175781,98.5
97.81531524658203,97.8498764038086,97.87201690673828,98.5
97.9229965209961,97.92139434814453,97.88789367675781,98.5
98.08285522460938,97.7613296508789,97.892822265625,98.5
97.89706420898438,97.80086517333984,97.73456573486328,98.5
98.04777526855469,98.00977325439453,97.99755096435547,98.5
97.55835723876953,97.72307586669922,97.83316040039062,98.5
95.89820098876953,95.14844512939453,94.58365631103516,87.5
95.9698715209961,93.8834457397461,93.83760833740234,93.12
92.57862091064453,93.53219604492188,93.55489349365234,95.62
93.32859802246094,91.9828109741211,94.99211883544922,98.5
92.97164154052734,92.00450897216797,93.94520568847656,98.12
84.67664337158203,85.01765441894531,84.74911499023438,68.0
82.0643310546875,81.80302429199219,81.3698959350586,81.7
80.87456512451172,83.42150115966797,83.25631713867188,83.0
81.71675109863281,84.58744049072266,84.01191711425781,81.2
83.72636413574219,85.1146011352539,83.04176330566406,82.5
81.46974182128906,81.31552124023438,81.3698959350586,84.0
80.87456512451172,81.70475006103516,82.37763977050781,93.0
81.71675109863281,84.58744049072266,84.06278228759766,86.25
94.71904754638672,94.88716888427734,94.67234802246094,92.0
93.70893859863281,93.83163452148438,93.91986846923828,96.0
93.87100219726562,93.92556762695312,93.59220886230469,96.0
94.83098602294922,94.06713104248047,93.68727111816406,95.8
94.4478530883789,94.53486633300781,94.74344635009766,94.5
95.76512145996094,95.36782836914062,95.6309585571289,95.5
95.83990478515625,96.53840637207031,97.0033950805664,98.67
95.9680404663086,97.16063690185547,96.87601470947266,99.2
96.85882568359375,96.74585723876953,96.52806091308594,99.0
92.693603515625,93.7116928100586,93.85844421386719,98.1
88.5009994506836,88.75108337402344,88.9090576171875,88.5
88.97038269042969,89.21770477294922,89.21110534667969,88.0
89.29786682128906,90.0804672241211,90.3333740234375,92.0
90.16765594482422,89.33999633789062,89.76582336425781,92.5
87.3652114868164,88.24796295166016,87.7337417602539,90.0
94.50518798828125,91.56815338134766,94.5407485961914,92.0
90.58406829833984,91.97319030761719,92.261962890625,97.0
90.35746765136719,93.4186782836914,93.47833251953125,95.0
86.9039535522461,87.18566131591797,87.08690643310547,84.94
