seed_6_y_pred,seed_6_y_std,seed_13_y_pred,seed_13_y_std,seed_42_y_pred,seed_42_y_std,log (Separation factor)
2.3087611198425293,0.34508463740348816,2.2450942993164062,0.34139591455459595,2.132276773452759,0.34184107184410095,2.782915040137594
2.285460948944092,0.34313857555389404,2.2445619106292725,0.3376407027244568,2.3332061767578125,0.3368133008480072,2.410529135682256
2.136615514755249,0.34203046560287476,2.1160035133361816,0.33872371912002563,2.123786449432373,0.3390386998653412,2.0883098426358813
1.9313976764678955,0.3457739055156708,1.98577082157135,0.3400174379348755,1.9857385158538818,0.34193307161331177,1.8664610930195247
1.832279920578003,0.3335020840167999,1.8336148262023926,0.3486312925815582,1.8940739631652832,0.3406168222427368,1.6903698339638435
-1.5786694288253784,0.379297137260437,-1.5895416736602783,0.39292094111442566,-1.5820351839065552,0.3744492530822754,-1.5496738959385876
-1.485977292060852,0.3659747540950775,-1.4989254474639893,0.39890289306640625,-1.4605802297592163,0.3799375891685486,-1.542102971317716
-1.4565646648406982,0.43423712253570557,-1.4949637651443481,0.4339692294597626,-1.488638162612915,0.4270484745502472,-1.5395381732734006
-0.34736084938049316,0.4921483099460602,-0.36208856105804443,0.4858417212963104,-0.35403478145599365,0.5043790340423584,-0.32538942028106693
-0.3985776901245117,0.4080495834350586,-0.4000546932220459,0.4047068953514099,-0.39687579870224,0.3963664770126343,-0.43012474165323444
-0.4470071792602539,0.39206430315971375,-0.4601914882659912,0.37427446246147156,-0.4512467384338379,0.3793031573295593,-0.5144456088957532
-0.5234511494636536,0.38904181122779846,-0.5091814994812012,0.38392016291618347,-0.4852610230445862,0.37429580092430115,-0.5472380875206616
-0.6216191053390503,0.38377028703689575,-0.6187186241149902,0.37977495789527893,-0.6013913154602051,0.3774416744709015,-0.6556320199734675
-0.7350111603736877,0.3904150724411011,-0.7540901899337769,0.37787672877311707,-0.7787800431251526,0.39476528763771057,-0.6609608610483607
-0.8115826845169067,0.3740643262863159,-0.8039400577545166,0.3938012421131134,-0.8287327885627747,0.4032937288284302,-0.7156299407687646
3.0765676498413086,0.37510305643081665,3.054828643798828,0.3826829195022583,3.0929319858551025,0.38987088203430176,3.1958074358152864
3.0209615230560303,0.3824012577533722,3.0592188835144043,0.3939555585384369,3.0035247802734375,0.37400132417678833,3.1958074358152864
1.872950553894043,0.4149743914604187,1.925417184829712,0.44774502515792847,1.8791720867156982,0.4237740933895111,1.8916346250702947
3.1274375915527344,0.3787044882774353,3.1502368450164795,0.36791300773620605,3.0929319858551025,0.38987088203430176,3.0189315434284336
3.075986862182617,0.372261106967926,3.0761466026306152,0.37011152505874634,3.0813956260681152,0.373744934797287,3.1958074358152864
3.0209615230560303,0.3824012577533722,3.0592188835144043,0.3939555585384369,3.1212849617004395,0.36909300088882446,3.0189315434284336
1.9704302549362183,0.3826400935649872,1.9342087507247925,0.38036048412323,1.953988790512085,0.3765324056148529,1.754670152523498
3.0209145545959473,0.37414783239364624,3.0206716060638428,0.36923325061798096,3.045531988143921,0.3753065764904022,3.1958074358152864
2.514522075653076,0.4665142893791199,2.490128517150879,0.4673762023448944,2.5265631675720215,0.4485371708869934,2.661812685537261
2.857635736465454,0.4513103663921356,2.8396029472351074,0.45272281765937805,2.881106376647949,0.4255693256855011,2.949877704036875
1.952683448791504,0.4023805558681488,2.005052089691162,0.4207064211368561,1.9360501766204834,0.3909563720226288,1.906295126853184
2.785012722015381,0.4351571798324585,2.7884740829467773,0.4282373785972595,2.7673754692077637,0.4294203817844391,2.967079734144497
2.735201835632324,0.44292107224464417,2.7466163635253906,0.45151403546333313,2.7512247562408447,0.44391846656799316,2.298853076409707
1.9485270977020264,0.39549529552459717,2.0173845291137695,0.4073917269706726,2.0150835514068604,0.3755269944667816,1.8342288931015198
2.109257936477661,0.4198427200317383,2.071437358856201,0.40315714478492737,2.097100019454956,0.4064455032348633,1.906295126853184
1.8854727745056152,0.47805550694465637,1.8747550249099731,0.4745873510837555,1.8522906303405762,0.4963180124759674,2.334740887922817
3.1120574474334717,0.4234980344772339,3.1091251373291016,0.41337689757347107,3.1027936935424805,0.41726556420326233,3.129593598631454
3.1120004653930664,0.4319075345993042,3.0903265476226807,0.4434693157672882,3.1220648288726807,0.4357607960700989,2.9756166540720357
2.9324138164520264,0.42898499965667725,2.939966917037964,0.4477526545524597,2.8811516761779785,0.4361099600791931,3.0110889721802105
3.157334327697754,0.42087918519973755,3.1767892837524414,0.44459235668182373,3.221576452255249,0.43471917510032654,3.043881485530335
3.061230182647705,0.39245229959487915,3.0933918952941895,0.42615586519241333,3.1476786136627197,0.42837923765182495,3.0110889721802105
2.9870481491088867,0.45061925053596497,2.970193386077881,0.43167829513549805,2.9733963012695312,0.43111634254455566,2.9369872517800037
3.243117332458496,0.45560118556022644,3.2168307304382324,0.4665483832359314,3.2431888580322266,0.43791258335113525,3.4648867983522846
3.2675023078918457,0.4272385537624359,3.289807081222534,0.4534241557121277,3.280409812927246,0.4322287440299988,3.252908802698647
3.2212212085723877,0.4771599769592285,3.0841586589813232,0.49144336581230164,3.210724353790283,0.44913598895072937,3.1727505157617624
3.680838108062744,0.43521013855934143,3.7321200370788574,0.47647884488105774,3.777961254119873,0.4160015881061554,3.721428571424871
3.734679937362671,0.396261066198349,3.715388298034668,0.4738295376300812,3.724087715148926,0.3948493003845215,3.721428571424871
3.662645101547241,0.3991038501262665,3.6764872074127197,0.45726460218429565,3.5818474292755127,0.42128023505210876,3.721428571424871
3.6253929138183594,0.43309924006462097,3.6051340103149414,0.4082532227039337,3.5176146030426025,0.4525175392627716,3.721428571424871
1.0966852903366089,0.3438783884048462,1.1545374393463135,0.35224008560180664,1.1337575912475586,0.35298237204551697,0.692907962872534
1.5000011920928955,0.364245742559433,1.500593900680542,0.36607468128204346,1.4955025911331177,0.36538416147232056,0.7083283371027844
0.8848920464515686,0.3548315465450287,0.9256619215011597,0.3510683476924896,1.0608991384506226,0.3588729202747345,0.7515534544607227
0.8688070178031921,0.35642021894454956,0.7655444145202637,0.3540513813495636,0.8907798528671265,0.35202646255493164,0.9137089734924423
0.8040812015533447,0.35900261998176575,0.8758059144020081,0.3546006977558136,0.9902783632278442,0.36363112926483154,1.0433428227646813
0.4232146739959717,0.3556818962097168,0.4223354458808899,0.3657344579696655,0.41448646783828735,0.3651033937931061,1.091196668422001
0.4638969898223877,0.3520314395427704,0.45521438121795654,0.362045019865036,0.6179798245429993,0.3578393757343292,0.47424512184005757
0.5895493030548096,0.35683849453926086,0.6574338674545288,0.35691651701927185,0.5568164587020874,0.3585086464881897,0.3031746641091766
0.8415625691413879,0.35845088958740234,0.8007754683494568,0.3574117124080658,0.6905810832977295,0.35305848717689514,0.22098790803886847
1.1281442642211914,0.36182060837745667,1.1229710578918457,0.35752901434898376,1.191025733947754,0.367313951253891,0.5650525358640097
1.8152868747711182,0.36875689029693604,1.8760864734649658,0.36326712369918823,1.7991018295288086,0.4044196903705597,1.8864907251724818
1.74039626121521,0.3670254051685333,1.7764066457748413,0.38182199001312256,1.696829080581665,0.4027739465236664,1.7708520116421442
1.72761869430542,0.3715745210647583,1.6962740421295166,0.38181012868881226,1.617084264755249,0.40150532126426697,1.662757831681574
1.660813808441162,0.3737841248512268,1.7018733024597168,0.37024059891700745,1.7802379131317139,0.3710702657699585,1.4771212547196624
2.0652923583984375,0.3460322618484497,2.0842251777648926,0.34034115076065063,2.0674338340759277,0.3406813144683838,2.1550322287909704
2.055168628692627,0.3433670103549957,2.068964958190918,0.33977919816970825,2.1241087913513184,0.3468383252620697,2.06126394230025
1.9871094226837158,0.34654223918914795,2.0323879718780518,0.3475106358528137,2.0091686248779297,0.3418446481227875,1.8915932043489652
2.059396743774414,0.334354430437088,2.1528820991516113,0.33927085995674133,2.110091209411621,0.341315895318985,2.171053287559376
1.8128937482833862,0.34622758626937866,1.8397057056427002,0.3380948603153229,1.850785255432129,0.33898046612739563,2.016029963076024
2.05996036529541,0.34791457653045654,2.0387778282165527,0.3512152433395386,2.0347580909729004,0.3463444709777832,2.138113146487167
2.007056951522827,0.3448599576950073,2.0323879718780518,0.3475106358528137,1.9848101139068604,0.33908310532569885,1.7580788222496126
1.907737135887146,0.3316267132759094,2.0001423358917236,0.3364279568195343,1.8926818370819092,0.3397391140460968,1.9790473269479647
1.9307279586791992,0.33858823776245117,1.9205009937286377,0.3356938660144806,1.9262399673461914,0.33879271149635315,1.9916690073799486
1.8650658130645752,0.35221558809280396,1.8268718719482422,0.3491861820220947,1.8790340423583984,0.34600645303726196,1.8935953338198832
1.8505926132202148,0.34302666783332825,1.8737363815307617,0.3406369984149933,1.87347412109375,0.3356899619102478,1.9066582176715998
1.8768317699432373,0.33679434657096863,1.9009554386138916,0.34682586789131165,1.9212825298309326,0.3443809449672699,1.95535095736766
1.9234421253204346,0.3432820439338684,1.9221150875091553,0.344524085521698,1.8926818370819092,0.3397391140460968,2.0230877669954452
1.9307279586791992,0.3385877311229706,2.0001423358917236,0.3364279568195343,1.9783844947814941,0.33643394708633423,1.9648722086377752
1.866300344467163,0.3396923243999481,1.8460838794708252,0.3560766875743866,1.9097099304199219,0.35225507616996765,2.0808428588345618
1.9307279586791992,0.3385877311229706,1.9205009937286377,0.3356938660144806,1.9262399673461914,0.33879226446151733,2.002511631284908
1.907737135887146,0.3316269516944885,1.8872337341308594,0.3381037712097168,1.9333131313323975,0.3436093330383301,1.9916247345340055
1.9234421253204346,0.3432820439338684,1.8872337341308594,0.3381040096282959,1.9262399673461914,0.33879247307777405,1.9839418589838882
1.8505926132202148,0.34302666783332825,1.875762701034546,0.33532285690307617,1.8670799732208252,0.3392343819141388,1.914977472444331
1.8505926132202148,0.34302666783332825,1.875762701034546,0.33532285690307617,1.8670799732208252,0.3392343819141388,1.9404666776635289
1.880378246307373,0.34075024724006653,1.8905924558639526,0.3348475396633148,1.8670799732208252,0.3392343819141388,1.8754664158663856
1.8690409660339355,0.3398427367210388,1.8905924558639526,0.3348475396633148,1.87347412109375,0.3356902003288269,1.9549175537349588
1.9307279586791992,0.3385877311229706,1.9205009937286377,0.3356938660144806,1.9783844947814941,0.33643418550491333,1.9789561652175915
1.8759112358093262,0.3354581296443939,1.8534809350967407,0.3420988619327545,1.8527371883392334,0.3459961414337158,2.048325250931222
1.8128937482833862,0.34622782468795776,1.8397057056427002,0.3380948603153229,1.8271479606628418,0.3411594033241272,1.994844849553398
1.8929481506347656,0.3370668888092041,1.8905924558639526,0.3348475396633148,1.87347412109375,0.3356899619102478,1.926188049107206
1.914903163909912,0.3287733495235443,1.9157235622406006,0.34406405687332153,1.87347412109375,0.3356899619102478,1.8996563803056357
1.8768317699432373,0.33679434657096863,1.8254849910736084,0.34226498007774353,1.8950952291488647,0.34283289313316345,2.0250189722827594
1.8696844577789307,0.3376447856426239,1.9737780094146729,0.3495844304561615,1.9468717575073242,0.34365230798721313,1.9643067823039364
1.8929481506347656,0.3370668888092041,1.9157235622406006,0.34406405687332153,1.8957750797271729,0.33523887395858765,1.8516252031533091
1.8930753469467163,0.3446532189846039,1.8464006185531616,0.3508203327655792,1.868058443069458,0.3409011960029602,2.024854948305018
1.8238277435302734,0.34404051303863525,1.7749660015106201,0.3415900468826294,1.7975610494613647,0.34142282605171204,2.0141003215196207
1.7754664421081543,0.3394079804420471,1.793210744857788,0.33699899911880493,1.7384690046310425,0.340896874666214,1.9457639231111736
1.8565077781677246,0.3472287654876709,1.8190429210662842,0.3442971110343933,1.8436832427978516,0.3420741558074951,1.839540892968969
1.741729974746704,0.33767759799957275,1.7960126399993896,0.3397875726222992,1.7699278593063354,0.3431043028831482,1.9484618700612835
2.017817497253418,0.34664827585220337,1.9674841165542603,0.3467276990413666,1.9451594352722168,0.3426600694656372,1.9435439771534544
1.754752516746521,0.35340648889541626,1.65998113155365,0.34689366817474365,1.75600266456604,0.3473252058029175,1.6865468990630061
1.7596302032470703,0.3453626036643982,1.7750115394592285,0.35099145770072937,1.7610689401626587,0.3424561321735382,1.6138418218760693
1.764755129814148,0.34768053889274597,1.7750115394592285,0.35099145770072937,1.747449517250061,0.3482918441295624,1.721315880605899
1.8129862546920776,0.3510265052318573,1.7860629558563232,0.3505946695804596,1.7845067977905273,0.35293880105018616,1.7841178164629232
1.3098078966140747,0.38965919613838196,1.4498975276947021,0.38677778840065,1.344857096672058,0.38607916235923767,2.0969100130080562
3.0851850509643555,0.5347843170166016,3.025808811187744,0.6262199282646179,3.1046712398529053,0.5282108187675476,2.2133020250809263
1.6363096237182617,0.37436896562576294,1.602992057800293,0.37869441509246826,1.5888195037841797,0.38657060265541077,1.7403626894942439
1.629307746887207,0.386947900056839,1.7670705318450928,0.38065245747566223,1.6284279823303223,0.3826870620250702,1.5563025007672873
1.724114179611206,0.3904084265232086,1.5984305143356323,0.3864744305610657,1.6735455989837646,0.383078396320343,1.3617278360175928
2.8369150161743164,0.39751604199409485,2.8125762939453125,0.3864363729953766,2.827012062072754,0.433500736951828,3.494845360876192
2.307464122772217,0.3803572654724121,2.2200675010681152,0.37741678953170776,2.1504509449005127,0.3886580169200897,2.648351648047793
2.461683988571167,0.3406508266925812,2.5106987953186035,0.3541305363178253,2.647068500518799,0.3488021492958069,3.7472527472702843
3.568227767944336,0.3591638505458832,3.4347338676452637,0.3533645272254944,3.5082595348358154,0.3588409721851349,3.5567010309527096
2.3017501831054688,0.37543702125549316,2.341728687286377,0.38994938135147095,2.3090124130249023,0.3754255175590515,2.2527472516219995
2.8155720233917236,0.3800418972969055,2.898601770401001,0.4214658737182617,2.796245574951172,0.3760440945625305,3.185567010348935
2.4800450801849365,0.33910948038101196,2.6696016788482666,0.34218576550483704,2.716193437576294,0.34982165694236755,3.373626373692846
2.623943328857422,0.3544809818267822,2.410231828689575,0.34981346130371094,2.549659252166748,0.35711658000946045,3.1758241758842307
2.067218065261841,0.3956308364868164,2.1554691791534424,0.37456730008125305,2.1053056716918945,0.38535574078559875,1.8791208808326323
2.6497228145599365,0.38024359941482544,2.678248882293701,0.42706963419914246,2.499833822250366,0.4347829222679138,2.5876288655023565
2.1009445190429688,0.34831318259239197,2.200672149658203,0.3612925410270691,2.3188529014587402,0.35696759819984436,3.109890109743888
1.7843360900878906,0.4014666676521301,1.7511894702911377,0.40018928050994873,1.6432522535324097,0.39337942004203796,1.6153846171849842
2.2233738899230957,0.4005722105503082,2.334712028503418,0.4293971359729767,2.1329128742218018,0.4388718605041504,2.0721649499840895
3.3249449729919434,0.34324905276298523,3.5438852310180664,0.3600967824459076,3.478121519088745,0.34786584973335266,3.1443298969803704
3.2369115352630615,0.36010828614234924,3.3249709606170654,0.364002525806427,3.261169910430908,0.3525102436542511,3.0
2.122469425201416,0.3661230504512787,2.105799674987793,0.37135472893714905,2.195319652557373,0.36646249890327454,2.5857539203001383
2.5219838619232178,0.37061330676078796,2.1927976608276367,0.36246421933174133,2.4810330867767334,0.3671760857105255,2.2329961103921536
2.470325469970703,0.37753042578697205,2.254140853881836,0.3619748055934906,2.16621732711792,0.3641125559806824,2.091139153825755
2.156135082244873,0.35821762681007385,2.2300634384155273,0.35407939553260803,2.2272541522979736,0.35260680317878723,2.014142361545006
2.160825729370117,0.3586142361164093,2.1583235263824463,0.3571757376194,2.370330333709717,0.37344270944595337,1.797059694699971
2.222830295562744,0.3746296763420105,2.163773536682129,0.36647966504096985,2.255948066711426,0.3784741759300232,1.4313637641589874
2.452667713165283,0.3788065016269684,2.228001832962036,0.360560804605484,2.2969603538513184,0.36424720287323,1.9433460983565907
0.9982483386993408,0.37847429513931274,1.0808855295181274,0.3648410439491272,0.9314417243003845,0.38000577688217163,1.1958996524092338
0.8191304206848145,0.3675764799118042,0.7945326566696167,0.3614552915096283,0.8166895508766174,0.36536407470703125,1.3384564936046048
0.5782449245452881,0.3816392421722412,0.6813910007476807,0.3597021698951721,0.5582021474838257,0.389097660779953,0.8000293592441343
0.14590102434158325,0.40059801936149597,0.10233616828918457,0.39497604966163635,0.27481210231781006,0.3773548901081085,0.43136376415898736
0.3373039960861206,0.3845052123069763,0.33000969886779785,0.381382554769516,0.25981277227401733,0.3931080400943756,0.5976951859255123
1.6062631607055664,0.355852872133255,1.6760730743408203,0.35553333163261414,1.590698480606079,0.35343116521835327,1.3489140642805864
1.654320478439331,0.3652045726776123,1.5604298114776611,0.3557378649711609,1.682971477508545,0.36505094170570374,1.4458273795107597
1.7867999076843262,0.3553430140018463,1.6939458847045898,0.35390251874923706,1.803891658782959,0.36003321409225464,1.0235287559107962
1.6323678493499756,0.3588114082813263,1.6441854238510132,0.35276758670806885,1.7505327463150024,0.3642983138561249,0.8182450338304359
1.496527910232544,0.3642793893814087,1.475021481513977,0.3629209101200104,1.4900603294372559,0.36183375120162964,1.411493961191841
1.6667009592056274,0.36527305841445923,1.6218223571777344,0.35711145401000977,1.6614001989364624,0.3642112910747528,1.3789952173028488
2.448901653289795,0.3413959741592407,2.3490798473358154,0.3486374020576477,2.527798891067505,0.35291990637779236,3.384430915612883
2.4441144466400146,0.35860714316368103,2.4051976203918457,0.3521648943424225,2.3604702949523926,0.3469069004058838,2.5533746738435656
1.4756338596343994,0.3773607313632965,1.5240325927734375,0.3762625455856323,1.4446680545806885,0.37431493401527405,1.3358747436403984
2.326209545135498,0.35837188363075256,2.3719139099121094,0.35458341240882874,2.3388001918792725,0.36157649755477905,2.7283360648802804
2.4098803997039795,0.35888558626174927,2.3061747550964355,0.3514271378517151,2.321688413619995,0.3497214913368225,2.4559758310734465
2.342353582382202,0.36131876707077026,2.370805263519287,0.36097604036331177,2.2473230361938477,0.3548358380794525,2.348835676780415
2.3453598022460938,0.34878239035606384,2.4161365032196045,0.36115533113479614,2.4529404640197754,0.3572177588939667,2.2933186743860787
2.380526542663574,0.3755977749824524,2.3575289249420166,0.378851979970932,2.2981231212615967,0.38101816177368164,2.2035943611024584
2.4073894023895264,0.3486970067024231,2.3035049438476562,0.3402603268623352,2.3633251190185547,0.34271374344825745,2.814913181275074
2.3645143508911133,0.3318254053592682,2.376467227935791,0.3371889293193817,2.403031349182129,0.3411084711551666,2.531478917042255
2.3238625526428223,0.34349605441093445,2.33195161819458,0.3510855436325073,2.331644296646118,0.3525267541408539,2.385606273598312
2.222609043121338,0.3472166955471039,2.2230138778686523,0.3453672528266907,2.315822124481201,0.3495592474937439,2.2764618041732443
2.343248128890991,0.33742260932922363,2.302797794342041,0.35207483172416687,2.2715249061584473,0.34411734342575073,2.2405492482825995
2.3939554691314697,0.3548179268836975,2.4011261463165283,0.3482074439525604,2.402550220489502,0.35205766558647156,2.146128035678238
2.3280601501464844,0.3708215355873108,2.2095224857330322,0.3585857152938843,2.2909674644470215,0.3742403984069824,2.037426497940624
1.9873907566070557,0.34813645482063293,1.950747013092041,0.34862416982650757,2.053297519683838,0.35133445262908936,1.9294189257142929
1.8056986331939697,0.3518315255641937,1.7961219549179077,0.3476341664791107,1.7549018859863281,0.3570218086242676,1.5797835966168101
1.6014654636383057,0.36279550194740295,1.7454450130462646,0.38050606846809387,1.581282615661621,0.36197951436042786,1.3979400086720377
1.680783987045288,0.38003891706466675,1.4978466033935547,0.3670022487640381,1.4505189657211304,0.37416085600852966,1.5440680443502757
1.3786489963531494,0.3577977120876312,1.4267902374267578,0.3755536675453186,1.4899022579193115,0.3758452832698822,1.0791812460476249
1.317145586013794,0.38192811608314514,1.2298219203948975,0.3692430555820465,1.2098023891448975,0.3728891909122467,0.7781512503836436
2.3101048469543457,0.37441474199295044,2.2445759773254395,0.36770397424697876,2.2674083709716797,0.37645044922828674,2.814913181275074
2.2363440990448,0.3744688332080841,2.1702399253845215,0.3645654022693634,2.213811159133911,0.3709072470664978,2.3483048630481607
1.915551781654358,0.37006455659866333,2.020692825317383,0.37627464532852173,2.070991277694702,0.3688354194164276,2.103803720955957
2.354426145553589,0.3420596420764923,2.4140286445617676,0.34135085344314575,2.3624908924102783,0.3397383689880371,2.814913181275074
2.222609043121338,0.3472166955471039,2.201866865158081,0.3385273814201355,2.2105588912963867,0.3391706943511963,2.3483048630481607
1.9995126724243164,0.34416139125823975,1.950747013092041,0.34862416982650757,1.970876693725586,0.3443731665611267,2.103803720955957
1.7518136501312256,0.3370878994464874,1.7961219549179077,0.3476341664791107,1.7621656656265259,0.3441409766674042,1.5797835966168101
1.497572660446167,0.3741336166858673,1.7454450130462646,0.38050606846809387,1.6588399410247803,0.36918509006500244,1.3979400086720377
2.3600404262542725,0.3440943658351898,2.347780227661133,0.3467472493648529,2.337111473083496,0.33913886547088623,2.814913181275074
2.1968603134155273,0.3418762981891632,2.2461299896240234,0.34017226099967957,2.2105588912963867,0.3391706943511963,2.3483048630481607
2.3176708221435547,0.34949952363967896,2.3781228065490723,0.3419364392757416,2.297598123550415,0.3412006199359894,2.550228353055094
2.0086097717285156,0.34609586000442505,1.973949909210205,0.33926284313201904,1.970876693725586,0.3443734049797058,2.103803720955957
2.259847640991211,0.3475472629070282,2.3087565898895264,0.3420383334159851,2.3635778427124023,0.3487462103366852,2.45484486000851
1.9026352167129517,0.3546304404735565,1.9494102001190186,0.3547723889350891,1.9563920497894287,0.3468496799468994,1.7481880270062005
2.2890148162841797,0.33774036169052124,2.244337558746338,0.35418444871902466,2.2348082065582275,0.35551005601882935,2.0718820073061255
1.746453046798706,0.35313424468040466,1.7831988334655762,0.3548873960971832,1.7668598890304565,0.34845975041389465,1.5797835966168101
2.237362861633301,0.3402775228023529,2.1481659412384033,0.3457363545894623,2.1971981525421143,0.3505953550338745,1.968482948553935
1.6631908416748047,0.36587825417518616,1.7454450130462646,0.38050606846809387,1.6588399410247803,0.36918509006500244,1.3979400086720377
1.9779599905014038,0.3429158329963684,1.9962661266326904,0.3576212525367737,1.9711134433746338,0.3542582392692566,1.5314789170422551
1.6037497520446777,0.3724744915962219,1.4177136421203613,0.3655170798301697,1.4598889350891113,0.3671064078807831,1.380211241711606
1.4253405332565308,0.3546368479728699,1.4446219205856323,0.3668493330478668,1.3547182083129883,0.35978350043296814,1.2304489213782739
2.1356191635131836,0.3608067035675049,2.1938090324401855,0.3640463948249817,2.2010788917541504,0.358570396900177,2.8312296938670634
1.365246057510376,0.36492785811424255,1.4266718626022339,0.36599376797676086,1.5471113920211792,0.3665733337402344,1.1139433523068367
1.6005277633666992,0.3759476840496063,1.4092110395431519,0.36705124378204346,1.6070737838745117,0.37034207582473755,0.9030899869919435
2.254570484161377,0.3657861053943634,2.1746129989624023,0.36365458369255066,2.0522968769073486,0.36550065875053406,2.444044795918076
2.209996223449707,0.3639051616191864,2.3763985633850098,0.3623307943344116,2.116101026535034,0.3678402006626129,2.515873843711679
2.269827365875244,0.35521072149276733,2.2588977813720703,0.36993589997291565,2.30853271484375,0.36870408058166504,2.1702617153949575
2.341139078140259,0.3463297188282013,2.3250741958618164,0.34923508763313293,2.132276773452759,0.34184107184410095,2.625312450961674
2.2780706882476807,0.3384694457054138,2.2551467418670654,0.34486123919487,2.2433531284332275,0.3397845923900604,2.2329961103921536
2.1762795448303223,0.3439379334449768,2.1160035133361816,0.33872371912002563,2.1408486366271973,0.34694820642471313,1.8203046135268586
2.0165843963623047,0.34397560358047485,2.01527738571167,0.3450773060321808,2.043809175491333,0.3391423225402832,1.6161846334984153
2.154357671737671,0.35170528292655945,2.2968602180480957,0.3591980040073395,2.1331870555877686,0.3478330373764038,2.0203612826477078
1.832279920578003,0.33350229263305664,1.827530860900879,0.34181204438209534,1.8940739631652832,0.3406165838241577,1.3943358768754412
1.731244444847107,0.3472211956977844,1.7100450992584229,0.34506335854530334,1.695385217666626,0.3475872278213501,1.3943358768754412
2.1829051971435547,0.35908761620521545,2.1591875553131104,0.34988632798194885,2.2710647583007812,0.36044928431510925,1.8627275283179747
2.281806468963623,0.33333903551101685,2.2450942993164062,0.34139591455459595,2.132276773452759,0.34184131026268005,3.1672727939401932
2.1674633026123047,0.34417539834976196,2.2717227935791016,0.3438430726528168,2.2433531284332275,0.33978480100631714,2.732555387821718
2.06150484085083,0.3452776074409485,2.127514600753784,0.3461039960384369,2.1213462352752686,0.34111037850379944,2.245214967977794
2.0141193866729736,0.3404618799686432,2.01527738571167,0.3450773060321808,1.9857385158538818,0.34193331003189087,1.7011469211582442
1.854655146598816,0.34527939558029175,1.827530860900879,0.34181204438209534,1.7814867496490479,0.33915361762046814,1.7011469211582442
2.22666072845459,0.3475087881088257,2.3082692623138428,0.33776775002479553,2.3092117309570312,0.3500010669231415,2.7904043667870764
2.285460948944092,0.34313857555389404,2.2717227935791016,0.3438430726528168,2.2562122344970703,0.34589624404907227,2.423245873936808
2.0004196166992188,0.34322798252105713,1.9594922065734863,0.335795521736145,1.9970993995666504,0.3398300111293793,1.988772021023035
2.2372565269470215,0.3407679498195648,2.2968602180480957,0.3591980040073395,2.2902448177337646,0.3505363464355469,2.0211892990699383
2.149444818496704,0.3552192449569702,2.2634758949279785,0.36306461691856384,2.2710647583007812,0.36044973134994507,1.863322860120456
2.3166942596435547,0.3671776354312897,2.26529598236084,0.3838583528995514,2.1741933822631836,0.382572740316391,1.7634279935629373
1.69522225856781,0.34941163659095764,1.6787745952606201,0.35377633571624756,1.625081181526184,0.3436366617679596,1.5116507707600613
1.3443635702133179,0.3930269181728363,1.296334147453308,0.37493306398391724,1.2684791088104248,0.38766807317733765,1.5116507707600613
1.9953662157058716,0.3736391067504883,2.0200319290161133,0.38295987248420715,1.837010383605957,0.39416977763175964,2.7503469106520897
3.051213264465332,0.3800375759601593,3.0642170906066895,0.38113683462142944,2.6982033252716064,0.38529837131500244,3.295541529929717
2.3439536094665527,0.40731021761894226,2.444796085357666,0.39688339829444885,2.407136917114258,0.4055854380130768,2.3717120565379637
3.011225938796997,0.4281051754951477,2.872483253479004,0.42522871494293213,2.923565626144409,0.42378470301628113,2.9342635071094874
2.3439950942993164,0.39471620321273804,2.2892961502075195,0.3903680145740509,2.120776414871216,0.42122817039489746,2.70895422526236
2.352005958557129,0.43212804198265076,2.340731143951416,0.4394596517086029,2.1098995208740234,0.46191760897636414,2.758172248053806
-1.8464977741241455,0.343185156583786,-1.8449594974517822,0.34099218249320984,-1.84699547290802,0.3476230502128601,-1.8560488835760365
-1.8850750923156738,0.34578344225883484,-1.8620402812957764,0.3491417169570923,-1.8503612279891968,0.3462071716785431,-1.866716634139011
-1.858079195022583,0.34663981199264526,-1.8575997352600098,0.340150386095047,-1.8535715341567993,0.34508633613586426,-1.8991816042684635
-1.858336329460144,0.34588825702667236,-1.8514060974121094,0.3394964039325714,-1.8489563465118408,0.33894965052604675,-1.9145667025830104
-1.8443259000778198,0.3337268531322479,-1.8523707389831543,0.3393516540527344,-1.8593982458114624,0.34374427795410156,-1.905039997563334
-1.861241340637207,0.34597063064575195,-1.8531436920166016,0.33945128321647644,-1.8516638278961182,0.3390484154224396,-1.9126800877935992
-1.8663465976715088,0.34053337574005127,-1.8623688220977783,0.33996328711509705,-1.8526325225830078,0.33952081203460693,-1.9126800877935992
-1.8454245328903198,0.3350955843925476,-1.8527588844299316,0.33970358967781067,-1.8512024879455566,0.3417433500289917,-1.9183287127090762
-1.8565422296524048,0.3484015464782715,-1.8841742277145386,0.34843680262565613,-1.8690930604934692,0.35043594241142273,-1.9257688619796745
-1.8555091619491577,0.3497503399848938,-1.8740136623382568,0.3512391448020935,-1.8484904766082764,0.34446290135383606,-1.9330408021328778
-1.8446358442306519,0.3386240005493164,-1.8513851165771484,0.3442577123641968,-1.8468716144561768,0.3462125360965729,-1.9525304253801434
-1.8761186599731445,0.3530271053314209,-1.8715277910232544,0.35365721583366394,-1.8719311952590942,0.3477105498313904,-1.7159981321322852
-1.8777332305908203,0.3521314859390259,-1.872989296913147,0.3528953492641449,-1.8486242294311523,0.3421145975589752,-1.7403583465711394
-1.8301221132278442,0.33785349130630493,-1.827516794204712,0.34426188468933105,-1.8319586515426636,0.3545122444629669,-1.8920780998137208
-1.8507741689682007,0.35125258564949036,-1.8481369018554688,0.3549208343029022,-1.8700155019760132,0.3498285412788391,-1.7075667017559786
-1.8823504447937012,0.3570927381515503,-1.8750988245010376,0.35924071073532104,-1.8490875959396362,0.3600488603115082,-1.7853415611200816
-1.7586052417755127,0.37222033739089966,-1.759653091430664,0.3644388020038605,-1.7646169662475586,0.3640110194683075,-1.6720896064189503
-1.7344067096710205,0.3687874674797058,-1.7702665328979492,0.3820195198059082,-1.702372431755066,0.3777409493923187,-1.7923925580880862
-1.757068395614624,0.37441056966781616,-1.7201108932495117,0.3639599084854126,-1.7037025690078735,0.3767555058002472,-1.8450893542114766
-1.7234176397323608,0.3559689223766327,-1.724609375,0.360591858625412,-1.7239899635314941,0.3624447286128998,-1.8450893542114766
-1.7833898067474365,0.39098241925239563,-1.787841558456421,0.39736416935920715,-1.8002907037734985,0.3794339597225189,-1.6127881996862694
3.612861156463623,0.4924525320529938,3.6068289279937744,0.47639039158821106,3.5918264389038086,0.515325129032135,3.4514794051248616
3.0220279693603516,0.8827458024024963,3.0187768936157227,0.8877390623092651,3.243271827697754,0.8858563303947449,3.3334472744967503
3.3138368129730225,0.516037106513977,3.316730260848999,0.5118314027786255,3.350200891494751,0.498712420463562,3.752893154884594
3.689391613006592,0.438861608505249,3.668029308319092,0.4575828015804291,3.5235822200775146,0.5706194639205933,3.752893154884594
3.6560311317443848,0.48352909088134766,3.66180682182312,0.4736647307872772,3.491161584854126,0.61156165599823,3.752893154884594
3.3206775188446045,0.8552501797676086,3.277257204055786,0.8857150077819824,3.3305888175964355,0.8372573852539062,3.450557009418329
3.60030460357666,0.5123191475868225,3.5164263248443604,0.49179962277412415,3.511310338973999,0.49015185236930847,3.1360860973840974
3.005984306335449,0.49356022477149963,3.0043487548828125,0.4867222309112549,3.00471830368042,0.5036327838897705,3.752893154884594
3.2523653507232666,0.8968664407730103,3.022557258605957,0.8508206605911255,3.0102310180664062,0.8611275553703308,2.7032913781186614
-1.4706895351409912,0.34440523386001587,-1.4608205556869507,0.3495404124259949,-1.4727909564971924,0.3465788960456848,-1.5812513837504258
-1.4775311946868896,0.34614846110343933,-1.460828423500061,0.34953948855400085,-1.4728097915649414,0.3465786874294281,-1.5453075507605232
-1.4775660037994385,0.3461466133594513,-1.4824802875518799,0.34403204917907715,-1.472830057144165,0.3465788960456848,-1.533013817133032
-1.4880648851394653,0.3339589238166809,-1.4824776649475098,0.34403204917907715,-1.4817345142364502,0.3430793285369873,-1.5296042111849706
-1.4706034660339355,0.3444099724292755,-1.4855167865753174,0.3474618196487427,-1.493712306022644,0.3436100482940674,-1.5296042111849706
-1.4945451021194458,0.3462786078453064,-1.4608689546585083,0.34953761100769043,-1.4814866781234741,0.3497926592826843,-1.5238497543207328
-1.4777631759643555,0.34614822268486023,-1.4984703063964844,0.34130334854125977,-1.4817771911621094,0.3430848717689514,-1.5133003844857955
-1.417574167251587,0.33929815888404846,-1.4100922346115112,0.34359464049339294,-1.4234203100204468,0.3383667767047882,-1.5024760242964594
-1.4706213474273682,0.34440264105796814,-1.4609309434890747,0.3495467007160187,-1.4818260669708252,0.343095988035202,-1.5000381344038098
-1.4944497346878052,0.34632444381713867,-1.4823987483978271,0.34408217668533325,-1.4819350242614746,0.34314361214637756,-1.4951215405897842
-1.4875998497009277,0.3463020920753479,-1.4991674423217773,0.3413865864276886,-1.4733788967132568,0.34669092297554016,-1.4913894895705875
-1.4163674116134644,0.3323964476585388,-1.4101096391677856,0.3435906171798706,-1.422877311706543,0.33905982971191406,-1.470954829234231
-1.4163435697555542,0.33239811658859253,-1.4191100597381592,0.3394443392753601,-1.4185901880264282,0.34845170378685,-1.452237597746271
-1.4225481748580933,0.3428616225719452,-1.428663730621338,0.33797118067741394,-1.4186354875564575,0.3484407663345337,-1.4467482507373315
-1.416453242301941,0.3323925733566284,-1.41908860206604,0.3394402861595154,-1.418960452079773,0.3398398458957672,-1.4269310360683782
-1.4224833250045776,0.3428647816181183,-1.419053554534912,0.33945339918136597,-1.4236880540847778,0.3383670449256897,-1.4061824691376896
-1.4311420917510986,0.3417229652404785,-1.4286797046661377,0.3449985384941101,-1.4289145469665527,0.33732593059539795,-1.4000623717448568
-1.4225116968154907,0.3428579866886139,-1.4101980924606323,0.34358230233192444,-1.4187294244766235,0.3484309911727905,-1.396974776872414
-1.4167455434799194,0.3324403762817383,-1.4291400909423828,0.338030070066452,-1.4291470050811768,0.33738404512405396,-1.3938551963006236
-1.4318246841430664,0.3417598605155945,-1.4243781566619873,0.3363804817199707,-1.4238024950027466,0.3383936583995819,-1.3907258275954124
-1.309590220451355,0.33077511191368103,-1.3186266422271729,0.33916032314300537,-1.305038332939148,0.3418033719062805,-1.3714169581560063
-1.3079525232315063,0.34397897124290466,-1.312528133392334,0.3375747501850128,-1.3119736909866333,0.34808647632598877,-1.34251389224094
-1.307949423789978,0.34397318959236145,-1.3147997856140137,0.3374405801296234,-1.3050400018692017,0.34178951382637024,-1.3354238316236207
-1.315725326538086,0.34356197714805603,-1.3153975009918213,0.3374148905277252,-1.3237982988357544,0.3375386893749237,-1.3354238316236207
-1.3327622413635254,0.34252092242240906,-1.3172188997268677,0.3423621952533722,-1.3180644512176514,0.33577999472618103,-1.3096532725069365
-1.3327269554138184,0.3425244390964508,-1.3199896812438965,0.3451429307460785,-1.3119975328445435,0.34807172417640686,-1.3077525210966168
-1.3079005479812622,0.3439244031906128,-1.3188729286193848,0.3390868008136749,-1.3121119737625122,0.34801268577575684,-1.3077525210966168
-1.3079262971878052,0.3439461588859558,-1.3187668323516846,0.3391127288341522,-1.3050421476364136,0.34175679087638855,-1.3000582639581695
-1.3331444263458252,0.3424936532974243,-1.318913459777832,0.33907878398895264,-1.3193817138671875,0.33907753229141235,-1.276150439812741
-1.315857172012329,0.34356674551963806,-1.3205091953277588,0.345093309879303,-1.3196766376495361,0.33907291293144226,-1.2699610197551283
-1.1895853281021118,0.34005990624427795,-1.1722149848937988,0.3465038537979126,-1.1863340139389038,0.3470941185951233,-1.237614064799184
-1.18293035030365,0.34946197271347046,-1.1752614974975586,0.3512525260448456,-1.1876238584518433,0.3481111526489258,-1.1953291038227962
-1.1966526508331299,0.34749698638916016,-1.2011158466339111,0.34506237506866455,-1.1792163848876953,0.34755468368530273,-1.1457121807273067
-1.1896966695785522,0.34001624584198,-1.1723668575286865,0.3464455306529999,-1.187623143196106,0.3480698764324188,-1.1081783090614614
-1.1897441148757935,0.34000086784362793,-1.1992255449295044,0.34975379705429077,-1.1865099668502808,0.34707048535346985,-1.0990323760808758
-1.1828006505966187,0.3494020998477936,-1.1993316411972046,0.34972813725471497,-1.1796393394470215,0.3474665880203247,-1.0990323760808758
-1.1965389251708984,0.34739863872528076,-1.2016198635101318,0.345056414604187,-1.1860852241516113,0.3422931134700775,-1.089690492715642
-1.340558409690857,0.39137861132621765,-1.3897747993469238,0.4120737314224243,-1.303636908531189,0.3928619623184204,-1.4708906082386384
-1.435983419418335,0.4084549844264984,-1.367640495300293,0.3810862600803375,-1.3624871969223022,0.3902028203010559,-1.4031610861748427
-1.4391822814941406,0.40975221991539,-1.3955614566802979,0.40762534737586975,-1.4267774820327759,0.38576245307922363,-1.2427786352254133
-1.2694907188415527,0.36003100872039795,-1.290583610534668,0.3604562282562256,-1.2876378297805786,0.36314159631729126,-1.3703967446635097
-1.2724802494049072,0.3537377715110779,-1.2570946216583252,0.353903204202652,-1.2609807252883911,0.3534853756427765,-1.33426895474132
-1.2603713274002075,0.337009996175766,-1.275902509689331,0.354718416929245,-1.2737826108932495,0.3503493368625641,-1.3309901169490612
-1.3749761581420898,0.3633483052253723,-1.3649675846099854,0.36498886346817017,-1.3851497173309326,0.35323306918144226,-1.3309901169490612
-1.465255618095398,0.3691476881504059,-1.459427833557129,0.370865136384964,-1.4624563455581665,0.36880815029144287,-1.3132654447552288
-1.263798713684082,0.3497939705848694,-1.2799540758132935,0.3520471751689911,-1.2804230451583862,0.35596272349357605,-1.3047197567707973
-1.2608897686004639,0.35333502292633057,-1.279858112335205,0.35812872648239136,-1.2698060274124146,0.3536321520805359,-1.292310622169266
-1.1261413097381592,0.3684208393096924,-1.1219708919525146,0.3628528416156769,-1.1316521167755127,0.3542633652687073,-1.2621079589593571
-1.2599406242370605,0.35754644870758057,-1.2650456428527832,0.35650011897087097,-1.2737361192703247,0.35991567373275757,-1.2454605556029916
-1.0635955333709717,0.3928065299987793,-1.0747358798980713,0.37762895226478577,-1.1002315282821655,0.3858952224254608,-1.18020608807606
-1.253983736038208,0.3653200566768646,-1.2746332883834839,0.359309583902359,-1.2701269388198853,0.3651011884212494,-1.127360151716975
-1.1509637832641602,0.4526224434375763,-1.178396463394165,0.42589250206947327,-1.1876603364944458,0.4493461847305298,-0.9684829474247695
-1.5203083753585815,0.37215951085090637,-1.4432623386383057,0.39991044998168945,-1.5164543390274048,0.39719223976135254,-1.6088530935840089
-1.5932594537734985,0.342734694480896,-1.5954428911209106,0.3432561457157135,-1.5818452835083008,0.3370664119720459,-1.609594843519919
-1.581986427307129,0.34500715136528015,-1.597590684890747,0.3471929132938385,-1.6002979278564453,0.33650535345077515,-1.606635414814998
-1.5858154296875,0.3397074341773987,-1.5713167190551758,0.34003543853759766,-1.5823787450790405,0.3407878279685974,-1.6473737631691967
-1.6023889780044556,0.34318479895591736,-1.5852644443511963,0.33673393726348877,-1.5863693952560425,0.34595468640327454,-1.6717427502687636
-1.6082267761230469,0.34228524565696716,-1.5775599479675293,0.3361530900001526,-1.6028529405593872,0.3412455916404724,-1.6325508927313956
-1.5858154296875,0.3397076725959778,-1.597590684890747,0.3471929132938385,-1.6028529405593872,0.3412455916404724,-1.6324577264794233
-1.5858154296875,0.3397074341773987,-1.5713167190551758,0.34003564715385437,-1.5823787450790405,0.3407878279685974,-1.6327559288647748
-1.5589642524719238,0.34505534172058105,-1.5561020374298096,0.33987995982170105,-1.584121584892273,0.3411824405193329,-1.6118632602369263
-1.607703447341919,0.3519076704978943,-1.5784229040145874,0.3516852557659149,-1.5832030773162842,0.34583792090415955,-1.6269959952327262
-1.5360963344573975,0.34613320231437683,-1.5487635135650635,0.3489031195640564,-1.5302468538284302,0.34670066833496094,-1.5899148157308518
-1.5429774522781372,0.33419227600097656,-1.5378797054290771,0.33912017941474915,-1.5229356288909912,0.3398929536342621,-1.5778042568016075
-1.5777777433395386,0.34706738591194153,-1.542398452758789,0.36010128259658813,-1.5895830392837524,0.3563714921474457,-1.5980999632394146
-1.5417840480804443,0.37784481048583984,-1.5698989629745483,0.3740270435810089,-1.5347591638565063,0.3681851327419281,-1.5606673061697374
-1.5261592864990234,0.4103560149669647,-1.5269455909729004,0.4043651819229126,-1.5073179006576538,0.41304564476013184,-1.5452008576063436
-1.5687342882156372,0.3390507698059082,-1.576479434967041,0.35477691888809204,-1.5928828716278076,0.34322866797447205,-1.5482135644757098
-1.6845440864562988,0.3709094822406769,-1.605675220489502,0.3584553599357605,-1.6019922494888306,0.3594955503940582,-1.474683033955726
-1.739126205444336,0.3944303095340729,-1.6659164428710938,0.3692718744277954,-1.681125283241272,0.3777562379837036,-1.4130752918551797
-1.5426533222198486,0.3534756600856781,-1.5920851230621338,0.35040611028671265,-1.5427972078323364,0.356813907623291,-1.6231311783613316
-1.378272294998169,0.42411500215530396,-1.3799614906311035,0.4302689731121063,-1.407941460609436,0.42119282484054565,-1.7247116855643982
-1.6523866653442383,0.3859681189060211,-1.6329340934753418,0.3712731599807739,-1.6423776149749756,0.3646041750907898,-1.762255246124815
-1.6681617498397827,0.3475590944290161,-1.6368730068206787,0.36129170656204224,-1.6574530601501465,0.3534225821495056,-1.7277173557091348
-1.6225249767303467,0.3460453748703003,-1.6403050422668457,0.34275713562965393,-1.6465203762054443,0.3397274613380432,-1.6491320037134354
-1.660471796989441,0.33584803342819214,-1.6789119243621826,0.34284988045692444,-1.6572552919387817,0.3445040285587311,-1.5713955145280445
-1.6501495838165283,0.3533591032028198,-1.6548904180526733,0.3611906170845032,-1.6314409971237183,0.36290162801742554,-1.592966196671962
-1.6519594192504883,0.3520973324775696,-1.640272855758667,0.33907854557037354,-1.64459228515625,0.3433495759963989,-1.6232406045951202
-1.6537604331970215,0.3521210551261902,-1.6520148515701294,0.3503601551055908,-1.646167278289795,0.3433731198310852,-1.620313848093045
-1.6537235975265503,0.34524235129356384,-1.6503571271896362,0.3503419756889343,-1.6638628244400024,0.34240448474884033,-1.6229306351803472
-1.6446465253829956,0.335432767868042,-1.6539723873138428,0.34245678782463074,-1.6344735622406006,0.34334930777549744,-1.6307099105613192
-1.62615966796875,0.3525528907775879,-1.6407334804534912,0.3427949547767639,-1.6238590478897095,0.3442690372467041,-1.6468341950342424
-1.607722520828247,0.3443703353404999,-1.6133979558944702,0.3516783118247986,-1.611740231513977,0.35275304317474365,-1.6718243385616773
-1.6521732807159424,0.36088496446609497,-1.6628425121307373,0.3491339385509491,-1.6553980112075806,0.36198553442955017,-1.6479333091948056
-1.6172587871551514,0.3620918095111847,-1.6216421127319336,0.37106579542160034,-1.6416906118392944,0.3715055286884308,-1.6801239332608504
-1.611759901046753,0.38962310552597046,-1.5967354774475098,0.38637691736221313,-1.621887445449829,0.3787793219089508,-1.6657875906068238
-1.495201587677002,0.39243581891059875,-1.383988618850708,0.39792606234550476,-1.427430272102356,0.40107834339141846,-1.5865828748906314
-1.4140625,0.40394073724746704,-1.3074917793273926,0.4051942527294159,-1.3358937501907349,0.40480995178222656,-1.6237516252244835
-0.9736893177032471,0.352094829082489,-0.9998812675476074,0.3635450601577759,-1.03850257396698,0.3719870448112488,-0.8586693995576704
-1.5294052362442017,0.3658228814601898,-1.5175142288208008,0.3725276291370392,-1.5104382038116455,0.36596307158470154,-1.3010299956639813
2.1093292236328125,0.3541279435157776,2.2770652770996094,0.35175320506095886,2.100764513015747,0.34906184673309326,1.4833702095804502
2.2467360496520996,0.34198176860809326,2.002244710922241,0.3561190068721771,2.119060516357422,0.3498164117336273,1.4833702095804502
2.703457832336426,0.36486414074897766,2.7904345989227295,0.3630126118659973,2.659348726272583,0.3558996021747589,3.0707069384290415
2.48763370513916,0.3408207297325134,2.4204115867614746,0.3478650450706482,2.2759945392608643,0.34655842185020447,2.00624894772595
2.5987682342529297,0.3578898310661316,2.5147833824157715,0.3539774417877197,2.623610019683838,0.34950071573257446,2.9200628016758503
2.5211973190307617,0.3493537902832031,2.4869179725646973,0.3428604006767273,2.580631732940674,0.3456707298755646,2.738642709134438
2.3035097122192383,0.34864217042922974,2.207538604736328,0.35418224334716797,2.1455018520355225,0.3522211015224457,1.307278943389931
1.9461033344268799,0.3538350462913513,2.088073253631592,0.35452476143836975,2.07417631149292,0.3530033528804779,1.307278943389931
1.994342565536499,0.34799909591674805,1.9427003860473633,0.35839393734931946,1.853723168373108,0.35222485661506653,1.307278943389931
2.656667709350586,0.3555256128311157,2.5354580879211426,0.359273225069046,2.668349027633667,0.3534446656703949,3.0961540607315317
2.136882781982422,0.34989848732948303,2.1946210861206055,0.3527941405773163,2.199678421020508,0.34547027945518494,2.0476416348300397
2.558025360107422,0.3543303906917572,2.603980302810669,0.3430425524711609,2.5100114345550537,0.34631338715553284,2.9457682020667706
2.4579954147338867,0.34330469369888306,2.43118953704834,0.3412128984928131,2.4729671478271484,0.34186410903930664,2.738642709134438
1.8806843757629395,0.356654554605484,2.0213565826416016,0.3539820909500122,1.8563785552978516,0.35061386227607727,1.4833702095804502
2.407590389251709,0.3488421142101288,2.3812808990478516,0.3557962477207184,2.3811020851135254,0.34716668725013733,2.960491458592242
2.4818997383117676,0.35758933424949646,2.347989082336426,0.3610181212425232,2.4002091884613037,0.35430774092674255,3.1201923016792876
2.2862696647644043,0.3498932421207428,2.2269272804260254,0.3443324565887451,2.290191173553467,0.35308197140693665,2.738642709134438
2.0420033931732178,0.3527579605579376,1.8863348960876465,0.3448028564453125,1.9356006383895874,0.35470616817474365,2.0476416348300397
-1.1694031953811646,0.3567216992378235,-1.2034196853637695,0.3663715422153473,-1.196355938911438,0.3691848814487457,-1.2571256792208478
-1.1513712406158447,0.3507660925388336,-1.1323351860046387,0.36201211810112,-1.1539652347564697,0.3509129583835602,-1.1127034759429923
-1.1289180517196655,0.35249844193458557,-1.1323351860046387,0.36201211810112,-1.1282583475112915,0.3581378161907196,-1.1165032305689844
-1.083108901977539,0.36265620589256287,-1.1116944551467896,0.36185741424560547,-1.0822495222091675,0.37040895223617554,-1.062146236388665
-1.138635277748108,0.3583259880542755,-1.1447265148162842,0.3672164976596832,-1.1589809656143188,0.3660210072994232,-1.0827413785135804
-1.0812700986862183,0.3597593605518341,-1.0550298690795898,0.3720088005065918,-1.0566173791885376,0.3771345615386963,-1.0163917524809387
-1.1756041049957275,0.3676421642303467,-1.1672985553741455,0.3739304840564728,-1.119711995124817,0.3626514673233032,-1.0335250447709192
-1.1346688270568848,0.37550994753837585,-1.154457688331604,0.37750712037086487,-1.1776480674743652,0.3725939095020294,-0.9973113708472432
-0.8820700645446777,0.3873780369758606,-0.8504437208175659,0.4060220420360565,-0.8741282224655151,0.39589831233024597,-0.8774794030927773
-0.6815395355224609,0.40855279564857483,-0.7626914978027344,0.4015394449234009,-0.75031578540802,0.3996336758136749,-0.977596375643883
-0.6525622606277466,0.42979350686073303,-0.5757712125778198,0.5046572089195251,-0.603308916091919,0.4882946312427521,-0.48750905195823524
-0.7109547853469849,0.47939595580101013,-0.6548128128051758,0.5549595952033997,-0.658085286617279,0.4390003979206085,-0.8440569820281633
-0.8713129758834839,0.3729550540447235,-0.8547042608261108,0.3767092823982239,-0.9012398719787598,0.37001940608024597,-0.8610912918184903
-0.7251582145690918,0.3778519630432129,-0.7837803363800049,0.3731063902378082,-0.8394612669944763,0.36608070135116577,-0.9512669516760316
-0.5135444402694702,0.487919420003891,-0.5950446128845215,0.41788822412490845,-0.6163326501846313,0.3973470628261566,-0.6222076258556914
-0.7821512222290039,0.3887501358985901,-0.7074611186981201,0.4616025686264038,-0.7888892889022827,0.419089674949646,-0.7885403820467886
-0.8753538131713867,0.37039580941200256,-0.8740001916885376,0.3737025558948517,-0.8749611377716064,0.3700461983680725,-0.8440569820281633
-0.8088064193725586,0.36119505763053894,-0.8596831560134888,0.3802254796028137,-0.8196981549263,0.3691633939743042,-0.9646303066778977
-0.9346599578857422,0.36807355284690857,-0.9485301971435547,0.36474817991256714,-0.8565680384635925,0.36558493971824646,-0.8440569820281633
-0.507697343826294,0.5559055209159851,-0.6113978624343872,0.41300591826438904,-0.5879427194595337,0.47945916652679443,-0.6765663799799019
-0.8088415861129761,0.3790071904659271,-0.8322540521621704,0.37448862195014954,-0.7854262590408325,0.37621742486953735,-0.9646303066778977
-0.81162428855896,0.39767101407051086,-0.8018072843551636,0.3903164863586426,-0.8111330270767212,0.4148105978965759,-0.7683367533355472
-0.4918860197067261,0.593865156173706,-0.5975459814071655,0.41369807720184326,-0.572124719619751,0.5053211450576782,-0.7013892358368838
-0.7190688848495483,0.4511840343475342,-0.7989711761474609,0.4204540550708771,-0.8024106621742249,0.4141332805156708,-0.7885403820467886
-0.5458498597145081,0.34422484040260315,-0.46624720096588135,0.3436794579029083,-0.5392396450042725,0.3497703969478607,-0.8846058574743971
-0.5785881280899048,0.3478911221027374,-0.5106616020202637,0.34092408418655396,-0.5576999187469482,0.34343722462654114,-0.5290385369682233
-0.5313916802406311,0.3422698378562927,-0.5260028839111328,0.34008172154426575,-0.5439462065696716,0.33859384059906006,-0.5102889561907537
-0.48272472620010376,0.34405407309532166,-0.5209287405014038,0.3414164185523987,-0.4789794683456421,0.3500872254371643,-0.2688449400403264
-0.5000568628311157,0.33602920174598694,-0.47056567668914795,0.34300193190574646,-0.4972575902938843,0.34223294258117676,-0.8681119898227769
-0.5088073015213013,0.338278591632843,-0.5766220092773438,0.34278810024261475,-0.5442392230033875,0.34194567799568176,-0.8596239623199455
-0.4997349977493286,0.3377058804035187,-0.5659517049789429,0.34224510192871094,-0.5312502980232239,0.34120282530784607,-0.49069395850550057
-0.51381516456604,0.34731316566467285,-0.52800452709198,0.34172412753105164,-0.5311622619628906,0.3437844216823578,-0.24598209844216795
-0.47224462032318115,0.338580846786499,-0.5286682844161987,0.34654635190963745,-0.5324811935424805,0.34305116534233093,-0.24598209844216795
-0.5177847743034363,0.3439949154853821,-0.5454773902893066,0.348688006401062,-0.5553731322288513,0.34136447310447693,-0.4631109125294204
-0.5159287452697754,0.34035372734069824,-0.5884581804275513,0.3466542363166809,-0.562177300453186,0.35299065709114075,-0.8331171770258415
-0.4793645143508911,0.34078091382980347,-0.5451531410217285,0.3481924533843994,-0.5019147396087646,0.35351282358169556,-0.22184874961635637
-0.519957959651947,0.3478778004646301,-0.4753246307373047,0.34634122252464294,-0.539819061756134,0.3470171093940735,-0.8239087409443188
-0.5198429822921753,0.3491540551185608,-0.5327210426330566,0.3438528776168823,-0.5482950210571289,0.3550136983394623,-0.4486329650765712
-0.5364444255828857,0.35077425837516785,-0.5558890104293823,0.3517839014530182,-0.487281858921051,0.34756675362586975,-0.1962943969757637
-0.5111892223358154,0.3441149890422821,-0.5250148773193359,0.34167978167533875,-0.48937106132507324,0.34322109818458557,-0.8851789241011143
-0.5785881280899048,0.3478909134864807,-0.4561702013015747,0.34288275241851807,-0.5444174408912659,0.3412626087665558,-0.5228787452803376
-0.5948320031166077,0.3779493272304535,-0.600864052772522,0.38847342133522034,-0.4536947011947632,0.37061646580696106,-0.466763198114751
-0.5406596660614014,0.3489029109477997,-0.5331997871398926,0.34791651368141174,-0.5048747658729553,0.3421270549297333,-0.2596373105057561
-0.5252963304519653,0.37289515137672424,-0.4675084352493286,0.37125879526138306,-0.5110175013542175,0.3659156262874603,-0.20848478805837486
-0.5317084193229675,0.37725383043289185,-0.5437510013580322,0.38840511441230774,-0.4981383681297302,0.36827489733695984,-0.045757490560675115
0.9247229695320129,0.3672278821468353,0.9047194123268127,0.367679625749588,0.8695181608200073,0.37278446555137634,0.4839931619052586
0.8795753717422485,0.3609013259410858,0.8942735195159912,0.3506384491920471,0.8254303932189941,0.3585323393344879,0.5026753343752224
0.888455867767334,0.36157429218292236,0.7313205003738403,0.36956918239593506,0.8393286466598511,0.35838583111763,0.537789008123533
0.6837815046310425,0.36532315611839294,0.5692495107650757,0.37445303797721863,0.5723435878753662,0.3599705100059509,0.6584906695724873
0.9329060316085815,0.3523259460926056,0.8799934387207031,0.35551419854164124,0.856874406337738,0.3497316539287567,0.5543355246304233
0.9147560596466064,0.35700926184654236,0.8214414119720459,0.3490331768989563,0.8660157322883606,0.35471615195274353,0.5072229862964996
0.8816038370132446,0.35250940918922424,0.7865486741065979,0.3453963100910187,0.8285214900970459,0.35693827271461487,0.6004987225948004
0.6334279775619507,0.3539004325866699,0.651523232460022,0.3605799376964569,0.5483014583587646,0.35153505206108093,0.6922690907616533
0.23285675048828125,0.35167476534843445,0.23161077499389648,0.375083863735199,0.30895596742630005,0.36982154846191406,0.6004987225948004
0.7703992128372192,0.3340250551700592,0.7355321645736694,0.34356898069381714,0.8277208805084229,0.35369277000427246,0.5741697566312904
0.7986113429069519,0.3530665338039398,0.7786053419113159,0.3473392426967621,0.7751479148864746,0.3473881781101227,0.5117235111953695
0.7820003032684326,0.3448850214481354,0.7606633305549622,0.34223100543022156,0.8295615911483765,0.34057849645614624,0.6321616891371097
0.6154509782791138,0.35305213928222656,0.575006902217865,0.35558921098709106,0.5215059518814087,0.3481956422328949,0.7236088385015975
0.8170813322067261,0.3478652536869049,0.7386429309844971,0.35495907068252563,0.8129909634590149,0.3699356019496918,0.5419851445059987
0.234344482421875,0.35634845495224,0.28119635581970215,0.34901532530784607,0.3072285056114197,0.3559833765029907,0.6422230685031098
0.7181533575057983,0.3541439175605774,0.8176131248474121,0.356912761926651,0.7206840515136719,0.3501250743865967,0.6710797696393469
0.6974499225616455,0.355181485414505,0.7870689034461975,0.3566754460334778,0.7910232543945312,0.36194664239883423,0.7152834888984626
0.517151415348053,0.3585292100906372,0.5926547646522522,0.3536052107810974,0.5193914175033569,0.35455021262168884,0.7704644333502404
0.2598954439163208,0.35304996371269226,0.25329357385635376,0.3511994183063507,0.23486512899398804,0.3512115180492401,0.6863197266147095
0.1198127269744873,0.3605288565158844,0.1615026593208313,0.36417558789253235,0.1558172106742859,0.3566814661026001,0.7554006825805436
0.7691016793251038,0.346080482006073,0.7168854475021362,0.3446164131164551,0.7698515057563782,0.3594587743282318,0.7517713333546332
0.6912218332290649,0.3536194860935211,0.6794699430465698,0.35524535179138184,0.7124321460723877,0.360519677400589,0.6336295186630205
0.743631899356842,0.35361993312835693,0.7853957414627075,0.35327887535095215,0.7571355700492859,0.36490967869758606,0.5154377414620255
0.7336204051971436,0.354831725358963,0.7451667189598083,0.3604104220867157,0.6967592239379883,0.35143348574638367,0.5470103885032926
0.3754633665084839,0.34403079748153687,0.358981728553772,0.34805789589881897,0.3351525068283081,0.35067641735076904,0.5783216808001675
0.08896893262863159,0.3493737578392029,0.11643415689468384,0.355079710483551,0.07836264371871948,0.3700849413871765,0.572762898855467
3.568788528442383,0.8127228617668152,3.3747613430023193,0.8089044690132141,3.373234748840332,0.8219874501228333,2.814913181275074
2.2989859580993652,0.5637291073799133,2.0744576454162598,0.5884886384010315,2.176948308944702,0.5534171462059021,2.6225816587732296
3.317241668701172,0.3461642861366272,3.371811866760254,0.3538389503955841,3.3451011180877686,0.34470877051353455,3.2272437815030623
3.3737735748291016,0.3520469665527344,3.2963645458221436,0.3436283767223358,3.347207546234131,0.352726012468338,3.2241800436363333
2.947709560394287,0.346148818731308,2.8543500900268555,0.3499425947666168,2.987222194671631,0.3440558612346649,2.781623173956947
3.203390121459961,0.34792837500572205,3.177403688430786,0.3392922878265381,3.149385929107666,0.34366968274116516,3.000614712920779
3.203390121459961,0.34792837500572205,3.09208345413208,0.3404507339000702,3.149385929107666,0.34366968274116516,3.0
3.054227113723755,0.3473915755748749,3.1138100624084473,0.3452000617980957,3.1710236072540283,0.3447370231151581,3.3959670604014707
3.1233067512512207,0.3506840467453003,3.1045331954956055,0.35420072078704834,3.0721631050109863,0.3439774811267853,3.3979400086720375
2.870755672454834,0.346626877784729,2.941767930984497,0.3424488306045532,2.987222194671631,0.3440558612346649,2.773603622632923
2.6418533325195312,0.3563491404056549,2.6062276363372803,0.3584337532520294,2.769832134246826,0.3511100113391876,2.473414593785519
2.658282995223999,0.34916436672210693,2.662234306335449,0.35094213485717773,2.7033190727233887,0.34941425919532776,2.472573626968942
3.072495460510254,0.33711862564086914,3.0465292930603027,0.34607329964637756,3.0965962409973145,0.34633031487464905,3.1432100326610257
3.0810227394104004,0.350598007440567,3.0429677963256836,0.3454018235206604,3.0892906188964844,0.3564871549606323,3.1424213746398046
2.8628835678100586,0.34374770522117615,2.8602852821350098,0.34951987862586975,2.9115171432495117,0.3492789566516876,3.1694796072331544
2.8628835678100586,0.34374770522117615,2.8690388202667236,0.34059932827949524,2.965183734893799,0.340019166469574,3.1715436313049605
2.6374940872192383,0.3464276194572449,2.58707332611084,0.3491685688495636,2.7046866416931152,0.3413602411746979,3.0861984503271986
2.6374940872192383,0.3464276194572449,2.6537907123565674,0.3380369246006012,2.617924690246582,0.33865615725517273,3.0859146287065933
2.4085917472839355,0.3557429313659668,2.416184902191162,0.34846094250679016,2.40317440032959,0.35365739464759827,2.950535848505181
2.395265817642212,0.34794875979423523,2.338949203491211,0.35690149664878845,2.35150146484375,0.34530526399612427,2.9572480195790503
2.8762683868408203,0.3331463038921356,2.8387069702148438,0.3414115011692047,2.904691219329834,0.35140377283096313,2.901390202114049
2.8763136863708496,0.345428466796875,2.8387069702148438,0.3414115011692047,2.904691219329834,0.35140377283096313,2.8993833258752932
2.9271187782287598,0.3528183698654175,2.9174985885620117,0.34588003158569336,2.9569430351257324,0.36021268367767334,3.000614712920779
2.966174602508545,0.356001079082489,2.981567859649658,0.35715481638908386,2.9400763511657715,0.34849271178245544,3.0067333826589686
2.6309964656829834,0.346036821603775,2.6234495639801025,0.3382922112941742,2.573348045349121,0.3381722867488861,2.5917600346881504
2.6154441833496094,0.33174484968185425,2.6464078426361084,0.3369075655937195,2.64640474319458,0.3406684696674347,2.5873579455307953
2.4020862579345703,0.3553221821784973,2.347540855407715,0.3549523949623108,2.3963451385498047,0.35472372174263,2.0969100130080562
2.4020862579345703,0.3553221821784973,2.348905563354492,0.3479379117488861,2.3069357872009277,0.34494277834892273,2.110236690811133
2.7390851974487305,0.3480820059776306,2.7328438758850098,0.34870776534080505,2.758500099182129,0.34518757462501526,2.8475516878877527
2.7957944869995117,0.35009443759918213,2.7869038581848145,0.34534892439842224,2.757878541946411,0.34230145812034607,2.8470325397914564
2.4966249465942383,0.35044965147972107,2.5141897201538086,0.34516772627830505,2.525567054748535,0.3529885411262512,2.2973233339998096
2.4966249465942383,0.35044941306114197,2.5141897201538086,0.34516772627830505,2.525567054748535,0.3529885411262512,2.3077633783229494
2.36324405670166,0.35690635442733765,2.3279528617858887,0.3464113473892212,2.3227896690368652,0.35026174783706665,1.7958800173440752
2.36324405670166,0.35690635442733765,2.274837017059326,0.35367703437805176,2.3124380111694336,0.35075950622558594,1.8413913780372158
3.718256950378418,0.3622952401638031,3.5735321044921875,0.36888259649276733,3.67537522315979,0.3899233043193817,3.095940959412866
3.5226399898529053,0.37185561656951904,3.5501959323883057,0.35883381962776184,3.5894460678100586,0.382849782705307,3.029520295164345
3.3375227451324463,0.3665502369403839,2.9870176315307617,0.3561297059059143,3.280035972595215,0.35689806938171387,2.9704797049233105
3.593207359313965,0.35549724102020264,3.650864839553833,0.35620859265327454,3.5543878078460693,0.35144296288490295,2.924858731585223
2.819913625717163,0.3818095922470093,2.5700747966766357,0.3715861737728119,2.9217264652252197,0.3882705569267273,2.778597785992014
3.409083366394043,0.3509892225265503,3.2404990196228027,0.35640376806259155,3.3835997581481934,0.37439295649528503,2.9662514169781424
3.11946177482605,0.37720927596092224,3.01993989944458,0.36895811557769775,3.095557451248169,0.3833031952381134,3.4067788693285026
2.9320120811462402,0.3650878369808197,2.5457231998443604,0.3750557005405426,2.880557060241699,0.3866881728172302,3.3508274639865863
2.3445305824279785,0.3678504526615143,2.191983461380005,0.3756306767463684,2.2747740745544434,0.3725607097148895,3.7399935484064395
3.177205801010132,0.40538498759269714,3.2221014499664307,0.40177014470100403,3.209177017211914,0.39061668515205383,3.026669428201376
2.914201498031616,0.40516576170921326,2.872528076171875,0.37900876998901367,2.8684797286987305,0.3792417347431183,3.0791812460476247
2.924471378326416,0.38460075855255127,2.9163670539855957,0.38912996649742126,2.851457118988037,0.3821679353713989,2.8920946026904804
2.7103710174560547,0.3936452567577362,2.794523239135742,0.4044058322906494,2.6832311153411865,0.3847915232181549,2.8492146064139448
2.4940130710601807,0.4272144138813019,2.581394910812378,0.40594661235809326,2.551248788833618,0.3880111873149872,2.681241237375587
2.4971582889556885,0.4128410220146179,2.565173625946045,0.3857516050338745,2.6048951148986816,0.4011509120464325,2.6434526764861874
2.565943717956543,0.38698533177375793,2.567903518676758,0.3785562813282013,2.5636205673217773,0.3888004720211029,2.6020599913279625
2.6099376678466797,0.3944738209247589,2.5795366764068604,0.40594640374183655,2.5968918800354004,0.4124922454357147,2.4673614169369897
1.4777281284332275,0.8936793804168701,1.5051681995391846,0.8846163153648376,1.490235686302185,0.8536465167999268,1.772445426346
1.5736732482910156,0.4053000211715698,1.5779086351394653,0.4338051676750183,1.606282114982605,0.41989755630493164,1.5613399414589013
1.6362543106079102,0.45531076192855835,1.62062668800354,0.43335282802581787,1.6133509874343872,0.45982626080513,1.2730012720637376
1.6286494731903076,0.39175766706466675,1.58543062210083,0.40027758479118347,1.5592174530029297,0.3860243856906891,1.5922878159521308
1.645209789276123,0.3803974390029907,1.583014726638794,0.3588259518146515,1.5662848949432373,0.3748535215854645,1.6030360562505217
1.5976046323776245,0.35407811403274536,1.561497688293457,0.37860754132270813,1.576051115989685,0.3706805408000946,1.6327608884794387
1.6943731307983398,0.3802264332771301,1.7002537250518799,0.38466137647628784,1.6982460021972656,0.38578683137893677,1.675228253593064
1.5618380308151245,0.38795119524002075,1.555565357208252,0.40585392713546753,1.6485271453857422,0.4082168638706207,1.708675792726537
1.6483908891677856,0.48931488394737244,1.6398144960403442,0.4925075173377991,1.65101957321167,0.4824276566505432,1.8093576702111058
2.1711065769195557,0.7791582345962524,2.2332396507263184,0.7956949472427368,2.218311071395874,0.774503767490387,2.281091665663499
2.2808399200439453,0.7882471680641174,2.117980718612671,0.7588946223258972,2.1406021118164062,0.7560030221939087,2.0163904168315687
1.8969343900680542,0.5597785115242004,1.78249192237854,0.5013982057571411,1.8049437999725342,0.5209003686904907,1.7981014785788747
1.315642237663269,0.5415693521499634,1.551337718963623,0.5742550492286682,1.3002547025680542,0.546584963798523,2.106299572916015
2.842066764831543,0.5190833210945129,2.6298742294311523,0.5153458118438721,2.9741287231445312,0.5467244386672974,1.9375075510718127
2.0927977561950684,0.42668479681015015,2.217475414276123,0.42005205154418945,2.204392671585083,0.41680121421813965,1.8669264750160817
1.7210497856140137,0.3600415587425232,1.7398600578308105,0.35478439927101135,1.8037693500518799,0.3610653281211853,1.7928247593001219
1.5820411443710327,0.3574625253677368,1.6660244464874268,0.3723181486129761,1.517263650894165,0.3588789403438568,2.369698138949881
1.5719316005706787,0.3528588116168976,1.7307747602462769,0.3638666570186615,1.7382709980010986,0.3635857105255127,1.790102116443042
1.6988716125488281,0.36309975385665894,1.583296775817871,0.3713865578174591,1.7622685432434082,0.36353451013565063,1.4520625774204234
1.3574429750442505,0.3693230152130127,1.2570706605911255,0.3771842420101166,1.374216079711914,0.36806756258010864,0.9072500828813285
1.006134271621704,0.39409226179122925,0.9946246147155762,0.3784119188785553,1.0768885612487793,0.3848227262496948,0.6211762817750351
1.890268087387085,0.42141664028167725,2.0274341106414795,0.41434183716773987,2.034743547439575,0.4053307771682739,1.7513580706372016
2.2075304985046387,0.3840673863887787,2.142838954925537,0.3949041962623596,2.2305922508239746,0.38060495257377625,2.7596678446896306
3.387070417404175,0.5735453963279724,2.6205687522888184,0.6652735471725464,3.480642318725586,0.5872521996498108,2.5490032620257876
2.097987174987793,0.3934881389141083,2.1011462211608887,0.3942950367927551,2.1190741062164307,0.37804657220840454,2.1137185266842535
1.6378052234649658,0.38634470105171204,1.6083240509033203,0.39664846658706665,1.747281789779663,0.3942755162715912,1.8077360152522643
1.0639346837997437,0.42517316341400146,1.1338871717453003,0.4430248439311981,1.0579962730407715,0.4367026388645172,1.384439870103492
0.766407310962677,0.48129239678382874,0.7621793746948242,0.46744504570961,0.766273021697998,0.46794402599334717,0.40732137779296895
0.7643305063247681,0.5408274531364441,0.7664685249328613,0.5557284951210022,0.7924820184707642,0.5705395340919495,0.04139268515822507
3.182452917098999,0.37445366382598877,3.133997917175293,0.4012359082698822,3.299746513366699,0.3795660436153412,3.109983294819892
3.0237784385681152,0.4033108949661255,3.196953058242798,0.39683112502098083,3.0771827697753906,0.39271047711372375,3.6560342834463664
2.95723819732666,0.3986738324165344,2.9874582290649414,0.42530491948127747,3.223996639251709,0.43184491991996765,3.6560342834463664
3.092489242553711,0.36807000637054443,3.088965892791748,0.39755040407180786,3.0641963481903076,0.371817409992218,3.126159652375837
3.105441093444824,0.39973005652427673,3.102266311645508,0.42205342650413513,3.1267929077148438,0.4137580096721649,2.900913067737669
2.8519976139068604,0.36842378973960876,2.8459272384643555,0.3685809075832367,2.862358570098877,0.37251052260398865,2.900913067737669
2.847785234451294,0.36652520298957825,2.8547263145446777,0.3922203779220581,2.8545844554901123,0.37068989872932434,2.9060179692461596
2.6015334129333496,0.37582269310951233,2.5905308723449707,0.38180407881736755,2.658473491668701,0.3829289376735687,2.2973957102789804
1.8961968421936035,0.3953774869441986,1.9075629711151123,0.3583061695098877,1.7769821882247925,0.365614652633667,2.2307692308068616
1.8961968421936035,0.3953774869441986,1.921064853668213,0.35968440771102905,2.0667953491210938,0.3813652992248535,1.978733823568585
1.7902238368988037,0.38926395773887634,1.8609344959259033,0.37257206439971924,1.7286045551300049,0.36736151576042175,1.9692307711828732
1.8502085208892822,0.3654535710811615,1.8317852020263672,0.3722429871559143,1.943218469619751,0.3817036747932434,1.892307694340667
1.8929851055145264,0.3940999507904053,1.8447067737579346,0.3721347451210022,2.0367565155029297,0.38695281744003296,1.7999999969162366
1.3818529844284058,0.368052214384079,1.3583024740219116,0.3598054349422455,1.2519032955169678,0.35963308811187744,1.287801729930226
1.0753511190414429,0.3639187812805176,1.2095965147018433,0.36702269315719604,1.1258039474487305,0.36074891686439514,1.2041199826559248
0.8806602358818054,0.3622686564922333,0.9138413071632385,0.3591657280921936,0.9300519227981567,0.3782207667827606,1.0086001717619175
0.5918096899986267,0.375898152589798,0.7223303914070129,0.3642089366912842,0.6316561698913574,0.38164570927619934,0.8450980400142568
0.37605881690979004,0.4047122299671173,0.481777548789978,0.37194937467575073,0.4960588216781616,0.37856414914131165,0.6989700043360189
2.3250372409820557,0.353434681892395,2.306546688079834,0.35989782214164734,2.3097124099731445,0.368935227394104,1.5797835966168101
2.2329413890838623,0.3584015369415283,2.1869359016418457,0.3524884879589081,2.2108569145202637,0.35195615887641907,1.7781512503836436
2.244555950164795,0.36213088035583496,2.2395267486572266,0.3534427583217621,2.233243703842163,0.35359618067741394,1.9912260756924949
2.1191372871398926,0.37668341398239136,2.1521081924438477,0.3799636662006378,2.1610708236694336,0.3689771890640259,2.1271047983648077
1.3833777904510498,0.3549007773399353,1.3215137720108032,0.3464392423629761,1.3053522109985352,0.34574636816978455,1.3424226808222062
1.163724422454834,0.3530646562576294,1.2262845039367676,0.359856516122818,1.2654672861099243,0.3630141615867615,1.146128035678238
1.2293301820755005,0.35459446907043457,1.3533766269683838,0.35521209239959717,1.299498200416565,0.34819871187210083,1.1760912590556813
1.0201573371887207,0.3406684994697571,1.0073766708374023,0.35932421684265137,1.0029398202896118,0.36566323041915894,0.9542425094393249
1.2747726440429688,0.35823655128479004,1.2795288562774658,0.3501400649547577,1.2526057958602905,0.3646264374256134,1.1139433523068367
1.3573817014694214,0.36046382784843445,1.3539824485778809,0.3613602817058563,1.346147060394287,0.36721354722976685,1.0
0.6599082946777344,0.35890355706214905,0.7237173318862915,0.35532769560813904,0.7381963729858398,0.35583141446113586,0.7781512503836436
1.3089951276779175,0.3773648142814636,1.2463912963867188,0.3604881167411804,1.1727243661880493,0.36793094873428345,0.9542425094393249
0.011991560459136963,0.4072704613208771,0.0066986083984375,0.4021853506565094,-0.011254191398620605,0.4084051549434662,0.24551266781414982
0.3697887659072876,0.3967154026031494,0.5980653762817383,0.45364367961883545,0.3680380582809448,0.394904226064682,0.08990511143939793
0.31075549125671387,0.4044104516506195,0.574514627456665,0.4543972909450531,0.22247201204299927,0.40292343497276306,0.021189299069938092
0.4007043242454529,0.618628978729248,0.500108540058136,0.5891830921173096,0.47973132133483887,0.5987423062324524,1.2498152044957964
0.8773477077484131,0.3562009334564209,0.8623485565185547,0.3472577631473541,0.8652217388153076,0.3499034345149994,0.5185139398778874
0.8458825945854187,0.3699837625026703,0.7919896245002747,0.3612549304962158,0.7920536994934082,0.3739442527294159,0.568201724066995
0.897663950920105,0.35496190190315247,0.9268962144851685,0.3495710790157318,0.9303807020187378,0.35119059681892395,0.6434526764861874
0.9200050830841064,0.3554159104824066,0.9836586713790894,0.3634583055973053,0.932322084903717,0.3585170805454254,0.9493900066449128
0.8135857582092285,0.3608225882053375,0.7980178594589233,0.3440333306789398,0.8234106302261353,0.358724981546402,0.8260748027008264
0.9037072062492371,0.3563685119152069,0.8424849510192871,0.3540230989456177,0.8694108724594116,0.3589307367801666,0.7558748556724915
0.8800908923149109,0.3654446005821228,0.8921331763267517,0.36901676654815674,0.8859326243400574,0.3628122806549072,1.173186268412274
0.7449650168418884,0.38238605856895447,0.7424454092979431,0.3700687289237976,0.7348604798316956,0.3664989471435547,0.724275869600789
0.8550064563751221,0.34154292941093445,0.8358316421508789,0.35687217116355896,0.9221438765525818,0.3511871099472046,0.9138138523837167
0.7914783954620361,0.34708839654922485,0.8232617974281311,0.34668681025505066,0.7945682406425476,0.34703153371810913,0.8388490907372553
0.9336355924606323,0.3702695965766907,0.8886850476264954,0.37283262610435486,0.9136045575141907,0.3742218315601349,1.1038037209559568
0.7429605722427368,0.3825181722640991,0.7320324182510376,0.36659952998161316,0.7330073118209839,0.36660587787628174,0.8195439355418687
-0.26368004083633423,0.3577776849269867,-0.3110527992248535,0.37514349818229675,-0.25600963830947876,0.3553701937198639,-0.19027064065837837
-0.2835092544555664,0.3765154778957367,-0.3180043697357178,0.37689071893692017,-0.2771655321121216,0.36603111028671265,-0.09789480570879569
-0.21336913108825684,0.36429834365844727,-0.19561314582824707,0.34546029567718506,-0.2054033875465393,0.3461422026157379,-0.17406393441079837
-0.2171337604522705,0.3647155165672302,-0.2042980194091797,0.3454062044620514,-0.2164163589477539,0.35212671756744385,-0.18036855635661647
-0.20912694931030273,0.3500932455062866,-0.19764447212219238,0.3457057774066925,-0.19010531902313232,0.3529946804046631,-0.14113630205649785
-0.18832111358642578,0.34821683168411255,-0.24502897262573242,0.35993334650993347,-0.2153407335281372,0.35192883014678955,-0.1939258981997734
-0.2651674747467041,0.3795340955257416,-0.24293601512908936,0.3690744936466217,-0.20181739330291748,0.35891225934028625,-0.1309766742338382
-0.18445944786071777,0.36612194776535034,-0.17833423614501953,0.359453022480011,-0.18415158987045288,0.35048210620880127,-0.24428289044235987
-0.18644428253173828,0.36654865741729736,-0.20130932331085205,0.35866668820381165,-0.19103485345840454,0.35030969977378845,-0.23333958636951027
-0.22673678398132324,0.36449047923088074,-0.2299480438232422,0.3519219160079956,-0.20224648714065552,0.3763940632343292,-0.2528423170671802
-0.2013036012649536,0.355213463306427,-0.2046264410018921,0.3507501482963562,-0.19737529754638672,0.3538625240325928,-0.2117566594096218
-0.22643423080444336,0.35974612832069397,-0.2210071086883545,0.3634271025657654,-0.23336327075958252,0.3575421869754791,-0.2581081307584723
-0.22349560260772705,0.34700512886047363,-0.22557687759399414,0.3670300841331482,-0.22557848691940308,0.35332515835762024,-0.263310348299661
-0.21072423458099365,0.35663390159606934,-0.2359706163406372,0.3694451153278351,-0.2259034514427185,0.3671436905860901,-0.14413814739178446
-0.2545185089111328,0.37893182039260864,-0.251567006111145,0.37274205684661865,-0.1841234564781189,0.45855969190597534,-0.2601967260854237
-0.2482898235321045,0.37617620825767517,-0.24970245361328125,0.3818524181842804,-0.18643778562545776,0.45110616087913513,-0.27454085737483547
-0.23009800910949707,0.36927691102027893,-0.23342597484588623,0.3850746750831604,-0.1824905276298523,0.46367672085762024,-0.30565194441676663
-0.2755085229873657,0.3875860571861267,-0.24595510959625244,0.376120388507843,-0.23196786642074585,0.37475380301475525,-0.1674355267009823
3.541304588317871,0.5026137828826904,3.5421242713928223,0.5197800397872925,0.9780686497688293,1.525087594985962,3.6989700043360187
3.5429394245147705,0.5046181678771973,3.542109727859497,0.4976908564567566,0.9780686497688293,1.525087594985962,3.6989700043360187
2.2714056968688965,0.6165034174919128,2.2691946029663086,0.6149920225143433,2.270597457885742,0.6095461845397949,2.746874658338978
2.3792853355407715,0.4620266854763031,2.3925554752349854,0.45220398902893066,2.4344778060913086,0.4627815783023834,2.4165289159282226
2.6149895191192627,0.5136731266975403,2.345299482345581,0.42946791648864746,2.3693175315856934,0.4256059527397156,2.3540075827213145
3.0987792015075684,0.4920935332775116,3.2016661167144775,0.4828454852104187,3.1127233505249023,0.47959011793136597,3.21045229296202
2.3976800441741943,0.8097841143608093,2.446556568145752,0.7919142842292786,2.2829408645629883,0.7933695912361145,0.9325682743251955
2.8183305263519287,0.4805714190006256,2.7179665565490723,0.4694715440273285,2.788120746612549,0.4876483678817749,3.5122395591010913
2.6608848571777344,0.6424081921577454,2.5135409832000732,0.530643105506897,2.380549669265747,0.5356943011283875,2.304183927444558
1.292754054069519,0.420028954744339,1.3947653770446777,0.3913043439388275,1.3465684652328491,0.38496723771095276,1.8970770032094204
1.821418285369873,0.8070365190505981,2.5898995399475098,0.9123737812042236,2.598614454269409,0.8864759802818298,1.7403626894942439
2.3673181533813477,0.6225348114967346,2.360466241836548,0.661346971988678,2.4036641120910645,0.6475841999053955,2.1825002473792
-0.9029754400253296,0.3783019185066223,-0.8979206085205078,0.36747944355010986,-0.87590491771698,0.37485918402671814,-0.8830935322935174
2.6542224884033203,0.3486614227294922,2.544630527496338,0.35392069816589355,2.618936538696289,0.3473174571990967,2.7483431044875495
2.7000691890716553,0.3464188873767853,2.6597988605499268,0.34946566820144653,2.645153522491455,0.3403884768486023,2.8374369137301994
2.5096449851989746,0.33877524733543396,2.6201906204223633,0.3534693717956543,2.620594024658203,0.35373905301094055,2.78801273285574
3.5035319328308105,0.3585771918296814,3.599170684814453,0.35203462839126587,3.46498441696167,0.35560324788093567,3.141305507230986
2.8031680583953857,0.35323256254196167,2.678086519241333,0.35844993591308594,2.737762451171875,0.35890936851501465,2.462368045522524
2.699435234069824,0.34432581067085266,2.6356449127197266,0.3409101366996765,2.673957347869873,0.3488021492958069,2.741939077729199
2.8155438899993896,0.3441597521305084,2.597708225250244,0.35043865442276,2.711311101913452,0.3458369970321655,3.0
2.344926118850708,0.3556620478630066,2.6373419761657715,0.36588314175605774,2.5896663665771484,0.3691713809967041,2.9354820739988465
2.4940032958984375,0.3547188937664032,2.3762764930725098,0.34694811701774597,2.4849610328674316,0.35068756341934204,2.814274238747904
2.258784770965576,0.3598635792732239,2.25773286819458,0.3501145541667938,2.2486705780029297,0.35710617899894714,2.70687133673295
3.513101577758789,0.33742403984069824,3.497816562652588,0.3502909243106842,3.397867202758789,0.34674257040023804,3.20652095363069
3.397895336151123,0.35071244835853577,3.4005792140960693,0.34347453713417053,3.408912181854248,0.3459113538265228,3.3586960995738107
3.2779908180236816,0.3523074984550476,3.420201539993286,0.3565228283405304,3.420459270477295,0.3548073470592499,3.076086756743291
3.153172731399536,0.3558034896850586,3.1007909774780273,0.3585449159145355,3.1579318046569824,0.3604706823825836,2.9565237915936438
2.179544448852539,0.8525074124336243,2.152377128601074,0.9184511303901672,2.1588258743286133,0.905956506729126,2.155336037465062
2.2178328037261963,0.7475399971008301,2.2101263999938965,0.8063724637031555,2.2006583213806152,0.8240921497344971,2.3010299956639813
2.334530830383301,0.3857082724571228,2.339351177215576,0.4028802216053009,2.275376796722412,0.44294461607933044,2.4082399653118496
2.3211240768432617,0.6026221513748169,2.3029637336730957,0.6537595391273499,2.3055171966552734,0.6103067398071289,2.012837224705172
2.340489625930786,0.4018701910972595,2.3915021419525146,0.4247341454029083,2.2717132568359375,0.44344815611839294,2.4082399653118496
2.3322360515594482,0.5304593443870544,2.3245067596435547,0.5413693189620972,2.336479425430298,0.5356582403182983,2.44870631990508
1.677743673324585,0.3683050870895386,1.709464430809021,0.36060959100723267,1.6372320652008057,0.3577432632446289,1.8487323228597905
1.507949709892273,0.36389589309692383,1.5168004035949707,0.3597346246242523,1.4426350593566895,0.35150212049484253,1.6911547233885742
1.6962306499481201,0.35433152318000793,1.6838171482086182,0.3522303104400635,1.7541605234146118,0.346752792596817,1.8273016807154139
1.6937050819396973,0.3508393466472626,1.765166997909546,0.3414103388786316,1.7475697994232178,0.3422395884990692,1.749807017901001
1.6948941946029663,0.353241503238678,1.684391736984253,0.3510337769985199,1.7413265705108643,0.3522967994213104,1.7718984742630428
1.760206699371338,0.354939341545105,1.8292980194091797,0.3632933795452118,1.781646490097046,0.36071380972862244,1.630063952650961
1.7100780010223389,0.3458609879016876,1.6778753995895386,0.3490140438079834,1.6154861450195312,0.3467685580253601,1.7697723174478275
1.5178451538085938,0.36370372772216797,1.5242974758148193,0.3571288585662842,1.5202906131744385,0.3723174035549164,1.5817214203849028
1.318906307220459,0.3634517788887024,1.356663703918457,0.3543029725551605,1.2708789110183716,0.3551327884197235,1.3746432963453468
1.5702166557312012,0.3481169044971466,1.5597457885742188,0.3462698757648468,1.514904260635376,0.3575533628463745,1.5279582682846446
1.5688109397888184,0.3472616672515869,1.5535922050476074,0.3452242910861969,1.5344246625900269,0.3451915979385376,1.5007691607550182
1.3951739072799683,0.35075855255126953,1.387017011642456,0.3574661314487457,1.3846293687820435,0.35417357087135315,1.430205792067269
1.4741419553756714,0.3504793345928192,1.481339693069458,0.3491169810295105,1.4895544052124023,0.3457070291042328,1.4742734181326773
1.5245966911315918,0.345012366771698,1.6094446182250977,0.3674730062484741,1.5945624113082886,0.35039210319519043,1.413813520543354
1.497715711593628,0.35060232877731323,1.5494258403778076,0.3572188913822174,1.511634111404419,0.3572668135166168,1.4743461977881533
1.2343761920928955,0.357115775346756,1.2148598432540894,0.3600204288959503,1.190577745437622,0.36352282762527466,1.2354641059591605
1.456884503364563,0.3464784324169159,1.3832273483276367,0.3441132605075836,1.3897380828857422,0.35484376549720764,1.3764099587970406
1.3969590663909912,0.34891241788864136,1.3824732303619385,0.34910786151885986,1.3496124744415283,0.34352147579193115,1.3804753391098448
1.4858474731445312,0.35588911175727844,1.4907960891723633,0.36689049005508423,1.4380295276641846,0.35906895995140076,1.2966491780990934
1.3498363494873047,0.3360960781574249,1.4352059364318848,0.3538314998149872,1.3963849544525146,0.34524041414260864,1.2981821517911347
1.255051851272583,0.3635171353816986,1.2502186298370361,0.3633565604686737,1.2273099422454834,0.3684642016887665,1.280691413343001
1.1362683773040771,0.3652966022491455,1.0804417133331299,0.358577698469162,1.1697255373001099,0.3584330081939697,1.0941349531626912
1.2399466037750244,0.34942007064819336,1.2432137727737427,0.35150346159935,1.202574610710144,0.3481578230857849,1.2302819158169285
1.2451125383377075,0.34878936409950256,1.2408576011657715,0.3518427014350891,1.2222431898117065,0.3529965281486511,1.239856395556882
1.3671023845672607,0.3527202010154724,1.3391791582107544,0.34714680910110474,1.3992130756378174,0.3457273244857788,1.3604028425674604
1.0141316652297974,0.36842960119247437,0.920087993144989,0.3572329580783844,0.8710307478904724,0.3644869923591614,0.9887917815307437
1.1328877210617065,0.35302281379699707,1.0967918634414673,0.36469581723213196,1.0057512521743774,0.36496829986572266,1.0801263997448851
1.230883240699768,0.34771305322647095,1.2540359497070312,0.34236663579940796,1.1942319869995117,0.34924057126045227,1.0801263997448851
1.2588967084884644,0.3600471615791321,1.2402814626693726,0.3527296185493469,1.2215280532836914,0.3629760146141052,1.1555354937858646
1.1286139488220215,0.3531019985675812,1.1231157779693604,0.3503105044364929,0.9803082942962646,0.35009846091270447,1.0458367464142944
0.6331468820571899,0.36710020899772644,0.6850700378417969,0.3720318377017975,0.7194230556488037,0.3718835413455963,0.6961949619737903
1.0238215923309326,0.3454318046569824,1.1225389242172241,0.3511263132095337,1.1144195795059204,0.34360912442207336,1.0508370135649823
0.9490516781806946,0.3645724356174469,0.9270583391189575,0.3677652180194855,0.8541498780250549,0.37260299921035767,0.797579815793672
0.9330089688301086,0.3643489181995392,0.9219973683357239,0.3557176887989044,0.8741114139556885,0.3580947816371918,0.8305933515989188
0.9160706400871277,0.34767964482307434,0.9031414985656738,0.3530557453632355,0.8924890756607056,0.35299739241600037,0.797579815793672
1.0875470638275146,0.334907203912735,1.0004786252975464,0.3417224884033203,1.1059119701385498,0.3458970785140991,0.9614366144771598
1.18155837059021,0.3690367639064789,1.18025541305542,0.36013063788414,1.002423644065857,0.3628767728805542,0.9871310649941744
1.2181469202041626,0.3488456606864929,1.2534377574920654,0.35794880986213684,1.2179805040359497,0.3532702922821045,1.1263196365340924
0.8470436334609985,0.3545480966567993,0.9196791648864746,0.3566988408565521,0.8804610371589661,0.35051077604293823,0.7183985420597738
0.9859470725059509,0.3815373182296753,0.9646837115287781,0.36820220947265625,0.9981615543365479,0.3624385893344879,0.7083774685149052
1.1009138822555542,0.3606947660446167,1.1098798513412476,0.35706716775894165,1.066092848777771,0.35190802812576294,1.0215842860140794
0.9052985310554504,0.37246158719062805,0.8814362287521362,0.3611792325973511,0.921671986579895,0.3567623794078827,0.7436195787442547
2.866882801055908,0.6936072707176208,2.9367995262145996,0.6765179634094238,2.7572853565216064,0.7034173607826233,2.3089697081782496
-0.5486677885055542,0.8180657029151917,-0.6263303756713867,0.798216700553894,-0.5897488594055176,0.8084186911582947,-0.9642581622839809
-0.9697604179382324,0.8363223075866699,-1.294795036315918,0.4821784496307373,-1.2969638109207153,0.49687498807907104,-1.3857673833012918
-0.9739193916320801,0.8334750533103943,-1.314997911453247,0.4866544008255005,-1.3146785497665405,0.4888943135738373,-1.3730337962190438
-1.161653757095337,0.6486161947250366,-1.2287906408309937,0.694654643535614,-1.2649668455123901,0.5940283536911011,-1.3845128816013417
-1.356776237487793,0.5246728658676147,-1.3029805421829224,0.6125982403755188,-1.3363555669784546,0.5279485583305359,-1.3819832992045376
-1.4195125102996826,0.41382646560668945,-1.4192359447479248,0.39640745520591736,-1.4841774702072144,0.4628501534461975,-1.3477536589966768
-1.3873528242111206,0.3990049362182617,-1.4086790084838867,0.4016573131084442,-1.4733120203018188,0.45477399230003357,-1.3486638254569079
-1.3027452230453491,0.3732679486274719,-1.313739538192749,0.37366920709609985,-1.30598783493042,0.3605014383792877,-1.347028827982411
-1.3097569942474365,0.3608952760696411,-1.299358606338501,0.36066874861717224,-1.2973254919052124,0.37445729970932007,-1.320018231549058
-1.2486728429794312,0.3590429723262787,-1.2506203651428223,0.3524094820022583,-1.2426913976669312,0.36777809262275696,-1.3129975050754203
-1.2588565349578857,0.36696821451187134,-1.271402359008789,0.36226993799209595,-1.2612608671188354,0.356779545545578,-1.2702441295679425
-0.7759006023406982,0.4003095328807831,-0.7991739511489868,0.4562014639377594,-0.7363557815551758,0.4754502475261688,-0.8512585658663705
-0.7938733696937561,0.3960147202014923,-0.7991739511489868,0.4562014639377594,-0.7363557815551758,0.4754502475261688,-0.8260740209714625
-1.2256309986114502,0.373875230550766,-1.215559720993042,0.35664188861846924,-1.2112218141555786,0.3716452121734619,-1.281805664527351
-1.220573902130127,0.3759966194629669,-1.2322595119476318,0.35461536049842834,-1.2064772844314575,0.3735100328922272,-1.1793126128942129
-1.241524338722229,0.349624365568161,-1.2395899295806885,0.36909130215644836,-1.236190915107727,0.3662636876106262,-1.1442204668542997
-1.222989559173584,0.36304157972335815,-1.2211679220199585,0.36789989471435547,-1.2179299592971802,0.36866024136543274,-1.193528332390942
-0.879592776298523,0.5226757526397705,-0.8407104015350342,0.548701286315918,-0.5322048664093018,0.6060188412666321,-0.9066588769311237
-0.6254696846008301,0.67608243227005,-0.5848293304443359,0.6936806440353394,-0.6130280494689941,0.70821613073349,-0.9395174720148929
2.4465482234954834,0.3838523328304291,2.456514596939087,0.3784569501876831,2.457881450653076,0.39023205637931824,2.7158002125209113
2.4824447631835938,0.37627026438713074,2.4850406646728516,0.36801379919052124,2.432896137237549,0.385750412940979,2.597415086445643
2.4284119606018066,0.3648863434791565,2.564551830291748,0.38752204179763794,2.454904317855835,0.3701978921890259,2.3254133417105067
2.172614097595215,0.38743314146995544,2.4191694259643555,0.3934444785118103,2.2386362552642822,0.3754143714904785,2.2151978629265603
-0.8948384523391724,0.4151485860347748,-0.9325273036956787,0.41705700755119324,-0.9020022749900818,0.42153632640838623,-0.7563221486733889
2.0964231491088867,0.5654615759849548,1.6111865043640137,0.6457188129425049,1.6804560422897339,0.6361244320869446,2.1994639048906626
2.2307510375976562,0.39754465222358704,2.252610445022583,0.39676377177238464,2.3229222297668457,0.3962255120277405,1.8114400989511272
2.0477383136749268,0.4075712263584137,2.0593528747558594,0.4194473624229431,2.149061441421509,0.4084312617778778,1.432071328734167
1.9277012348175049,0.6009972095489502,2.2355055809020996,0.6450760364532471,2.2362725734710693,0.6076874136924744,1.366804595051468
2.0498459339141846,0.38250893354415894,2.047872543334961,0.3801347613334656,1.9916508197784424,0.38762345910072327,1.7479928841299552
1.4741570949554443,0.3830028474330902,1.5611718893051147,0.39775362610816956,1.4666731357574463,0.37747448682785034,2.3314430320711645
1.4755029678344727,0.39493533968925476,1.3569685220718384,0.3899916708469391,1.4500350952148438,0.39174073934555054,1.7478664447500405
1.261634349822998,0.376541405916214,1.3060929775238037,0.39007091522216797,1.3470441102981567,0.3898998498916626,0.9697152021274
1.4445338249206543,0.4016575813293457,1.155508041381836,0.40555185079574585,1.4514744281768799,0.397463858127594,0.9697152021274
2.003223419189453,0.49487948417663574,1.7422270774841309,0.5440526008605957,2.033278703689575,0.49010005593299866,2.4899584794248346
-0.9386736154556274,0.3723243772983551,-0.9534653425216675,0.3664170503616333,-0.9195997714996338,0.3659575879573822,-0.9158958046558494
-0.9744393229484558,0.357933908700943,-0.9995291233062744,0.3591614067554474,-0.97532719373703,0.3576931357383728,-0.9084104134950777
-0.9615136384963989,0.3700277805328369,-0.9728460311889648,0.3692251443862915,-1.0128556489944458,0.37509414553642273,-0.9280959104850157
-0.9471302032470703,0.3761821389198303,-0.9706110954284668,0.3743928372859955,-0.9850853681564331,0.3818499743938446,-0.9411338301253493
-0.9400891661643982,0.38648200035095215,-0.9241839647293091,0.3755883276462555,-0.9461557269096375,0.38049617409706116,-0.9158958046558494
-0.444071888923645,0.5893629789352417,-0.3725181818008423,0.5814384818077087,-0.28942394256591797,0.6212192177772522,-1.0
-0.8571721315383911,0.3685291111469269,-0.9006714820861816,0.38917675614356995,-0.8116458654403687,0.40448564291000366,-0.954242943734024
