6,13,42,irreversible fouling ratio(%)
21.89665985107422,23.8515567779541,21.454307556152344,50.0
32.588077545166016,31.224538803100586,31.831005096435547,20.0
16.725971221923828,23.743228912353516,19.41358184814453,18.0
27.09584617614746,29.084840774536133,26.451961517333984,16.5
19.440580368041992,17.428367614746094,19.547119140625,38.0
21.99907684326172,22.246713638305664,18.617155075073242,18.5
19.144031524658203,18.63023567199707,18.629619598388672,12.5
19.21078872680664,18.558284759521484,18.617155075073242,23.0
19.144031524658203,16.070714950561523,16.88676643371582,18.0
22.842456817626953,21.278583526611328,22.71198272705078,12.5
20.440746307373047,24.285436630249023,23.825342178344727,40.0
27.32206153869629,27.690353393554688,27.812990188598633,14.0
21.9984188079834,19.01058578491211,21.063587188720703,16.0
25.74246597290039,26.394155502319336,25.963369369506836,19.0
22.628990173339844,23.042272567749023,21.380266189575195,20.0
22.798967361450195,22.151994705200195,23.37504005432129,17.5
24.946157455444336,18.827199935913086,25.3143367767334,17.0
23.555017471313477,25.710124969482422,25.220643997192383,16.200000000000003
22.278738021850586,20.043964385986328,16.45167350769043,32.0
22.699350357055664,27.241586685180664,16.08122444152832,22.0
20.795045852661133,26.218791961669922,25.96493148803711,12.0
21.82122230529785,21.079404830932617,25.205459594726562,18.0
15.952934265136719,16.76349639892578,20.560827255249023,26.0
28.52028465270996,19.036211013793945,22.229846954345703,10.0
23.03588104248047,22.839570999145508,21.165626525878906,32.0
22.766597747802734,22.6838436126709,20.617778778076172,22.0
21.328489303588867,22.18341064453125,25.63105583190918,12.0
22.222652435302734,20.207763671875,24.36458969116211,18.0
15.32802677154541,19.728803634643555,21.571861267089844,26.0
29.54603385925293,14.625155448913574,22.839778900146484,10.0
22.866079330444336,21.208961486816406,21.303773880004883,32.0
22.497211456298828,22.800691604614258,20.519134521484375,22.0
22.62493896484375,22.440677642822266,25.602888107299805,12.0
20.910181045532227,19.87217140197754,19.453704833984375,18.0
15.297332763671875,18.915231704711914,19.552560806274414,26.0
29.551586151123047,15.260268211364746,22.763593673706055,10.0
32.42635726928711,32.84511947631836,29.71179962158203,47.6
32.83720779418945,39.18996047973633,33.56041717529297,34.0
26.755962371826172,33.0885009765625,27.025005340576172,20.0
23.59606170654297,26.607622146606445,23.2254638671875,13.700000000000003
26.79076385498047,27.383445739746094,25.89752197265625,43.0
26.849016189575195,30.090736389160156,25.420944213867188,30.0
30.767349243164062,30.97153663635254,30.86082649230957,21.0
26.84787368774414,26.254974365234375,26.153804779052734,13.0
21.623498916625977,22.190692901611328,21.626998901367188,32.0
25.46031379699707,26.450626373291016,26.081298828125,36.0
26.897550582885742,27.711606979370117,27.629121780395508,34.2
22.74501609802246,26.570161819458008,18.461795806884766,9.599999999999994
19.914823532104492,26.497554779052734,20.806209564208984,10.299999999999997
26.382909774780273,26.450641632080078,26.11782455444336,18.099999999999994
25.208202362060547,22.141359329223633,26.37786293029785,61.1
17.287736892700195,22.817520141601562,17.875289916992188,28.299999999999997
28.936662673950195,21.444931030273438,27.661672592163086,17.5
28.936662673950195,22.817520141601562,27.661672592163086,13.200000000000003
22.09202766418457,22.369056701660156,22.993417739868164,46.0
27.693782806396484,31.287870407104492,31.814495086669922,21.0
20.470746994018555,27.066835403442383,26.518062591552734,19.0
18.093189239501953,24.081430435180664,16.803394317626953,18.0
26.686527252197266,27.064773559570312,26.162046432495117,35.0
40.32530212402344,39.33869552612305,41.4921760559082,18.900000000000006
20.632068634033203,20.74054718017578,20.25777816772461,45.0
26.041339874267578,27.762826919555664,21.633237838745117,52.5
45.91075134277344,46.92033386230469,21.18743324279785,30.0
31.809465408325195,30.499290466308594,27.898258209228516,15.0
24.75371742248535,23.630455017089844,20.241445541381836,35.0
22.818401336669922,27.822559356689453,27.400768280029297,25.980000000000004
25.304241180419922,14.56704044342041,14.610435485839844,29.069999999999993
25.304241180419922,28.205081939697266,28.2103214263916,12.049999999999997
16.747941970825195,16.84006118774414,25.34991455078125,12.5
14.574385643005371,14.812934875488281,22.85749053955078,9.799999999999997
22.15504264831543,23.255605697631836,17.889265060424805,12.200000000000003
38.331092834472656,34.57798385620117,39.00504684448242,49.62
17.24554443359375,17.175140380859375,16.75751495361328,27.260000000000005
20.479257583618164,20.627822875976562,19.650970458984375,16.480000000000004
23.316614151000977,20.857439041137695,28.16398811340332,38.0
13.307672500610352,15.06433391571045,12.89586067199707,41.5
20.99630355834961,23.22604751586914,19.585960388183594,22.0
13.012529373168945,18.885984420776367,14.711543083190918,16.0
31.623567581176758,34.9626350402832,35.03963088989258,10.0
34.23552322387695,34.082603454589844,33.576751708984375,33.0
31.318653106689453,29.22142791748047,32.428741455078125,23.799999999999997
25.71248435974121,23.182004928588867,23.610509872436523,18.0
18.677005767822266,15.092719078063965,13.579720497131348,12.5
34.04107666015625,32.80514907836914,35.42267990112305,46.7
32.05615234375,32.474510192871094,34.17097091674805,35.0
24.634374618530273,27.83461570739746,24.453073501586914,27.0
17.54465103149414,19.857769012451172,18.675701141357422,13.700000000000003
17.497997283935547,16.63912582397461,16.476516723632812,8.700000000000003
34.72443389892578,31.632158279418945,36.548851013183594,53.0
26.069944381713867,26.26340675354004,35.181705474853516,37.0
23.06813621520996,21.81662368774414,22.055055618286133,26.299999999999997
17.85736656188965,19.092029571533203,18.504831314086914,17.0
25.17739486694336,24.450576782226562,25.459331512451172,45.0
33.28520584106445,33.736454010009766,34.49559020996094,22.099999999999994
31.263446807861328,31.97517204284668,25.992050170898438,25.0
30.194828033447266,31.238616943359375,30.144001007080078,30.0
29.138399124145508,29.939241409301758,26.5694580078125,33.5
20.295291900634766,19.328641891479492,22.856019973754883,31.25
17.382747650146484,17.08104133605957,17.804338455200195,17.0
18.620018005371094,18.657428741455078,20.40447235107422,25.0
18.6147518157959,18.71343421936035,18.470163345336914,21.0
17.585824966430664,17.532800674438477,18.26805305480957,10.0
15.541879653930664,16.057397842407227,15.720573425292969,12.5
19.507549285888672,22.591856002807617,18.49955940246582,23.700000000000003
15.69664478302002,16.883277893066406,15.53901195526123,12.5
18.366926193237305,20.599023818969727,19.90123176574707,20.0
18.821563720703125,17.704090118408203,18.18813133239746,16.0
14.9900484085083,17.141986846923828,15.569809913635254,10.0
32.405296325683594,31.891983032226562,29.421911239624023,35.0
14.721145629882812,14.702400207519531,12.972429275512695,28.0
20.330209732055664,20.90691375732422,17.922130584716797,10.0
28.126819610595703,26.27667236328125,28.104856491088867,28.0
18.892192840576172,17.521743774414062,18.650123596191406,27.5
22.50815773010254,22.341537475585938,22.312543869018555,24.5
26.14137077331543,25.97290802001953,26.993839263916016,16.0
24.087451934814453,24.34158706665039,23.881330490112305,22.0
25.95037078857422,26.359148025512695,26.076396942138672,32.0
19.538427352905273,19.58843421936035,19.4467716217041,19.0
20.2647647857666,20.418611526489258,19.9197998046875,22.0
21.106351852416992,21.139081954956055,19.98758316040039,18.0
22.466487884521484,21.110443115234375,22.761850357055664,19.0
17.504060745239258,18.225221633911133,18.313457489013672,30.0
19.55873680114746,20.502885818481445,20.561378479003906,15.0
19.92976188659668,17.389070510864258,20.487077713012695,17.0
25.18284034729004,27.4988956451416,28.524587631225586,16.099999999999994
20.611186981201172,19.38574981689453,18.59116554260254,15.799999999999997
16.743656158447266,17.389070510864258,16.613801956176758,22.0
20.64202880859375,17.782630920410156,17.92417335510254,32.8
20.395030975341797,18.888395309448242,23.47426986694336,13.099999999999994
19.71796226501465,23.436782836914062,17.801551818847656,20.0
22.4593505859375,24.601640701293945,21.320270538330078,13.0
20.578842163085938,17.46714210510254,17.656414031982422,30.0
20.13791275024414,22.05124855041504,21.210941314697266,15.0
20.444543838500977,17.806472778320312,17.451372146606445,17.0
20.578842163085938,22.350791931152344,21.818742752075195,16.099999999999994
20.426366806030273,21.154335021972656,21.383825302124023,15.799999999999997
20.14353370666504,20.735034942626953,21.261356353759766,22.0
19.154409408569336,19.377037048339844,15.766395568847656,32.8
18.8704776763916,24.506074905395508,23.51876449584961,13.099999999999994
18.8704776763916,24.506074905395508,19.786314010620117,20.0
19.608745574951172,19.389995574951172,15.766340255737305,32.8
19.0634765625,24.50602149963379,23.51871109008789,13.099999999999994
18.966670989990234,19.59909439086914,19.78626823425293,20.0
26.502107620239258,22.08060073852539,23.3636474609375,31.5
25.109737396240234,23.678699493408203,27.32562255859375,15.5
26.78098487854004,26.558837890625,26.016616821289062,15.299999999999997
16.770736694335938,19.49603843688965,26.016616821289062,28.099999999999994
41.24311828613281,32.55504608154297,39.465396881103516,49.7
21.78095054626465,20.68475341796875,20.489402770996094,24.599999999999994
31.749359130859375,28.441741943359375,30.920087814331055,19.939999999999998
21.78095054626465,20.68475341796875,26.19405174255371,11.299999999999997
22.300922393798828,23.068641662597656,19.552806854248047,17.980000000000004
28.243541717529297,45.283729553222656,45.01694107055664,52.0
31.746994018554688,38.19384765625,36.207149505615234,40.0
22.1214599609375,22.617292404174805,22.81003761291504,34.400000000000006
26.586137771606445,26.237436294555664,13.36342716217041,23.0
28.193544387817383,39.012657165527344,40.514705657958984,49.4
36.00135803222656,39.5845832824707,38.23139190673828,30.599999999999994
32.012481689453125,31.542879104614258,32.61893081665039,21.200000000000003
26.571603775024414,26.230806350708008,24.032577514648438,10.0
28.42271614074707,32.68567657470703,26.068758010864258,54.8
33.8670654296875,32.757164001464844,25.21416664123535,40.0
28.609233856201172,26.481853485107422,37.27412414550781,23.799999999999997
26.123699188232422,25.87689781188965,26.400558471679688,49.7
33.164161682128906,17.404186248779297,31.98961067199707,28.0
25.373327255249023,25.680421829223633,24.781362533569336,10.0
25.761125564575195,23.934667587280273,25.68682289123535,31.0
20.984331130981445,21.23337745666504,20.176450729370117,28.0
23.859336853027344,24.154512405395508,20.176450729370117,21.0
24.855817794799805,25.167675018310547,24.900484085083008,18.0
43.50102233886719,51.786041259765625,44.14515686035156,60.0
49.674400329589844,48.0389404296875,48.81419372558594,57.5
50.941864013671875,53.69036865234375,47.342872619628906,53.0
50.550628662109375,48.17334747314453,52.77915573120117,55.0
32.36278533935547,34.97720718383789,41.845375061035156,57.0
45.36253356933594,35.047874450683594,29.808290481567383,50.9
23.96436309814453,25.77652931213379,25.615768432617188,22.900000000000006
20.899869918823242,17.831409454345703,24.43600845336914,16.900000000000006
18.957902908325195,19.225143432617188,20.282611846923828,17.700000000000003
25.400754928588867,25.098905563354492,25.060335159301758,25.5
34.797950744628906,26.398263931274414,34.20248794555664,50.9
24.49464225769043,25.394804000854492,24.034055709838867,22.900000000000006
23.4200382232666,21.181644439697266,25.435766220092773,16.900000000000006
22.884862899780273,23.713607788085938,22.00029182434082,17.700000000000003
24.97352409362793,25.430030822753906,25.67569351196289,25.5
48.60367965698242,46.369293212890625,47.115028381347656,50.9
23.599477767944336,23.73403549194336,23.455352783203125,22.900000000000006
18.245792388916016,17.54285430908203,17.585145950317383,16.900000000000006
18.375022888183594,19.019287109375,18.55904769897461,17.700000000000003
25.450061798095703,25.428516387939453,25.389713287353516,25.5
47.62680435180664,39.543678283691406,47.743675231933594,50.9
23.53510856628418,23.75716209411621,23.817625045776367,22.900000000000006
17.667760848999023,17.39682388305664,17.99677085876465,16.900000000000006
18.366329193115234,19.128503799438477,19.057636260986328,17.700000000000003
25.436107635498047,25.40365982055664,25.555789947509766,25.5
48.3958625793457,43.325927734375,49.30583190917969,50.9
23.994234085083008,23.91950798034668,23.480554580688477,22.900000000000006
17.313873291015625,17.453256607055664,17.55499839782715,16.900000000000006
18.500274658203125,18.35763931274414,18.918752670288086,17.700000000000003
25.444623947143555,25.422170639038086,25.48147964477539,25.5
22.957286834716797,22.811180114746094,21.776079177856445,22.769999999999996
25.31102752685547,25.532499313354492,24.68573760986328,16.67
25.42000961303711,26.434467315673828,25.92574691772461,13.340000000000003
23.62449073791504,22.13625717163086,23.800397872924805,31.810000000000002
28.960538864135742,28.064380645751953,28.351388931274414,12.030000000000001
26.60991668701172,26.281780242919922,26.047903060913086,23.700000000000003
25.451467514038086,25.964685440063477,26.509241104125977,23.700000000000003
26.11837387084961,26.22565460205078,26.12188148498535,15.5
30.393905639648438,39.939083099365234,49.14241409301758,73.0
31.037797927856445,40.95694351196289,63.497772216796875,54.0
38.8312873840332,56.85385513305664,51.422401428222656,52.0
45.79730224609375,48.47137451171875,43.51862335205078,54.0
33.360069274902344,31.355722427368164,32.3632926940918,61.0
27.166210174560547,20.041162490844727,24.832799911499023,25.0
19.65188980102539,18.969322204589844,20.594791412353516,20.0
20.189287185668945,20.351621627807617,22.067096710205078,15.0
28.852828979492188,22.59987449645996,23.3045654296875,22.5
24.85334014892578,24.502613067626953,26.912960052490234,30.700000000000003
25.1389217376709,25.50762367248535,25.987852096557617,22.900000000000006
18.423871994018555,21.89086151123047,17.791526794433594,14.200000000000003
15.612432479858398,15.823902130126953,16.150440216064453,11.299999999999997
18.714370727539062,17.19379997253418,16.535253524780273,11.799999999999997
24.02587127685547,21.712766647338867,19.851831436157227,28.0
18.659992218017578,18.88719367980957,18.489990234375,24.0
15.85749340057373,16.382991790771484,16.27020835876465,21.5
21.869932174682617,14.636311531066895,13.32121753692627,18.0
26.411663055419922,25.678382873535156,23.348020553588867,11.799999999999997
22.808530807495117,27.65300941467285,19.71820831298828,23.5
24.618059158325195,24.42031478881836,22.987218856811523,16.0
22.485919952392578,21.51003074645996,22.915254592895508,12.0
21.80130958557129,19.312728881835938,20.465787887573242,10.0
23.903759002685547,27.65300941467285,25.213184356689453,17.0
40.45759201049805,40.52263641357422,39.681880950927734,52.3
37.78408432006836,37.55314254760742,37.85752487182617,47.7
45.553688049316406,46.27618408203125,40.410614013671875,43.4
42.24171447753906,45.222869873046875,45.02058792114258,40.6
42.20643615722656,42.21137619018555,42.64515686035156,40.6
33.87596893310547,28.776138305664062,27.19826316833496,39.4
23.92755889892578,23.975481033325195,23.52605628967285,35.099999999999994
39.71865463256836,39.92814636230469,40.53938293457031,52.3
39.568843841552734,39.47684097290039,38.836631774902344,47.7
47.49195098876953,47.49428939819336,45.76626968383789,43.4
45.788108825683594,46.65454864501953,42.89667892456055,40.6
43.15733337402344,42.167198181152344,43.263668060302734,40.6
36.71742630004883,40.11384582519531,34.194740295410156,39.4
28.787464141845703,27.15532112121582,29.098737716674805,35.099999999999994
26.850732803344727,26.42242431640625,27.2943172454834,25.0
23.002317428588867,23.521793365478516,22.563467025756836,21.0
17.760290145874023,21.89086151123047,16.732128143310547,16.0
16.070056915283203,14.838906288146973,15.595976829528809,11.0
16.510648727416992,16.43675422668457,15.652687072753906,14.0
36.3182258605957,33.696495056152344,35.142364501953125,27.0
25.71248435974121,22.344648361206055,25.904338836669922,16.5
17.888303756713867,18.668901443481445,17.198102951049805,11.0
37.70603561401367,36.88710021972656,38.30544662475586,38.75
23.222684860229492,27.83461570739746,27.09494400024414,30.0
16.439313888549805,17.668495178222656,15.335921287536621,23.799999999999997
12.694849014282227,16.63912582397461,16.476516723632812,20.0
34.85289001464844,32.7625732421875,33.93009567260742,26.0
25.71248435974121,22.351499557495117,25.904338836669922,23.0
16.712316513061523,16.915096282958984,17.51775550842285,17.0
15.544045448303223,15.610092163085938,16.21983528137207,12.5
24.57063865661621,22.600393295288086,23.147008895874023,67.5
46.55183029174805,38.6749267578125,38.50525665283203,20.0
27.796550750732422,27.728622436523438,27.702625274658203,34.5
28.084531784057617,27.469112396240234,27.99819564819336,27.0
22.98958396911621,22.955995559692383,24.949323654174805,20.5
21.788650512695312,23.713117599487305,25.98695945739746,11.439999999999998
21.90964698791504,22.726726531982422,22.840736389160156,17.299999999999997
16.4193115234375,20.740713119506836,17.009689331054688,17.5
15.22315502166748,20.358657836914062,16.092336654663086,16.0
18.24190330505371,20.262123107910156,18.36900520324707,10.0
16.620363235473633,16.835006713867188,16.952226638793945,19.0
17.739425659179688,19.133108139038086,18.242568969726562,20.5
27.286706924438477,27.957971572875977,28.064075469970703,28.75
28.673717498779297,28.066152572631836,27.936304092407227,24.0
27.257545471191406,26.91437530517578,27.893146514892578,23.129999999999995
26.787593841552734,26.60481834411621,28.445743560791016,21.629999999999995
28.136751174926758,27.27564811706543,28.70026397705078,26.799999999999997
29.21808624267578,27.666269302368164,30.54767417907715,32.0
26.92372703552246,26.842798233032227,25.619617462158203,36.25
27.482988357543945,27.76077651977539,25.64573097229004,30.599999999999994
27.12064552307129,27.667409896850586,27.163257598876953,28.5
27.714170455932617,27.36651039123535,28.445743560791016,23.0
26.984954833984375,26.33092498779297,26.177650451660156,28.75
29.36370086669922,28.671419143676758,26.932838439941406,32.5
31.663352966308594,38.21437072753906,39.399688720703125,65.8
30.760604858398438,45.77485275268555,49.30747985839844,51.3
38.808135986328125,39.401939392089844,39.46836471557617,40.5
37.75849151611328,46.78645324707031,34.69198226928711,12.299999999999997
15.065662384033203,44.72322463989258,20.005868911743164,21.299999999999997
34.68304443359375,34.20027542114258,35.60080337524414,48.8
34.82941436767578,34.3790168762207,34.91007995605469,38.0
33.1531982421875,28.836151123046875,30.704492568969727,28.0
29.761945724487305,24.084684371948242,28.97087287902832,39.0
27.605005264282227,28.567235946655273,27.455703735351562,35.5
35.89483642578125,35.48792266845703,34.91007995605469,34.0
33.1531982421875,32.89462661743164,31.731801986694336,18.0
29.761945724487305,24.084684371948242,32.09867858886719,30.0
24.525501251220703,24.104137420654297,25.03441047668457,20.0
23.64915657043457,23.565305709838867,24.077726364135742,20.0
23.273719787597656,22.36776351928711,22.7683162689209,23.53
23.70792579650879,23.747495651245117,23.289356231689453,22.810000000000002
22.773996353149414,23.57289695739746,22.28653907775879,29.730000000000004
52.25551223754883,48.89550018310547,51.98829650878906,28.0
50.51726150512695,47.921974182128906,39.51686477661133,25.0
31.574020385742188,26.12339210510254,26.933809280395508,21.700000000000003
23.793399810791016,25.00748634338379,23.694629669189453,21.0
25.44325828552246,25.87067222595215,25.21831512451172,15.0
19.46253204345703,19.6619873046875,20.40001678466797,11.099999999999994
15.462881088256836,15.74724006652832,14.272013664245605,16.900000000000006
26.385879516601562,25.095016479492188,22.246919631958008,17.0
26.590965270996094,26.355300903320312,25.876176834106445,10.5
25.46031379699707,25.459293365478516,26.081298828125,17.0
30.575654983520508,27.347524642944336,30.003755569458008,39.82
34.80219650268555,27.487625122070312,34.185630798339844,32.0
31.01386833190918,30.79467010498047,27.078258514404297,27.760000000000005
26.273866653442383,26.185754776000977,25.88602638244629,30.0
