seed_6_y_pred,seed_6_y_std,seed_13_y_pred,seed_13_y_std,seed_42_y_pred,seed_42_y_std,Approx Conv (%)
57.23529052734375,7.698523998260498,63.79792785644531,7.935389995574951,66.86166381835938,7.344752788543701,89
39.676631927490234,5.921501159667969,44.63493728637695,6.628283500671387,47.23194122314453,5.8104963302612305,46
20.31375503540039,6.975816249847412,19.122095108032227,6.448574542999268,19.830623626708984,6.742176055908203,7
-1.0527896881103516,8.612563133239746,-2.5255470275878906,8.299848556518555,-0.9697933197021484,8.627902030944824,11
105.03425598144531,7.393265724182129,103.83746337890625,7.1974406242370605,102.59194946289062,6.037586688995361,89
86.38227844238281,6.497885704040527,88.702880859375,6.1116766929626465,80.8564453125,5.9505534172058105,90
71.64138793945312,6.660443305969238,72.61541748046875,6.398350715637207,74.02757263183594,6.398962497711182,45
6.369720458984375,6.809663772583008,3.560192108154297,7.142857551574707,7.035411834716797,7.44817590713501,16
93.66493225097656,7.551054000854492,94.2879638671875,6.86598539352417,94.87577056884766,7.355609893798828,100
104.52957153320312,6.3955793380737305,103.85102844238281,5.74912691116333,106.01854705810547,5.992553234100342,98
83.24789428710938,7.38591194152832,76.36029052734375,6.575222492218018,78.57481384277344,6.972343444824219,100
29.494338989257812,9.134912490844727,37.54441452026367,8.730483055114746,33.39013671875,9.905322074890137,26
38.384796142578125,7.353212833404541,38.98822021484375,7.807686805725098,51.38066101074219,7.358940124511719,11
9.733360290527344,6.75191593170166,18.8923282623291,6.398094654083252,15.954083442687988,6.847501277923584,15
1.4882583618164062,7.371349334716797,0.23865318298339844,7.029069423675537,-1.4898967742919922,7.119714260101318,3
2.1570262908935547,7.713302135467529,-5.1917724609375,10.071991920471191,2.782377243041992,8.32774543762207,4
89.06359100341797,7.516543865203857,81.9273681640625,7.312992572784424,87.70315551757812,7.050389289855957,88
74.88682556152344,6.432312965393066,76.04218292236328,5.634925365447998,77.96144104003906,5.74630880355835,98
70.99314880371094,6.350527286529541,65.23532104492188,5.880878925323486,69.34466552734375,6.504424095153809,67
19.976858139038086,8.479050636291504,21.25860023498535,7.929960250854492,18.045307159423828,7.1278886795043945,9
98.411376953125,7.990805149078369,92.5206298828125,7.8244218826293945,105.85919189453125,7.9774885177612305,100
109.26416015625,5.7689995765686035,110.12940979003906,5.867931365966797,113.85104370117188,6.515356540679932,100
90.51651000976562,5.82504415512085,90.41049194335938,6.704118251800537,90.17823791503906,6.470061779022217,96
33.82223129272461,9.520827293395996,37.262813568115234,9.157697677612305,33.08220291137695,8.444592475891113,26
64.86560821533203,7.280525207519531,71.74024963378906,7.616807460784912,59.789344787597656,8.014727592468262,90
84.45068359375,6.5084919929504395,86.63330078125,6.146285533905029,87.26771545410156,6.043765068054199,78
82.22447204589844,7.340793609619141,83.3664321899414,7.566115856170654,84.19195556640625,6.964917182922363,72
64.91507720947266,7.618264198303223,64.91307830810547,8.270484924316406,65.04707336425781,7.849524021148682,90
90.87620544433594,6.4931416511535645,78.40646362304688,7.1411943435668945,82.30626678466797,8.33452320098877,87
88.21040344238281,5.611590385437012,93.5048828125,6.090363502502441,88.44867706298828,6.517572402954102,91
90.85921478271484,6.536427021026611,89.05567932128906,6.695329189300537,88.49418640136719,6.50538969039917,82
92.79649353027344,8.072197914123535,94.89320373535156,7.6572041511535645,95.16035461425781,7.724229335784912,95
84.1883544921875,8.458568572998047,75.64595031738281,7.360457420349121,81.0739517211914,6.680635929107666,90
86.95015716552734,7.170118808746338,91.04653930664062,6.015596866607666,89.40508270263672,6.006762981414795,80
79.55038452148438,6.9353156089782715,80.10737609863281,7.4612932205200195,79.39691162109375,6.967015743255615,86
88.70808410644531,9.341081619262695,90.5875244140625,8.743748664855957,91.78756713867188,8.832952499389648,85
59.26329803466797,7.6129469871521,55.98297119140625,7.1921820640563965,56.26336669921875,8.522672653198242,9
49.90199279785156,5.3878912925720215,48.69134521484375,5.8756489753723145,67.8782958984375,7.114396572113037,74
72.34799194335938,6.47511100769043,69.74573516845703,6.877447128295898,68.56136322021484,7.032744407653809,75
72.82394409179688,8.707326889038086,84.1781234741211,9.479988098144531,70.43217468261719,8.567140579223633,52
53.28113555908203,6.7647624015808105,57.01300048828125,6.268603324890137,55.92700958251953,5.95908784866333,74
79.23777770996094,5.7835798263549805,91.65992736816406,6.158211708068848,92.40775299072266,6.560271263122559,88
94.41905212402344,6.478917598724365,94.94247436523438,7.485893249511719,98.17455291748047,7.05736780166626,97
84.05635070800781,8.089751243591309,88.2126693725586,7.452622890472412,88.43997192382812,7.54766321182251,97
77.61515045166016,7.524357318878174,81.689208984375,7.024441719055176,80.58285522460938,7.377130508422852,82
89.59314727783203,6.396495342254639,93.51095581054688,5.739237308502197,89.70443725585938,6.044959545135498,94
100.44023132324219,5.853340148925781,98.39024353027344,6.839216709136963,97.4898452758789,6.8445658683776855,95
96.73231506347656,10.360986709594727,93.11959075927734,10.317766189575195,97.92529296875,8.387956619262695,95
31.100799560546875,6.550567150115967,28.058069229125977,7.149370193481445,32.98881530761719,7.389867305755615,33
46.572792053222656,6.460879325866699,42.498626708984375,7.266772270202637,46.21134948730469,6.188148498535156,46
47.83279037475586,6.721556186676025,43.832313537597656,7.918204307556152,48.2951545715332,6.645214557647705,52
42.462791442871094,7.7090229988098145,34.68407440185547,9.624444007873535,43.356292724609375,8.516124725341797,53
53.4261589050293,7.182947158813477,57.550758361816406,6.794458866119385,56.51577377319336,6.048600196838379,44
62.660484313964844,5.174802303314209,64.2581787109375,5.830211162567139,62.194618225097656,5.943668842315674,79
75.08798217773438,6.530949592590332,81.98583984375,6.129484176635742,76.08435821533203,6.554494857788086,72
72.72843170166016,8.170101165771484,74.93821716308594,7.382111549377441,66.49710845947266,7.901303291320801,62
41.636077880859375,6.519242763519287,40.263492584228516,7.11546516418457,41.22876739501953,8.066678047180176,44
67.44873046875,6.416770935058594,67.65544891357422,6.495346546173096,68.35205841064453,6.031327247619629,55
62.932613372802734,6.7590651512146,64.89512634277344,6.500701904296875,59.476715087890625,6.121281623840332,70
60.24473571777344,9.907673835754395,67.22906494140625,8.854238510131836,67.62590026855469,7.950882911682129,55
-0.9323959350585938,7.734908103942871,-1.7725601196289062,7.7416276931762695,11.272658348083496,8.419224739074707,2
26.166439056396484,6.604789733886719,27.95374870300293,6.130039215087891,32.19148635864258,7.028377532958984,13
45.833465576171875,7.494604110717773,44.228721618652344,6.901925086975098,40.101139068603516,6.104302883148193,33
53.83890914916992,9.456612586975098,44.92089080810547,9.99112606048584,34.062843322753906,9.664140701293945,38
35.15538024902344,6.286386013031006,34.269386291503906,6.6640472412109375,36.066688537597656,6.034663200378418,32
61.627708435058594,6.833196640014648,68.4285888671875,5.430256366729736,61.298736572265625,6.34847354888916,70
83.2149887084961,6.927150726318359,86.7669448852539,6.187259197235107,78.46317291259766,7.2865118980407715,97
86.3538818359375,7.1239824295043945,88.94768524169922,9.035918235778809,73.14112854003906,10.095060348510742,98
50.46049880981445,7.591052055358887,40.70628356933594,9.721116065979004,49.55618667602539,7.028429985046387,49
73.54608917236328,6.534543037414551,70.13191223144531,7.344574928283691,76.7202377319336,7.198251247406006,91
105.60118103027344,7.020615577697754,105.28642272949219,6.433003902435303,97.83662414550781,7.6227827072143555,94
95.09827423095703,8.589336395263672,87.99053192138672,9.194371223449707,97.73994445800781,9.938827514648438,96
15.936735153198242,7.507234573364258,16.841421127319336,6.855825424194336,17.003894805908203,9.02112865447998,18
20.557723999023438,5.254350662231445,19.333820343017578,6.117482662200928,17.978015899658203,6.822800636291504,21
20.26106834411621,6.989356994628906,20.148910522460938,7.467140197753906,18.893312454223633,7.465325832366943,23
18.466163635253906,8.596017837524414,17.434101104736328,9.500155448913574,18.494586944580078,7.898865699768066,19
20.318586349487305,7.798405170440674,21.284284591674805,7.287690162658691,19.293766021728516,8.159290313720703,20
24.745481491088867,6.687699794769287,24.93869400024414,5.964779853820801,25.30067253112793,7.658594608306885,27
27.206907272338867,5.829110145568848,27.951961517333984,6.529799461364746,26.32045555114746,7.912635803222656,24
24.25550079345703,7.628175735473633,25.799623489379883,7.639232158660889,24.469589233398438,7.773544788360596,21
21.685792922973633,6.476145267486572,21.706186294555664,6.825305461883545,20.887161254882812,6.743330478668213,21
28.084415435791016,6.375977516174316,28.45868492126465,6.445852279663086,27.264514923095703,6.180310249328613,25
28.39499282836914,7.241621494293213,27.604576110839844,6.64690637588501,29.408279418945312,7.1636247634887695,27
27.18108367919922,8.091967582702637,27.51038360595703,9.181082725524902,30.512184143066406,8.819616317749023,27
12.667681694030762,6.947795391082764,16.071033477783203,7.877226829528809,10.729497909545898,8.352455139160156,2
15.04851245880127,7.2327189445495605,13.574316024780273,5.692018985748291,13.242003440856934,5.4474196434021,13
19.57989501953125,8.126397132873535,19.178150177001953,6.199339866638184,17.72191619873047,7.051937103271484,18
22.9674129486084,11.0029878616333,25.423316955566406,8.034852027893066,22.698575973510742,13.093487739562988,20
26.30206298828125,6.826554775238037,33.07835006713867,8.079486846923828,27.02635955810547,6.403575420379639,25
34.58803939819336,5.440503120422363,34.93524169921875,6.1729960441589355,34.67527770996094,6.293826580047607,40
41.10182189941406,6.766124725341797,42.35279083251953,6.64483118057251,39.00296401977539,6.729642391204834,39
39.32461929321289,8.58351993560791,37.74267578125,8.369941711425781,35.10666275024414,11.40048599243164,40
41.18174743652344,7.507146835327148,43.88800048828125,7.89723539352417,40.63278579711914,7.361056804656982,38
49.488407135009766,6.398092269897461,50.2603759765625,5.63822078704834,46.68859100341797,6.625957489013672,55
54.644309997558594,6.3768630027771,54.845436096191406,6.239924907684326,49.750675201416016,7.179681301116943,57
50.96869659423828,8.116812705993652,49.87040710449219,8.53465747833252,46.86509323120117,9.46416187286377,54
31.27869415283203,7.374433517456055,26.737045288085938,7.682924747467041,30.172218322753906,7.856907367706299,34
33.383331298828125,5.742156028747559,34.24550247192383,5.870410442352295,34.06226348876953,6.247596263885498,38
33.9775505065918,5.885277271270752,33.31867218017578,7.041441440582275,32.91454315185547,6.819989204406738,37
30.89173126220703,8.151407241821289,29.426118850708008,8.482851028442383,28.773635864257812,8.373754501342773,35
34.043609619140625,6.875755786895752,32.97507858276367,6.5861406326293945,32.732452392578125,6.403185844421387,32
35.39888000488281,6.635129928588867,32.19686508178711,5.711409091949463,32.2473258972168,5.928236961364746,30
31.773475646972656,6.9324445724487305,30.340389251708984,6.578407287597656,27.48044204711914,6.32061243057251,29
31.218582153320312,9.247145652770996,32.547607421875,6.965963363647461,32.66862487792969,7.403219223022461,28
39.606529235839844,9.094720840454102,36.98894500732422,7.699869632720947,36.94432067871094,7.244144916534424,34
37.96296691894531,6.860744953155518,36.82098388671875,5.6422438621521,34.298973083496094,6.697986602783203,35
31.906070709228516,7.362862586975098,31.711130142211914,6.277868747711182,30.048843383789062,7.629622936248779,31
31.88241958618164,10.146828651428223,29.65890884399414,7.9141974449157715,30.970022201538086,7.908361911773682,32
26.151233673095703,7.7040252685546875,27.60955810546875,6.965057849884033,28.32006072998047,7.305461883544922,7
23.510679244995117,6.444135665893555,21.926151275634766,5.666297435760498,21.640748977661133,6.083184719085693,23
29.90665626525879,6.3656511306762695,30.239788055419922,6.678169250488281,30.011226654052734,7.014202117919922,28
40.94978332519531,7.738846302032471,34.90422439575195,9.286944389343262,39.768226623535156,8.642340660095215,34
40.772239685058594,5.895418167114258,41.250144958496094,6.216730117797852,40.75224304199219,6.937535762786865,48
47.8365478515625,5.4646196365356445,49.217193603515625,5.859516143798828,45.48773193359375,5.847780704498291,49
46.547584533691406,5.673627853393555,44.391456604003906,6.287757396697998,45.10932922363281,6.4469146728515625,46
43.89659881591797,7.680000305175781,43.56555938720703,8.229974746704102,44.12237548828125,7.019967555999756,52
63.941009521484375,7.549171447753906,65.43255615234375,7.249299049377441,64.08772277832031,8.927170753479004,70
68.29473876953125,6.455056190490723,66.64265441894531,5.748453140258789,65.3787841796875,7.063980579376221,74
63.13136291503906,6.1276164054870605,63.52798843383789,6.203188896179199,63.546348571777344,6.572701930999756,62
53.11646270751953,8.624611854553223,52.442649841308594,8.27011489868164,53.47856140136719,9.866106986999512,53
2.1962223052978516,8.083235740661621,1.9845199584960938,8.519436836242676,2.2779006958007812,7.235448837280273,0
0.11425590515136719,5.278731822967529,-0.046070098876953125,6.07758903503418,-0.3643989562988281,5.661840438842773,0
-0.13512420654296875,7.007552146911621,0.6099605560302734,7.379851818084717,0.8659267425537109,7.161211967468262,0
2.495687484741211,9.712414741516113,3.3646183013916016,7.962759971618652,4.00733757019043,10.453642845153809,0
0.1380157470703125,7.91142463684082,0.21324729919433594,6.619454860687256,-0.88604736328125,7.06380558013916,0
-0.4068260192871094,6.789210796356201,-0.5995750427246094,5.50178337097168,-1.1925792694091797,6.699586868286133,0
-0.058074951171875,5.713013648986816,-0.38129234313964844,5.781448841094971,-0.6906986236572266,6.618661880493164,0
0.7992172241210938,8.414767265319824,0.2877330780029297,6.890990734100342,1.4183368682861328,8.484613418579102,0
1.2177925109863281,7.688329219818115,0.7581577301025391,7.262373447418213,0.9079227447509766,6.643005847930908,0
-0.24547576904296875,7.480832099914551,-0.5701923370361328,5.919961929321289,-0.2895545959472656,6.0611572265625,0
-0.35491180419921875,7.809588432312012,-0.24341583251953125,7.0050950050354,0.15401268005371094,5.992835998535156,0
2.2661285400390625,8.833752632141113,1.6014270782470703,8.298905372619629,1.3349475860595703,8.32191276550293,0
1.550384521484375,7.623046398162842,1.0471458435058594,7.872942924499512,1.7265548706054688,7.7655029296875,0
0.3865795135498047,5.709292411804199,0.4141044616699219,5.749602794647217,0.2708549499511719,6.127303123474121,0
0.3714923858642578,7.04998254776001,-0.37241172790527344,6.614951133728027,0.5015296936035156,6.33447790145874,0
-3.3298873901367188,7.7206315994262695,-3.3830909729003906,8.137633323669434,-4.7569122314453125,9.360987663269043,0
1.2263221740722656,7.833259582519531,0.8727531433105469,6.733348369598389,2.452320098876953,7.567795276641846,0
1.4284629821777344,6.613872051239014,1.015981674194336,6.663895130157471,1.134408950805664,5.889962196350098,1
1.1235523223876953,5.481445789337158,1.0019683837890625,7.29079008102417,0.9839286804199219,5.7904839515686035,1
0.7630214691162109,6.952176094055176,0.6422138214111328,7.886153697967529,-1.2328357696533203,8.146429061889648,0
4.353399276733398,8.177223205566406,4.090740203857422,8.226232528686523,4.67909049987793,7.771622657775879,1
1.3213214874267578,6.563725471496582,3.044971466064453,5.638723850250244,5.924722671508789,6.726890563964844,1
3.42425537109375,7.300152778625488,1.5552234649658203,6.172303676605225,6.067207336425781,7.7019805908203125,1
5.242271423339844,9.375182151794434,2.0600204467773438,9.634921073913574,2.8905582427978516,8.527617454528809,1
26.04184341430664,7.60362434387207,25.865150451660156,6.909369468688965,27.0167293548584,7.131555080413818,45
42.63750076293945,7.1861677169799805,38.487220764160156,6.332187652587891,38.66027069091797,6.337582111358643,41
30.318071365356445,7.78415584564209,30.85824203491211,6.351988792419434,31.237972259521484,7.735570430755615,21
6.850261688232422,9.639030456542969,-1.07733154296875,8.085651397705078,10.450260162353516,10.95567798614502,8
69.68431854248047,6.929765224456787,73.18409729003906,6.639395713806152,68.85155487060547,6.648289680480957,60
83.15080261230469,6.363161563873291,78.29875946044922,6.592391490936279,78.23517608642578,6.12368631362915,88
69.58679962158203,6.525863170623779,72.37405395507812,5.823801040649414,74.46669006347656,7.072744369506836,80
25.955734252929688,8.420883178710938,29.25644874572754,8.233330726623535,24.364391326904297,9.124358177185059,15
84.39454650878906,8.512962341308594,79.61738586425781,7.361203193664551,82.99083709716797,8.236018180847168,58
102.7562255859375,7.260290145874023,89.4918441772461,6.835998058319092,87.05404663085938,6.858413219451904,99
92.09465026855469,6.930201053619385,94.24742126464844,7.507741928100586,88.24568939208984,7.249057769775391,97
40.35070037841797,8.66588306427002,47.65241241455078,10.441378593444824,44.900291442871094,8.431655883789062,39
27.7625732421875,8.222200393676758,45.40779495239258,8.05185317993164,29.306663513183594,8.112738609313965,7
20.129894256591797,6.725712299346924,37.83189392089844,6.640864849090576,21.285045623779297,6.270188331604004,18
11.085065841674805,7.1689043045043945,16.100008010864258,6.359440326690674,12.269074440002441,6.7449727058410645,14
6.5032196044921875,11.181694030761719,3.092632293701172,8.090926170349121,4.177772521972656,7.813877582550049,6
55.00582504272461,6.387401103973389,55.90998077392578,7.5067830085754395,65.21017456054688,7.160862922668457,61
68.80609130859375,6.531522750854492,69.22297668457031,5.595405101776123,70.913818359375,5.731696605682373,79
57.87342834472656,6.758816719055176,60.9260368347168,6.2625861167907715,60.28717041015625,6.341403007507324,64
27.272188186645508,8.41008472442627,25.59436798095703,7.777024269104004,20.189359664916992,9.157505989074707,24
69.04871368408203,7.0699238777160645,70.41407012939453,8.27945327758789,68.417724609375,8.269536972045898,92
97.31942749023438,6.496945381164551,96.1221923828125,6.325412273406982,88.24832153320312,6.944498538970947,91
89.16053009033203,6.161716461181641,89.89439392089844,7.041001796722412,87.95819091796875,6.009969711303711,81
36.233524322509766,8.623323440551758,39.3839111328125,8.76799488067627,36.1058349609375,9.673946380615234,50
21.569318771362305,7.511897087097168,22.512250900268555,7.552722454071045,21.855751037597656,7.301529407501221,28
30.40985107421875,6.500540256500244,29.85826873779297,6.29043436050415,28.26205825805664,6.13618803024292,32
20.507198333740234,7.324364185333252,22.417068481445312,6.209961414337158,23.171878814697266,6.094968795776367,30
18.64212417602539,9.587882041931152,23.730905532836914,9.194934844970703,18.987234115600586,10.222254753112793,23
28.33318328857422,6.924812316894531,31.261615753173828,7.128241539001465,32.929229736328125,7.160906791687012,30
40.390323638916016,6.279824256896973,42.080833435058594,6.6954121589660645,40.051612854003906,6.390168190002441,42
36.41093444824219,6.220892429351807,40.62245178222656,7.363475799560547,39.75179672241211,6.1358866691589355,37
25.374080657958984,7.4465742111206055,24.029048919677734,7.924152851104736,24.991823196411133,8.369256973266602,30
37.8654670715332,8.445137977600098,38.1434440612793,8.32063102722168,44.580169677734375,8.798040390014648,37
47.579978942871094,7.398552894592285,49.00543212890625,6.1192946434021,58.72752380371094,8.314681053161621,45
49.46007537841797,6.891730785369873,49.550987243652344,7.524055004119873,56.4312744140625,8.005483627319336,43
41.67423629760742,7.691697120666504,46.4624137878418,9.51672649383545,45.68927001953125,7.997639179229736,35
28.945402145385742,7.617839336395264,22.75897216796875,7.392066478729248,31.15654182434082,7.623148441314697,2
15.446572303771973,6.554513931274414,12.030858993530273,5.742836952209473,12.481769561767578,6.091569423675537,17
14.383684158325195,5.897305488586426,20.35344886779785,7.234086036682129,16.89763069152832,6.743443012237549,1
14.800585746765137,8.864533424377441,33.124996185302734,10.165264129638672,2.5259323120117188,10.517399787902832,25
59.47731399536133,7.226128101348877,47.60782241821289,6.289792537689209,60.58002471923828,8.190193176269531,37
57.9329948425293,5.096963405609131,55.306640625,5.92494010925293,64.94306945800781,6.39868688583374,67
58.38139724731445,5.969176292419434,52.82276916503906,6.297062873840332,60.24558639526367,6.271430969238281,60
63.657535552978516,7.526823997497559,59.942710876464844,9.292451858520508,53.123931884765625,7.802927017211914,46
74.0469741821289,7.241474151611328,77.29368591308594,6.987204074859619,82.85740661621094,7.603958606719971,73
89.49393463134766,6.453879356384277,91.31375122070312,5.790482997894287,94.04216003417969,5.707680702209473,98
92.52601623535156,5.913668155670166,92.60237121582031,7.2073211669921875,89.3780288696289,6.534509658813477,97
76.8115463256836,8.279224395751953,81.09567260742188,9.524866104125977,77.01654052734375,9.526823043823242,90
0.309906005859375,6.968894958496094,1.0033607482910156,8.265503883361816,3.713764190673828,9.489579200744629,4
2.1708717346191406,7.326350688934326,1.4032001495361328,6.560905456542969,2.7413597106933594,7.17410945892334,0
0.32123565673828125,7.958643436431885,-1.8491764068603516,6.251587390899658,-0.8035507202148438,6.601589202880859,2
-2.4696617126464844,7.731566905975342,-1.741689682006836,9.43208122253418,-2.7116641998291016,7.963168144226074,1
13.652361869812012,6.95117712020874,13.614370346069336,6.2032694816589355,13.706048965454102,7.396512508392334,13
18.37701416015625,6.279183864593506,16.868865966796875,6.022597312927246,17.60541534423828,5.8477396965026855,19
19.9779052734375,6.538768768310547,19.171829223632812,5.8816070556640625,20.172195434570312,6.1636786460876465,13
5.169399261474609,7.73225736618042,0.7000312805175781,8.134305000305176,3.4697952270507812,7.6989030838012695,2
29.57876968383789,7.4853997230529785,27.924814224243164,6.810852527618408,26.58074188232422,7.728579044342041,19
34.84452438354492,5.242120742797852,34.470375061035156,6.265931606292725,38.56049728393555,6.285684108734131,41
43.456504821777344,7.259986877441406,40.19887924194336,7.3467020988464355,39.4749870300293,6.664534091949463,44
33.94350051879883,7.700135707855225,33.83985900878906,8.2543306350708,34.11722183227539,7.938957214355469,23
2.0337486267089844,7.561733722686768,0.2018451690673828,7.564591407775879,1.533905029296875,8.190366744995117,0
1.4375171661376953,6.3770222663879395,0.8749790191650391,5.659139156341553,2.174335479736328,6.2086992263793945,1
2.6256961822509766,7.102149963378906,2.825969696044922,6.431631088256836,3.8938865661621094,6.877586364746094,0
2.973417282104492,10.984067916870117,-2.5968284606933594,9.636306762695312,-2.685270309448242,9.720141410827637,1
6.396734237670898,6.9570817947387695,5.524709701538086,6.6007232666015625,8.082277297973633,9.536670684814453,8
14.13178539276123,5.4278974533081055,14.02527141571045,6.288531303405762,13.422550201416016,7.925773620605469,13
16.58181381225586,6.724730491638184,15.737090110778809,6.117019176483154,16.023571014404297,7.476362228393555,18
12.658733367919922,8.935861587524414,10.971626281738281,7.250247955322266,9.137086868286133,9.036149024963379,2
14.902838706970215,6.439510345458984,14.876526832580566,7.51218843460083,15.444252014160156,9.755697250366211,13
28.269514083862305,6.544339656829834,28.67733383178711,6.736011028289795,28.156949996948242,7.593785285949707,28
30.649301528930664,7.312023639678955,34.22993469238281,7.073143482208252,36.658477783203125,6.0135345458984375,40
22.437192916870117,9.090585708618164,24.850353240966797,8.76491641998291,31.553068161010742,9.662559509277344,37
2.857259750366211,7.528384685516357,2.7899436950683594,6.945544242858887,2.8895702362060547,8.814895629882812,3
2.7785263061523438,5.31538200378418,2.7171554565429688,6.503440856933594,1.5984249114990234,6.431972980499268,4
0.8766040802001953,7.435116291046143,1.3533477783203125,7.534757137298584,2.2089672088623047,6.6363372802734375,1
-2.918365478515625,9.997315406799316,-0.8403968811035156,9.541471481323242,-3.1486587524414062,8.554861068725586,1
14.333952903747559,6.261983871459961,14.376653671264648,6.239380836486816,11.45686149597168,7.136679649353027,15
18.592470169067383,6.2803826332092285,16.92878532409668,5.482439041137695,21.928783416748047,6.117416858673096,16
14.44774341583252,5.6692705154418945,13.99940299987793,6.156618118286133,17.687267303466797,6.426348686218262,10
-1.4886646270751953,8.357077598571777,0.5874786376953125,7.334944248199463,0.6712207794189453,7.650481700897217,2
36.531768798828125,7.524268627166748,38.67338180541992,7.5241923332214355,26.62879753112793,9.31733512878418,25
36.45442199707031,6.515417098999023,36.51753234863281,5.7288923263549805,29.87564468383789,9.30045223236084,48
41.624298095703125,6.626584529876709,46.44037628173828,6.649890422821045,29.123523712158203,9.001203536987305,40
31.57464599609375,9.910211563110352,39.16178894042969,8.526875495910645,30.246368408203125,8.792791366577148,20
8.33439826965332,7.6461944580078125,3.3923301696777344,6.813348770141602,3.810382843017578,6.976254463195801,1
9.801435470581055,6.397660255432129,6.100711822509766,6.525828838348389,6.466938018798828,6.279522895812988,1
1.5959701538085938,6.986388206481934,1.851694107055664,6.646424770355225,1.9544601440429688,6.503115177154541,10
3.1672897338867188,10.307649612426758,11.996773719787598,9.933026313781738,16.24700164794922,12.187499046325684,1
8.97382926940918,6.821697235107422,8.068483352661133,7.259767532348633,8.420515060424805,7.366703987121582,15
16.255542755126953,6.575093746185303,16.497539520263672,6.228996276855469,14.54078483581543,6.63814640045166,16
15.855574607849121,7.142271518707275,15.349564552307129,6.812432765960693,17.539234161376953,6.157467842102051,16
13.154101371765137,6.938612937927246,20.108230590820312,8.721184730529785,20.321395874023438,10.276815414428711,3
23.089672088623047,6.95473575592041,30.404279708862305,8.163729667663574,20.848356246948242,7.046072483062744,19
32.80084228515625,6.130886077880859,33.43080520629883,5.694761276245117,30.524364471435547,6.363931655883789,36
38.27117156982422,6.947379112243652,39.009498596191406,6.6827263832092285,42.58934783935547,6.830136775970459,41
25.202653884887695,8.54439640045166,22.048171997070312,10.143656730651855,27.241628646850586,8.776724815368652,44
0.6772193908691406,6.450231552124023,1.0123291015625,7.167649745941162,1.3386859893798828,8.63786506652832,0
0.020336151123046875,6.372418403625488,-0.05428504943847656,5.673862457275391,0.8285999298095703,8.121273040771484,0
0.013763427734375,5.778723239898682,0.0118255615234375,6.464757442474365,0.7405509948730469,8.248778343200684,0
0.9037799835205078,8.492835998535156,1.356842041015625,9.167556762695312,1.1837749481201172,8.685722351074219,0
-0.3642463684082031,6.6682868003845215,-0.2355823516845703,7.091997146606445,-0.2679557800292969,6.598106384277344,0
-0.052707672119140625,6.117039203643799,-0.08345985412597656,5.420203685760498,-0.2157878875732422,5.816421031951904,0
-0.008596420288085938,6.53723669052124,-0.106903076171875,6.012173175811768,-0.12430000305175781,6.425776958465576,0
-0.3066444396972656,6.557082176208496,-0.6826000213623047,8.037717819213867,-0.4718341827392578,8.070548057556152,0
1.294363021850586,7.480165004730225,1.262115478515625,7.247546672821045,2.509326934814453,8.256305694580078,0
0.10369491577148438,5.246286869049072,0.06180572509765625,5.64270544052124,-0.17072296142578125,6.343997001647949,1
0.6492767333984375,6.868088245391846,0.4746532440185547,7.1374125480651855,0.5512676239013672,6.617202281951904,0
0.9248905181884766,8.55472183227539,0.8961429595947266,8.077731132507324,0.5559005737304688,7.879904747009277,0
0.9739723205566406,8.416592597961426,1.0191268920898438,7.11734676361084,0.9185543060302734,6.7863640785217285,0
0.35803794860839844,7.2089667320251465,-0.05326271057128906,6.460731029510498,-0.07726478576660156,6.045687675476074,0
-0.10188865661621094,6.734405994415283,0.00977325439453125,6.137818336486816,-0.12296295166015625,6.608942985534668,0
1.0607261657714844,9.414933204650879,1.4145870208740234,9.161564826965332,0.7346324920654297,7.935943126678467,0
-0.05811309814453125,5.822385787963867,-0.22464370727539062,7.4088053703308105,-0.161163330078125,8.292518615722656,0
-0.191314697265625,6.1064453125,-0.3631858825683594,5.611694812774658,-0.29235076904296875,6.428454399108887,0
-0.02664947509765625,6.713840007781982,-0.1549968719482422,6.182277202606201,-0.11122703552246094,6.4614667892456055,0
0.13947677612304688,8.248912811279297,-0.540740966796875,6.976080894470215,-0.3613109588623047,7.355461120605469,0
0.7251968383789062,7.465436935424805,0.5689296722412109,6.872714042663574,1.1580524444580078,8.081515312194824,0
0.19765853881835938,6.648364543914795,-0.009664535522460938,6.100854873657227,-0.07671546936035156,6.260730743408203,0
0.2287425994873047,8.018921852111816,0.041454315185546875,7.133873462677002,0.19996070861816406,7.316320419311523,0
0.8005847930908203,7.596895217895508,0.8724803924560547,7.914375305175781,1.0333194732666016,9.113532066345215,0
0.7960052490234375,7.571854114532471,0.9550056457519531,7.996697902679443,0.7611427307128906,7.19714879989624,0
-0.08156204223632812,6.385571002960205,0.25715065002441406,6.586603164672852,-0.1031646728515625,6.003274440765381,0
-0.05920219421386719,7.042935371398926,0.34712791442871094,7.049084186553955,0.07802772521972656,6.617544651031494,0
1.4116058349609375,8.886029243469238,1.830606460571289,9.439093589782715,1.603475570678711,9.097947120666504,0
0.10436248779296875,6.77610969543457,-0.4833850860595703,7.930588245391846,0.20548248291015625,7.057164192199707,0
-0.33603858947753906,5.289931774139404,-0.5661716461181641,7.194034099578857,-0.061435699462890625,6.044355869293213,0
0.20163345336914062,6.65566873550415,-0.29152679443359375,7.535518646240234,0.33182334899902344,6.086323261260986,0
-0.036716461181640625,8.30611801147461,-0.5007419586181641,7.562297344207764,-0.37290191650390625,6.965237617492676,0
0.6502609252929688,7.476436614990234,0.5579929351806641,6.82144021987915,0.9237384796142578,7.738117218017578,0
0.15375137329101562,5.402400493621826,0.2916698455810547,5.691390514373779,0.3903617858886719,5.592452526092529,0
0.6960296630859375,6.833273410797119,0.25634002685546875,6.944166660308838,0.3516502380371094,6.451278209686279,1
1.132394790649414,10.124258995056152,1.6758651733398438,8.580121994018555,3.0262622833251953,10.088468551635742,0
1.001150131225586,8.913080215454102,1.2986946105957031,7.4922261238098145,1.4100570678710938,7.553201675415039,0
0.3836936950683594,8.550240516662598,-0.07077217102050781,6.268533706665039,-0.14723777770996094,6.649828910827637,0
0.2512168884277344,8.68645191192627,0.14137840270996094,7.3530731201171875,-0.08442497253417969,7.166880130767822,0
1.38751220703125,8.902134895324707,2.7052383422851562,10.229252815246582,1.7156105041503906,10.185696601867676,0
-0.1694355010986328,5.903582572937012,-0.12634658813476562,6.932968616485596,0.3073921203613281,7.537342548370361,0
-0.3881950378417969,6.200701713562012,-0.27923011779785156,5.429820537567139,-0.22821426391601562,5.790295600891113,0
-0.22040557861328125,6.906579971313477,-0.25832557678222656,5.804090976715088,-0.021038055419921875,6.486644744873047,0
-0.6246109008789062,8.131391525268555,0.19408416748046875,7.971289157867432,0.37723731994628906,8.729456901550293,0
0.7459812164306641,7.550562381744385,0.8212394714355469,7.2433061599731445,1.0076408386230469,7.783548831939697,0
-0.17096900939941406,5.704423427581787,-0.1521148681640625,6.561033725738525,-0.17425155639648438,6.057286262512207,0
0.03705596923828125,7.1205925941467285,0.21970176696777344,7.010907173156738,0.23919677734375,6.6280012130737305,0
0.4585857391357422,7.659254550933838,1.5050029754638672,9.947203636169434,0.7458477020263672,7.909790992736816,0
1.0856761932373047,7.349017143249512,0.3006114959716797,6.867575168609619,0.3367938995361328,6.593421936035156,0
0.2724876403808594,6.574446678161621,0.34427833557128906,5.8527140617370605,0.24025917053222656,6.01200008392334,0
0.24787521362304688,6.892575740814209,0.4716625213623047,6.162456512451172,0.36181068420410156,6.574191093444824,1
0.953033447265625,8.538254737854004,1.1194686889648438,8.211185455322266,2.191305160522461,10.010160446166992,0
0.15331268310546875,7.243603229522705,-0.9630603790283203,6.6095967292785645,-0.5526752471923828,6.572596549987793,0
0.24607086181640625,6.258645534515381,0.7982463836669922,5.961009979248047,0.4976177215576172,5.924976825714111,0
0.80792236328125,6.557501316070557,1.0996036529541016,6.1341633796691895,0.37592506408691406,6.370439052581787,2
0.8071079254150391,7.437145709991455,0.8665428161621094,6.864694595336914,0.9679183959960938,6.561014175415039,0
2.0216503143310547,7.91252326965332,1.9081497192382812,7.598738670349121,2.0420894622802734,7.264630317687988,0
0.9226570129394531,6.112211227416992,1.3619651794433594,5.612785816192627,1.3544368743896484,6.145984649658203,3
4.398221969604492,6.9604597091674805,4.181325912475586,7.541634559631348,4.544065475463867,6.5810465812683105,2
2.1785926818847656,7.587482929229736,3.8566455841064453,8.840056419372559,2.466836929321289,8.396563529968262,3
0.8575458526611328,6.721278190612793,0.7674293518066406,8.693889617919922,0.7601547241210938,7.245729923248291,0
-0.027812957763671875,6.440615177154541,0.2196807861328125,7.466480731964111,-0.162384033203125,6.189218521118164,0
0.3576011657714844,6.165709495544434,0.3163928985595703,6.642455577850342,0.17867279052734375,6.979835033416748,0
0.5043506622314453,8.560081481933594,0.29610443115234375,7.975464820861816,0.5464687347412109,8.46061897277832,0
-0.23337936401367188,6.847168922424316,-0.3438396453857422,6.186822891235352,-0.2934761047363281,6.952045917510986,0
0.17886924743652344,5.149543762207031,0.16626739501953125,6.498918533325195,0.017572402954101562,6.4451117515563965,0
0.486297607421875,6.449582576751709,0.6726360321044922,5.97242546081543,0.43828773498535156,6.614114761352539,1
0.6040077209472656,8.281785011291504,0.4453887939453125,8.132678985595703,0.37601470947265625,7.003810882568359,0
1.6465530395507812,7.011525630950928,1.3616619110107422,6.886262893676758,1.4335861206054688,6.6236348152160645,0
1.2269611358642578,5.374358654022217,1.1979122161865234,6.568727970123291,1.1181640625,6.023187637329102,2
2.7242393493652344,7.016529560089111,2.406831741333008,7.472893238067627,2.7711238861083984,6.602640151977539,3
3.1097888946533203,9.463165283203125,2.8056087493896484,9.861084938049316,3.089376449584961,8.291435241699219,3
1.5882854461669922,8.07217788696289,2.5392513275146484,7.835513591766357,1.4264354705810547,7.785004138946533,0
-0.3203868865966797,6.521778106689453,-0.2182159423828125,6.275830268859863,-0.6025505065917969,5.398299217224121,1
0.42429542541503906,6.923478126525879,1.0326175689697266,7.42677116394043,0.6579933166503906,6.552982807159424,0
0.5958595275878906,7.6990814208984375,1.354837417602539,9.694948196411133,0.9789752960205078,9.692771911621094,0
0.8963909149169922,7.219457626342773,1.2036018371582031,6.827047348022461,1.0762920379638672,7.287901401519775,1
1.6044692993164062,5.018734455108643,1.7457256317138672,6.112678527832031,1.4582748413085938,6.383301258087158,1
1.3487091064453125,7.205552577972412,1.5957450866699219,6.187655925750732,1.9893169403076172,6.313688278198242,2
-0.5302486419677734,7.76632833480835,0.14700698852539062,7.590671539306641,2.278867721557617,10.014931678771973,0
3.075136184692383,8.153295516967773,2.5709266662597656,6.892982482910156,3.778827667236328,8.60445785522461,2
3.4316158294677734,6.810912609100342,3.484170913696289,5.935959339141846,4.364192962646484,7.8888444900512695,3
4.588296890258789,7.225411415100098,4.606657028198242,6.251952648162842,5.613788604736328,7.855637073516846,4
4.723594665527344,10.03569507598877,3.884265899658203,8.305845260620117,7.956264495849609,13.748509407043457,2
1.2263717651367188,7.592141151428223,3.7976818084716797,9.841216087341309,0.8554134368896484,7.702636241912842,0
0.5805473327636719,6.372837066650391,2.024688720703125,8.2620210647583,0.5001239776611328,6.070867538452148,0
0.818206787109375,7.368120193481445,1.39599609375,7.919516563415527,0.6177940368652344,7.063805103302002,1
1.8091278076171875,9.118220329284668,2.1214752197265625,9.16014575958252,0.976837158203125,8.936707496643066,1
0.9972076416015625,6.193749904632568,0.8230648040771484,7.246542930603027,1.2246170043945312,7.011787414550781,2
1.5999412536621094,5.4319305419921875,1.8166160583496094,5.569737911224365,1.3309307098388672,6.111603260040283,2
2.5247421264648438,6.650045394897461,2.413665771484375,6.08688497543335,2.6920528411865234,5.485248565673828,2
1.0990142822265625,7.627865791320801,0.5417747497558594,7.286628246307373,0.9495716094970703,7.268064022064209,1
3.645742416381836,8.113138198852539,2.6910877227783203,6.861850738525391,3.1099166870117188,7.242995262145996,2
3.219402313232422,6.536914348602295,3.217039108276367,5.682982444763184,2.3810062408447266,7.235525608062744,3
3.4297657012939453,6.905335426330566,3.419666290283203,6.707855701446533,3.9441699981689453,9.149674415588379,5
3.076091766357422,8.621508598327637,2.325824737548828,8.778517723083496,6.54109001159668,12.752452850341797,3
0.6204967498779297,7.761964797973633,1.6863365173339844,8.130088806152344,1.2183456420898438,7.974792957305908,0
-0.7092380523681641,6.767696380615234,-0.6599483489990234,5.633004665374756,-0.131072998046875,5.366934776306152,0
-0.45806884765625,8.078221321105957,-0.08037185668945312,7.382370471954346,-0.7086086273193359,6.732782363891602,0
1.724081039428711,9.019386291503906,1.3544273376464844,9.179579734802246,0.3968029022216797,9.13821792602539,0
4.197446823120117,6.225358486175537,1.8071632385253906,6.811636924743652,2.7147674560546875,6.737008094787598,2
1.6816673278808594,6.530059814453125,1.8689022064208984,5.939474105834961,1.9030380249023438,5.762616157531738,3
1.2387809753417969,6.893446922302246,0.9244842529296875,6.285046577453613,1.616292953491211,6.4409050941467285,2
-1.1584587097167969,7.444576740264893,-1.2700519561767578,7.189795017242432,-1.7702083587646484,7.681697845458984,1
7.154993057250977,7.196449279785156,7.519313812255859,7.606242656707764,6.363592147827148,8.156661987304688,2
6.888175964355469,7.037684440612793,6.195261001586914,6.170148849487305,5.910881042480469,5.365482330322266,4
7.382724761962891,7.574909210205078,7.336273193359375,6.739962577819824,5.900846481323242,6.930285930633545,6
7.254913330078125,10.890670776367188,10.360931396484375,8.78775405883789,9.458969116210938,8.694750785827637,4
1.8548469543457031,8.674948692321777,1.4340400695800781,8.797779083251953,1.0565414428710938,7.327431678771973,0
0.8656520843505859,7.191683769226074,0.6360683441162109,6.641454219818115,0.21831321716308594,6.096324443817139,0
0.2562370300292969,5.767826080322266,0.4161415100097656,6.944729804992676,-0.09496879577636719,7.063619136810303,0
1.273885726928711,9.795902252197266,0.6294078826904297,8.469778060913086,1.1364669799804688,9.790114402770996,0
4.362215042114258,6.8513970375061035,3.8148040771484375,7.167211532592773,4.3434600830078125,6.709687232971191,4
4.54962158203125,6.136166095733643,4.082832336425781,6.473504066467285,4.450525283813477,6.523135185241699,5
4.545398712158203,6.528014659881592,4.9087982177734375,6.116336822509766,4.44487190246582,6.520975112915039,4
2.667205810546875,7.445826053619385,1.6305694580078125,8.503299713134766,2.9271793365478516,7.306411266326904,1
7.844667434692383,6.681046962738037,6.834815979003906,6.929595470428467,7.896757125854492,7.400041580200195,9
9.84349250793457,5.872971534729004,9.338363647460938,7.11196756362915,9.620889663696289,6.076427936553955,10
10.08445930480957,6.949737548828125,9.965099334716797,7.4763665199279785,10.21783447265625,7.015200614929199,12
9.632305145263672,10.995841026306152,8.17823600769043,9.032855987548828,7.0998382568359375,7.982038974761963,10
1.7313575744628906,7.466645240783691,2.6323165893554688,8.026729583740234,1.5747718811035156,7.338994979858398,2
1.3903541564941406,5.22956657409668,1.7611732482910156,6.952657222747803,1.6809406280517578,6.9844560623168945,3
1.6040153503417969,6.899120807647705,1.0661144256591797,6.23147439956665,1.0683326721191406,8.165327072143555,1
0.09873199462890625,8.523093223571777,2.4350204467773438,8.999053001403809,1.4600105285644531,9.640583038330078,1
9.345701217651367,6.315438270568848,13.80272388458252,6.812479496002197,8.935014724731445,6.834640026092529,9
13.163164138793945,6.106288909912109,11.656953811645508,6.524320125579834,13.458995819091797,5.844804286956787,13
12.000850677490234,6.466434478759766,13.509881019592285,6.645740509033203,13.293357849121094,5.842983245849609,11
2.2408523559570312,7.6232523918151855,2.749605178833008,8.232096672058105,2.332944869995117,7.2742109298706055,2
25.136245727539062,7.607997417449951,26.929838180541992,7.580089569091797,26.31715202331543,8.777639389038086,10
21.35280418395996,6.697038650512695,24.16164207458496,6.634579658508301,31.38223648071289,6.914632797241211,29
23.850709915161133,7.453858852386475,28.01087188720703,6.223949909210205,26.404733657836914,6.606421947479248,32
19.71628189086914,8.56784725189209,20.081398010253906,8.17335319519043,19.5826416015625,7.9945807456970215,13
3.46075439453125,9.28565788269043,1.8961830139160156,6.881799221038818,2.210813522338867,7.490703582763672,0
2.1089515686035156,7.304708957672119,-0.12650108337402344,6.913686752319336,1.2987480163574219,6.841871738433838,0
0.9343452453613281,6.355353355407715,0.5247955322265625,6.167263031005859,1.5559978485107422,7.447310447692871,0
3.929851531982422,10.122060775756836,1.8575687408447266,8.352334976196289,2.1318397521972656,8.888321876525879,2
5.82575798034668,6.8322062492370605,7.100852966308594,6.816980361938477,5.718151092529297,6.792303562164307,8
8.450275421142578,5.442452430725098,7.8946533203125,6.453152656555176,7.995508193969727,6.0164313316345215,9
8.888456344604492,6.662874698638916,8.998977661132812,6.307775974273682,9.496213912963867,5.824772357940674,7
2.3777503967285156,7.857127666473389,2.0482521057128906,7.200746536254883,2.6391849517822266,6.867474555969238,2
11.416058540344238,7.544900894165039,14.972122192382812,7.595983982086182,9.41514778137207,8.338459014892578,14
17.75735092163086,6.262387752532959,19.38968849182129,5.680819988250732,17.224794387817383,7.174897193908691,19
18.287687301635742,7.468655109405518,18.186370849609375,6.178758144378662,17.937896728515625,7.130861759185791,23
8.89293098449707,8.52955436706543,12.446799278259277,9.92563533782959,9.351726531982422,9.140897750854492,10
59.82473373413086,6.893125057220459,55.328575134277344,7.328988552093506,66.5203857421875,7.532100677490234,77
54.404327392578125,7.185643672943115,47.88459777832031,6.737040996551514,50.439178466796875,6.007850646972656,25
27.51819610595703,7.950624465942383,4.098194122314453,7.339883327484131,14.424245834350586,6.828732013702393,13
-2.471332550048828,9.133559226989746,0.019870758056640625,8.077293395996094,15.853214263916016,9.116079330444336,5
111.24976348876953,7.245748996734619,114.39796447753906,7.06591796875,105.9786376953125,6.599313735961914,98
88.41783905029297,5.687572479248047,92.00318908691406,6.305801868438721,95.79002380371094,5.418501853942871,100
63.43883514404297,5.7413530349731445,58.09992218017578,6.466160297393799,63.50689697265625,6.059053421020508,89
29.656543731689453,7.062605381011963,38.56651306152344,8.507790565490723,34.7608642578125,7.825807571411133,14
95.60601806640625,6.986607551574707,103.50509643554688,7.571013450622559,90.8045654296875,6.778470039367676,100
108.17845153808594,6.406436920166016,109.90254211425781,6.133995056152344,106.35337829589844,6.083733081817627,100
92.13078308105469,6.606008529663086,100.5374755859375,6.421179294586182,93.24449920654297,7.057252407073975,100
33.717403411865234,8.405237197875977,52.802772521972656,9.713067054748535,36.530006408691406,9.9776611328125,40
30.748010635375977,7.450788974761963,25.148414611816406,8.4887113571167,23.892314910888672,7.348615646362305,70
33.18866729736328,5.804382801055908,35.70726013183594,6.344607830047607,40.122867584228516,6.0706892013549805,11
9.649896621704102,7.773317813873291,3.696237564086914,6.24798583984375,-2.6058292388916016,7.009071350097656,7
-6.920101165771484,10.368724822998047,-4.132255554199219,10.021852493286133,-5.455812454223633,8.482976913452148,7
97.92277526855469,7.500635623931885,84.05485534667969,7.286620140075684,100.30189514160156,7.088531017303467,96
81.78787994384766,6.895893573760986,79.48804473876953,5.516455173492432,90.98564147949219,5.438217639923096,84
66.70751190185547,6.717322826385498,71.64895629882812,5.866532325744629,69.36014556884766,6.533074855804443,58
10.300359725952148,9.586992263793945,15.33680534362793,7.606634140014648,19.79783821105957,7.8025431632995605,13
98.29452514648438,7.581405162811279,91.54290771484375,8.662952423095703,100.85828399658203,8.374748229980469,100
101.05461120605469,6.58245849609375,98.74179077148438,6.705913543701172,103.24966430664062,6.964901924133301,100
87.48271179199219,6.939204692840576,87.12056732177734,6.369363307952881,84.81558990478516,6.216519832611084,92
30.326566696166992,9.873679161071777,31.405067443847656,8.327284812927246,31.031963348388672,7.976308345794678,33
81.54069519042969,7.76695442199707,85.604248046875,7.042830467224121,81.99494171142578,7.285406112670898,80
84.72085571289062,6.5911478996276855,88.01139068603516,7.325193881988525,84.73766326904297,6.03852653503418,93
88.70953369140625,7.234993934631348,86.23511505126953,8.483963966369629,90.67601776123047,7.134058952331543,80
83.37921905517578,8.720780372619629,81.66499328613281,8.163128852844238,80.36969757080078,8.694150924682617,73
88.77189636230469,6.260088920593262,86.99708557128906,6.941749095916748,86.87118530273438,7.133072376251221,80
93.16133117675781,5.833707332611084,90.80551147460938,5.459300518035889,93.49034118652344,5.138982772827148,96
94.113525390625,5.644196033477783,94.11679077148438,6.0812530517578125,97.13417053222656,6.749294281005859,96
94.47027587890625,8.059639930725098,92.83119201660156,7.843850612640381,91.10710144042969,8.729622840881348,98
80.13653564453125,7.481235980987549,80.182373046875,8.3562650680542,79.33035278320312,6.99702262878418,80
86.72077178955078,5.879902362823486,89.17955017089844,6.745277404785156,86.94259643554688,6.208181381225586,88
89.78911590576172,6.067425727844238,89.06172180175781,7.00730037689209,90.421142578125,6.537724494934082,92
91.19194030761719,8.482760429382324,87.80641174316406,9.038141250610352,86.69422912597656,9.612789154052734,99
40.21902847290039,8.04773235321045,38.222965240478516,7.8671650886535645,38.4273681640625,8.147787094116211,40
67.0422592163086,6.5285964012146,64.26467895507812,6.022254943847656,65.96493530273438,6.182644844055176,74
82.27264404296875,5.891293525695801,72.689453125,6.599637508392334,76.8958740234375,7.6466240882873535,82
63.78085708618164,8.8534574508667,78.52040100097656,9.503815650939941,60.869659423828125,8.458845138549805,58
61.87248992919922,6.945580005645752,61.97116470336914,6.353765487670898,62.24455261230469,6.910546779632568,59
87.4847183227539,5.505324840545654,84.63888549804688,5.622863292694092,87.6594009399414,5.773079872131348,87
97.71598815917969,7.007441997528076,100.3680419921875,6.167043209075928,99.35588073730469,6.575631618499756,97
86.49449157714844,8.323054313659668,90.1852798461914,8.596551895141602,92.41094970703125,6.7430338859558105,97
71.74959564208984,6.5729570388793945,70.87468719482422,7.162535190582275,70.1900634765625,7.254437446594238,65
85.41523742675781,7.209422588348389,84.81987762451172,6.457825660705566,83.44557189941406,6.203161239624023,85
94.96517944335938,8.041844367980957,95.88796997070312,6.564939975738525,95.07798767089844,7.135437488555908,96
99.93801879882812,9.91484546661377,94.27745056152344,11.51300048828125,97.4058837890625,8.442126274108887,97
38.28264236450195,6.9815497398376465,38.4615592956543,7.675869464874268,36.87227249145508,7.255661964416504,39
50.72715377807617,6.408045768737793,46.350128173828125,5.748103618621826,48.90092468261719,6.189382553100586,50
58.55695724487305,6.313734531402588,54.842445373535156,6.334006309509277,58.23971176147461,6.462067127227783,45
46.727149963378906,8.564352989196777,34.033016204833984,10.936713218688965,46.39105987548828,7.868062973022461,51
56.82152557373047,7.2094621658325195,60.056617736816406,7.23452615737915,51.509864807128906,6.455029010772705,56
70.98049926757812,5.743928909301758,72.76605987548828,5.484177112579346,67.58998107910156,6.830424785614014,78
80.68379211425781,6.273806095123291,79.84039306640625,6.703415393829346,75.87813568115234,7.295590400695801,75
79.27462768554688,8.144819259643555,70.62117767333984,7.948761940002441,70.25894927978516,8.273584365844727,74
51.40669631958008,7.496854782104492,54.75807571411133,7.627190113067627,50.100929260253906,7.98821496963501,52
70.14734649658203,5.819486141204834,69.19430541992188,6.087513446807861,68.1741943359375,7.284301280975342,73
75.26762390136719,7.483346939086914,80.64381408691406,6.230983257293701,78.68423461914062,8.132267951965332,77
69.60893249511719,10.437495231628418,65.10502624511719,8.086073875427246,65.41387176513672,9.375344276428223,82
23.282184600830078,7.590062141418457,13.878008842468262,8.194239616394043,13.473953247070312,7.967104911804199,16
37.21465301513672,6.431013584136963,35.7129020690918,6.799525260925293,36.02181625366211,6.752144813537598,50
52.52100372314453,5.999062538146973,51.38587951660156,6.346444129943848,47.72431945800781,6.715715408325195,64
62.591102600097656,8.346294403076172,60.16529083251953,10.13037109375,61.97190475463867,8.531022071838379,42
37.486549377441406,6.415066719055176,32.471736907958984,6.3183794021606445,34.58445739746094,6.662917613983154,32
72.27819061279297,5.593838691711426,74.98072052001953,6.689502716064453,71.87322998046875,6.0041117668151855,66
90.78729248046875,6.761547565460205,99.17582702636719,7.503541469573975,95.44005584716797,6.081852912902832,92
85.22100067138672,9.024133682250977,99.85382843017578,10.36804485321045,80.74655151367188,8.29839038848877,100
47.50526428222656,6.97791051864624,41.4326286315918,10.09689998626709,46.06549835205078,7.388309955596924,36
74.55448150634766,5.961662769317627,71.38306427001953,7.405601501464844,73.20690155029297,6.500357627868652,75
94.94880676269531,6.995304584503174,93.70703125,6.6201982498168945,94.31822204589844,6.528951168060303,97
94.15962219238281,9.858357429504395,99.65953826904297,10.194252014160156,103.21389770507812,10.61569881439209,98
23.5097599029541,8.054492950439453,21.73251724243164,6.886025905609131,23.15915870666504,10.03215217590332,26
28.608182907104492,6.370894432067871,28.60357666015625,6.441257953643799,26.8409366607666,7.2807793617248535,22
25.236408233642578,6.978426456451416,25.526355743408203,7.12003755569458,24.61659049987793,6.504764080047607,27
25.976961135864258,7.598217010498047,22.809425354003906,9.440118789672852,23.988937377929688,8.823441505432129,24
27.179662704467773,7.710726737976074,28.6137752532959,6.63779354095459,27.799545288085938,6.62475061416626,24
28.621065139770508,5.04502534866333,28.69742774963379,5.399249076843262,29.741060256958008,5.716860771179199,31
28.922040939331055,6.424075603485107,28.653804779052734,5.7514119148254395,29.83819007873535,6.534200191497803,30
24.290658950805664,7.993569850921631,25.497844696044922,9.35719108581543,26.522319793701172,7.321035861968994,28
25.844392776489258,7.141475200653076,24.869810104370117,6.872282981872559,21.337007522583008,8.335282325744629,27
29.032373428344727,6.371382713317871,29.395793914794922,5.615785598754883,26.602460861206055,7.087821960449219,31
30.620161056518555,7.273219108581543,29.44734001159668,7.498968601226807,30.38943099975586,6.025742053985596,29
26.147859573364258,9.917168617248535,27.627830505371094,11.510934829711914,29.582448959350586,8.383098602294922,31
19.21634292602539,6.4680562019348145,17.89725112915039,8.026963233947754,21.474781036376953,8.33923625946045,27
27.951955795288086,6.547806739807129,24.455398559570312,6.569151878356934,28.30119514465332,6.053037166595459,26
26.048742294311523,7.324436187744141,27.624950408935547,7.0456342697143555,26.191116333007812,7.003643989562988,30
25.43828010559082,10.516769409179688,25.31747055053711,8.79954719543457,29.484291076660156,13.16762638092041,30
31.410938262939453,6.88523530960083,33.91328811645508,7.88288688659668,32.40422058105469,6.624198913574219,33
40.71859359741211,6.764293193817139,38.50679016113281,7.416153907775879,38.68898391723633,5.833857536315918,39
41.597259521484375,7.210663318634033,40.468544006347656,7.281731128692627,39.637786865234375,5.8888349533081055,38
38.96593475341797,7.7787861824035645,37.56010437011719,9.870521545410156,36.58757019042969,10.329556465148926,36
39.462974548339844,7.213943958282471,39.166080474853516,6.788070201873779,38.23127365112305,6.6313042640686035,36
44.636077880859375,5.258831024169922,43.536827087402344,6.330158710479736,45.26877975463867,7.031484127044678,47
48.28730773925781,6.884266376495361,48.179100036621094,6.175176620483398,47.49642562866211,7.604737758636475,44
42.7996711730957,8.715225219726562,44.7506103515625,10.729097366333008,46.006988525390625,8.442365646362305,43
32.991424560546875,9.470340728759766,32.00217819213867,6.854889392852783,29.66056251525879,7.784936904907227,23
31.51116943359375,6.531686782836914,27.6125545501709,6.126688480377197,27.034700393676758,6.23513650894165,27
27.377880096435547,6.857014179229736,25.571002960205078,6.693541526794434,27.867658615112305,7.748863697052002,24
24.73887825012207,9.195788383483887,26.25169563293457,9.831642150878906,28.501182556152344,10.550657272338867,24
27.996599197387695,6.4526262283325195,24.57535171508789,7.127079010009766,25.120420455932617,5.930860996246338,29
26.819942474365234,6.2471089363098145,24.238021850585938,6.931613922119141,25.805212020874023,6.010756492614746,24
19.13595199584961,6.7001776695251465,19.883424758911133,6.70000696182251,21.093549728393555,7.17588996887207,21
20.688217163085938,8.373787879943848,21.270544052124023,8.783873558044434,21.779516220092773,8.890336036682129,20
30.881818771362305,7.467928409576416,30.80996322631836,6.8102006912231445,32.16576385498047,7.2945475578308105,30
27.51824188232422,5.250766754150391,27.48986053466797,7.295323371887207,27.78813934326172,5.6518731117248535,32
24.525394439697266,6.383320331573486,22.581405639648438,8.114740371704102,25.14468765258789,6.889575958251953,22
20.77422332763672,8.622282028198242,21.479915618896484,8.02430248260498,21.52716636657715,7.957629203796387,23
32.469093322753906,7.759862899780273,22.99264144897461,7.320495128631592,22.235084533691406,6.668211460113525,35
35.53419876098633,5.396746635437012,33.09611511230469,6.492879867553711,32.4140739440918,5.997160911560059,35
29.829326629638672,7.350542068481445,31.6917781829834,6.325848579406738,32.79544448852539,6.679744720458984,37
32.09459686279297,9.715545654296875,34.58846664428711,7.975778579711914,34.54100799560547,7.963924407958984,35
42.1939697265625,6.8555779457092285,45.76997375488281,7.408152103424072,39.879730224609375,6.932380199432373,43
46.84836196899414,6.534807205200195,42.989654541015625,5.4213786125183105,42.61127471923828,5.894516944885254,40
41.73660659790039,6.84751033782959,37.55957794189453,6.086637496948242,40.83649826049805,5.840242862701416,33
34.51094055175781,6.6366071701049805,38.01371765136719,8.828882217407227,34.72934341430664,8.47622013092041,37
61.26787567138672,6.490641117095947,61.92872619628906,8.146781921386719,58.829288482666016,7.894943714141846,49
49.56708526611328,5.7142438888549805,47.761051177978516,5.734829902648926,49.464599609375,6.017273902893066,60
47.592735290527344,6.90298318862915,49.21211624145508,7.674070358276367,49.18391418457031,6.331879615783691,41
37.11231231689453,8.160001754760742,42.02009963989258,10.47399616241455,35.930091857910156,11.113456726074219,35
10.69488525390625,7.466144561767578,11.589576721191406,8.281134605407715,8.984174728393555,8.636425018310547,12
10.518390655517578,6.457707405090332,10.74551010131836,5.849147319793701,9.123868942260742,6.661038398742676,11
10.73521900177002,6.284049987792969,10.590438842773438,7.356444358825684,10.884147644042969,6.820250034332275,9
5.09532356262207,7.712115287780762,4.424211502075195,7.8899149894714355,5.238727569580078,7.953433990478516,9
12.970826148986816,6.998900413513184,12.533801078796387,7.665252208709717,11.944735527038574,6.678562641143799,14
14.306107521057129,6.13758659362793,12.954639434814453,7.136097431182861,14.27426528930664,5.87573766708374,13
12.892260551452637,5.6588454246521,12.351619720458984,6.782967567443848,12.965632438659668,5.5358686447143555,14
10.194488525390625,7.618793964385986,9.783153533935547,7.2410359382629395,10.012779235839844,7.288187503814697,10
14.41003704071045,6.460141658782959,14.454686164855957,7.739428520202637,15.508078575134277,8.325358390808105,14
15.991082191467285,6.563492298126221,14.073354721069336,6.683042049407959,16.088932037353516,6.9118452072143555,14
14.3711576461792,6.930447101593018,13.865928649902344,7.031869411468506,13.797944068908691,6.6572113037109375,15
12.387149810791016,7.630606174468994,12.220401763916016,8.704270362854004,11.794578552246094,8.611221313476562,11
12.65627384185791,6.447412967681885,12.852923393249512,6.808170795440674,12.382608413696289,7.268093585968018,13
12.269940376281738,6.597037315368652,13.097765922546387,5.751562595367432,13.096739768981934,5.944952011108398,13
9.998991012573242,5.806297302246094,9.303813934326172,6.622810363769531,10.928644180297852,6.898634910583496,11
8.565629959106445,8.660113334655762,8.650115966796875,8.266768455505371,8.48074722290039,8.404996871948242,0
16.17302703857422,8.454362869262695,19.92667007446289,6.928905487060547,20.206092834472656,6.526320457458496,18
17.940229415893555,7.256606578826904,19.823596954345703,6.173821449279785,20.952651977539062,5.85442590713501,22
20.251129150390625,6.115542411804199,17.47519302368164,6.911138534545898,18.861923217773438,6.6202192306518555,20
10.8436861038208,7.6359477043151855,9.099937438964844,7.958084583282471,8.133056640625,8.216163635253906,12
17.409088134765625,9.554875373840332,25.898548126220703,7.926275253295898,25.23238754272461,7.214721202850342,24
19.721416473388672,7.889363765716553,23.15848159790039,5.698937892913818,22.64369773864746,6.110034465789795,30
26.309663772583008,6.621135234832764,25.642147064208984,6.79784631729126,25.55999183654785,7.684714317321777,22
14.535337448120117,8.578386306762695,15.82117748260498,11.696988105773926,13.451149940490723,9.512906074523926,18
45.3530387878418,7.555022239685059,48.05774688720703,7.717689037322998,44.24497985839844,7.319278240203857,40
40.856536865234375,5.747343063354492,40.97533416748047,6.366976261138916,41.21286392211914,6.327533721923828,36
29.126644134521484,7.052743911743164,29.094242095947266,6.578634738922119,27.66931915283203,7.0147528648376465,17
-1.9642276763916016,7.635307312011719,-4.411811828613281,8.112916946411133,1.7241382598876953,8.358891487121582,8
75.1197509765625,7.383121013641357,80.39381408691406,6.612881660461426,75.41743469238281,6.6265411376953125,68
81.79138946533203,5.045712471008301,74.85010528564453,7.000369071960449,81.53018951416016,5.94484806060791,96
73.38065338134766,6.474843502044678,64.19719696044922,7.1034135818481445,72.20285034179688,6.194365501403809,73
25.530698776245117,7.426830291748047,24.481788635253906,8.003007888793945,21.17764663696289,8.678974151611328,15
78.64743041992188,8.582345962524414,71.71880340576172,8.816424369812012,86.96607971191406,9.359479904174805,81
103.97373962402344,5.807483673095703,92.6014633178711,7.798091411590576,104.33755493164062,7.168888568878174,99
93.59996032714844,7.008983612060547,91.76708984375,7.0967020988464355,94.18095397949219,7.158562183380127,98
38.085548400878906,8.535759925842285,44.476036071777344,9.873004913330078,40.265907287597656,10.281930923461914,45
41.9449348449707,8.652594566345215,35.14305877685547,6.9510579109191895,45.5769157409668,7.538275241851807,60
42.54279708862305,6.782227993011475,43.18070983886719,6.232728481292725,46.20591354370117,7.4309163093566895,47
29.600900650024414,6.6708292961120605,32.85429763793945,6.863628387451172,29.675033569335938,8.534866333007812,24
9.215709686279297,10.13530445098877,15.168676376342773,8.622639656066895,10.449853897094727,9.755393028259277,7
71.20512390136719,7.287164688110352,74.83928680419922,6.63653564453125,80.31297302246094,7.178892612457275,70
76.19674682617188,6.590275287628174,75.3243408203125,5.532898426055908,76.45347595214844,5.763234615325928,77
64.6492919921875,6.125925064086914,60.99269485473633,5.820861339569092,64.05738830566406,5.504278182983398,57
17.34857940673828,7.537233829498291,17.397716522216797,7.779196739196777,17.506668090820312,8.494166374206543,22
86.3145751953125,8.9717435836792,87.131591796875,6.87136697769165,91.95272827148438,9.119709014892578,80
91.49961853027344,7.457488059997559,90.63069152832031,6.318575382232666,93.6719741821289,7.053384304046631,90
82.21243286132812,6.687448501586914,74.96041870117188,6.2404303550720215,77.29008483886719,7.177997589111328,80
45.286949157714844,8.201326370239258,43.604957580566406,8.574173927307129,42.25563049316406,9.236288070678711,34
51.90589141845703,9.193739891052246,43.49211883544922,6.917102336883545,42.48155212402344,7.399811744689941,36
54.04256057739258,8.844385147094727,40.219268798828125,6.3340678215026855,41.63804626464844,5.490601062774658,41
42.419891357421875,8.983305931091309,35.62419891357422,6.641487121582031,33.58907699584961,6.713312149047852,34
29.798603057861328,10.041319847106934,29.210556030273438,9.829176902770996,30.865394592285156,7.9204206466674805,29
47.34702682495117,7.05817985534668,45.89398193359375,6.5573201179504395,47.05374526977539,6.577271938323975,46
55.49919891357422,5.633531093597412,55.02954864501953,6.000138282775879,55.112579345703125,5.850704193115234,57
50.75587463378906,6.513897895812988,49.73162841796875,6.999485492706299,52.212379455566406,6.204417705535889,49
42.07513427734375,7.173625946044922,38.558319091796875,7.920627593994141,39.915016174316406,7.227705478668213,35
53.7333984375,7.215467929840088,53.47540283203125,8.364702224731445,49.482505798339844,9.331902503967285,48
60.27041244506836,6.431203365325928,59.42795944213867,5.6983160972595215,57.414794921875,8.481520652770996,64
56.42011642456055,6.330080032348633,56.84392547607422,6.526994705200195,53.74346923828125,8.65561294555664,64
45.1331787109375,9.1861572265625,52.84729766845703,9.505850791931152,40.63690185546875,8.86484432220459,50
50.03379821777344,7.640590667724609,52.334129333496094,7.086338996887207,34.897560119628906,8.56379508972168,69
58.224395751953125,5.309373378753662,56.3177490234375,6.203094005584717,44.95930099487305,8.221041679382324,69
56.62480926513672,6.9277119636535645,54.05052185058594,7.273742198944092,40.17788314819336,7.6784210205078125,40
39.57044982910156,9.197504997253418,46.673805236816406,9.27770709991455,26.40959930419922,11.179556846618652,51
88.92842864990234,6.699040412902832,83.25895690917969,6.980228424072266,84.185546875,6.649476528167725,76
91.6300277709961,6.148788928985596,92.35089111328125,6.125733852386475,91.55113220214844,5.966972351074219,93
80.1518325805664,6.606896877288818,87.47161865234375,7.203768730163574,78.15103912353516,6.272889137268066,90
78.96247863769531,7.572742938995361,70.58617401123047,7.552478790283203,63.67679977416992,8.395658493041992,70
85.57429504394531,7.489359378814697,81.76254272460938,6.988522052764893,81.41563415527344,7.310335159301758,92
102.15867614746094,6.49965238571167,101.38648986816406,5.749452590942383,112.35150146484375,6.852648735046387,99
106.08641052246094,6.871809482574463,104.23863220214844,6.6856913566589355,112.32762145996094,7.464646339416504,89
82.95396423339844,9.184528350830078,84.75080871582031,8.019043922424316,85.89082336425781,8.007028579711914,90
6.999477386474609,6.431458473205566,10.108892440795898,8.970671653747559,7.874565124511719,6.981403350830078,6
6.13129997253418,6.367470741271973,7.584259033203125,7.01640510559082,5.315242767333984,5.371183395385742,3
3.5039196014404297,5.811306953430176,4.076089859008789,6.418166637420654,4.517295837402344,6.5701422691345215,1
-0.4774456024169922,8.498991012573242,3.1914215087890625,10.158008575439453,0.0061702728271484375,8.564569473266602,1
20.864578247070312,7.046380519866943,23.170690536499023,7.69219970703125,21.754440307617188,7.259726047515869,24
24.96335220336914,6.193887233734131,25.665781021118164,5.439462661743164,24.176090240478516,6.342927932739258,29
24.814048767089844,6.534450531005859,23.096179962158203,6.256449222564697,20.348175048828125,6.765181541442871,25
9.91331672668457,6.708007335662842,11.161523818969727,9.175264358520508,10.364702224731445,7.219953536987305,5
31.01630973815918,6.456911087036133,30.57418441772461,7.843635559082031,30.35421371459961,9.863965034484863,29
41.20762634277344,6.474712371826172,40.42656707763672,5.6665940284729,41.87612533569336,7.400047302246094,44
47.463539123535156,7.262342929840088,45.916954040527344,7.348226070404053,46.8755989074707,6.647767066955566,45
24.920541763305664,8.562058448791504,27.256776809692383,8.303929328918457,26.055389404296875,8.662148475646973,36
1.8216667175292969,7.492255687713623,1.166421890258789,6.902904033660889,1.291757583618164,7.29566764831543,2
0.8179817199707031,5.694118976593018,0.7831668853759766,6.420794486999512,0.05706024169921875,6.207704067230225,2
1.3248958587646484,7.078986167907715,2.3301620483398438,6.363144874572754,2.2132720947265625,6.554492950439453,1
-0.8376312255859375,9.953882217407227,-0.5102043151855469,11.614524841308594,-2.2349910736083984,9.697678565979004,1
6.629732131958008,7.0255231857299805,7.063203811645508,6.687126159667969,6.896688461303711,5.900168418884277,5
9.52011489868164,6.166559219360352,9.717355728149414,5.844509601593018,8.61074447631836,6.410770893096924,10
12.345076560974121,6.942228317260742,11.225950241088867,6.249844551086426,10.035037994384766,6.6697540283203125,13
6.654689788818359,7.806267261505127,4.056272506713867,8.947677612304688,3.3479366302490234,7.019007205963135,3
8.033782958984375,7.550541877746582,7.809650421142578,7.9719719886779785,9.223566055297852,9.013161659240723,8
19.31757164001465,6.59794807434082,19.648761749267578,6.612969398498535,19.359004974365234,7.274350166320801,15
27.931102752685547,6.928115367889404,26.546592712402344,6.5996317863464355,27.98554229736328,6.4394426345825195,24
27.252687454223633,8.58641242980957,26.295059204101562,8.326851844787598,28.574914932250977,8.324594497680664,26
7.223041534423828,6.935225009918213,7.872165679931641,7.631800174713135,7.090648651123047,7.715059757232666,5
6.720439910888672,7.571267127990723,5.243507385253906,5.748425006866455,5.77751350402832,6.118229866027832,4
4.728391647338867,8.728055000305176,2.8507556915283203,6.684830665588379,3.421640396118164,6.441002368927002,2
0.7314052581787109,8.658249855041504,1.4299335479736328,7.929305553436279,1.4483680725097656,8.459195137023926,2
20.883670806884766,6.850164413452148,22.540172576904297,6.231908798217773,14.969900131225586,8.115736961364746,24
23.37908172607422,7.052796840667725,24.055728912353516,5.581790447235107,18.10969352722168,7.327263355255127,28
18.8599910736084,7.466007232666016,19.300479888916016,6.53981351852417,14.216584205627441,6.965234756469727,20
11.210530281066895,6.58527946472168,12.035820960998535,7.4352216720581055,13.33478832244873,7.4881272315979,5
33.25832748413086,6.987837314605713,33.71710205078125,6.9486985206604,32.63245391845703,7.22899055480957,34
42.80146789550781,6.508303642272949,41.393924713134766,7.0606303215026855,37.2991943359375,7.471505165100098,46
45.40936279296875,6.206871032714844,36.71298599243164,8.182514190673828,37.08574676513672,8.224706649780273,45
31.741676330566406,10.496489524841309,19.62627601623535,9.054605484008789,24.588586807250977,8.419015884399414,36
-0.5404300689697266,7.529548645019531,-1.6939430236816406,7.253761291503906,-1.1036834716796875,6.8006062507629395,0
3.0233516693115234,6.2050862312316895,0.0202789306640625,5.611534118652344,1.703317642211914,6.211740970611572,0
3.9376659393310547,6.736564636230469,2.589120864868164,6.499825477600098,1.2219123840332031,6.483214855194092,0
1.0686569213867188,9.864063262939453,-0.6325798034667969,8.711396217346191,7.692241668701172,12.168335914611816,2
8.003402709960938,6.248693943023682,4.830289840698242,7.272739887237549,8.322097778320312,6.561465263366699,5
9.889686584472656,6.120026111602783,9.62663459777832,6.337760925292969,9.383337020874023,5.802426338195801,10
11.194913864135742,7.344913005828857,8.017097473144531,7.126824378967285,7.95167350769043,6.476692199707031,11
6.289068222045898,9.059173583984375,9.107870101928711,7.990164279937744,9.168798446655273,10.237738609313965,3
14.266115188598633,6.557453632354736,19.063026428222656,7.984257221221924,15.352967262268066,7.254518508911133,9
19.822851181030273,6.391776084899902,19.325157165527344,5.623415946960449,18.00204086303711,6.252792835235596,25
32.49362564086914,7.89420747756958,28.537792205810547,6.276678562164307,33.46605682373047,7.222912788391113,22
33.817203521728516,11.357523918151855,19.720537185668945,10.125510215759277,33.17894744873047,8.910149574279785,24
0.7337551116943359,7.46424674987793,0.6829414367675781,6.830063343048096,1.0101261138916016,7.397627830505371,0
-0.12327384948730469,5.24221658706665,-0.04577064514160156,6.459936618804932,-0.05127143859863281,6.053193092346191,0
0.03555870056152344,7.085031986236572,0.07516860961914062,6.644979476928711,0.13437461853027344,6.670590400695801,0
1.4248046875,8.664539337158203,1.394369125366211,8.570778846740723,0.7257289886474609,7.921997547149658,0
-0.34146690368652344,6.649954795837402,-0.2382793426513672,6.859505653381348,-0.15906715393066406,6.675195693969727,0
-0.08806419372558594,6.111077308654785,-0.18692398071289062,6.0658674240112305,-0.09574699401855469,5.773470401763916,0
-0.20772361755371094,6.104146480560303,-0.1878986358642578,5.804756164550781,-0.00182342529296875,6.564096450805664,0
-0.3220481872558594,7.438493251800537,-0.6238479614257812,8.016135215759277,-0.5457515716552734,8.42059326171875,0
1.3578338623046875,8.825605392456055,0.9659175872802734,7.932328224182129,2.2181167602539062,7.930140972137451,0
0.6156196594238281,7.237671375274658,0.4906291961669922,6.558109283447266,-0.10044479370117188,6.240566730499268,1
0.5516548156738281,5.789255619049072,0.4473857879638672,6.677685260772705,0.4826221466064453,6.827250003814697,0
1.2715797424316406,8.968343734741211,0.8346309661865234,8.707592964172363,0.8532695770263672,8.424603462219238,0
1.0212459564208984,8.951911926269531,0.8117904663085938,7.206267356872559,1.0170269012451172,7.441756248474121,0
0.4362754821777344,8.461858749389648,-0.275146484375,5.828486919403076,-0.01914215087890625,6.0884318351745605,0
0.341796875,8.308582305908203,-0.06383514404296875,7.018259048461914,-0.04780006408691406,6.423942565917969,0
1.4105396270751953,8.705955505371094,1.48394775390625,8.650938987731934,0.9958343505859375,8.492648124694824,0
-0.20374298095703125,6.90590763092041,-0.1314220428466797,7.3205485343933105,-0.3850727081298828,7.095992565155029,0
-0.16950416564941406,5.471685886383057,-0.4393138885498047,6.327873229980469,-0.15587997436523438,5.850752353668213,0
-0.20682144165039062,6.792270183563232,-0.2677116394042969,6.379589557647705,0.09741783142089844,5.791146278381348,0
0.2227153778076172,8.281874656677246,-0.1606578826904297,6.918817043304443,-0.3202400207519531,7.573978900909424,0
1.0608768463134766,7.842309474945068,0.7093849182128906,6.912429332733154,0.8082962036132812,7.891690731048584,0
0.01880645751953125,7.117999076843262,-0.07117652893066406,6.44522762298584,0.1903076171875,7.170770168304443,0
-0.018251419067382812,7.939909934997559,-0.14551734924316406,7.001698017120361,0.2522926330566406,6.762774467468262,0
1.4236392974853516,9.938530921936035,1.0224971771240234,8.306541442871094,0.8639049530029297,8.448260307312012,0
0.9430637359619141,6.6913909912109375,1.0654468536376953,7.048961162567139,0.8400745391845703,7.228216648101807,0
-0.12030029296875,5.767571449279785,-0.04865264892578125,6.210894584655762,-0.09766197204589844,5.978403091430664,0
0.09851455688476562,7.22418212890625,-0.13048744201660156,6.537367820739746,-0.1416454315185547,6.5987653732299805,0
1.3804664611816406,8.960205078125,0.8398857116699219,8.07606029510498,1.2323722839355469,8.14992904663086,0
-0.09476470947265625,6.85105562210083,-0.32593536376953125,7.0706915855407715,-0.5176906585693359,6.614421367645264,0
-0.3926830291748047,5.173903465270996,-0.3505134582519531,6.159856796264648,-0.4727783203125,5.876312255859375,0
0.3027782440185547,6.897603988647461,0.14356422424316406,5.903766632080078,0.26194000244140625,6.03441047668457,0
-0.5881156921386719,7.4821906089782715,-0.8178043365478516,7.427222728729248,-0.6572933197021484,7.444397926330566,0
0.7591934204101562,6.785972595214844,0.9380817413330078,7.818794250488281,1.3160152435302734,8.454954147338867,0
0.28791046142578125,6.39314079284668,0.38125038146972656,5.618420124053955,0.9432430267333984,6.986586093902588,0
0.29155921936035156,6.854813575744629,0.6338558197021484,7.395206451416016,0.4218597412109375,6.060983657836914,1
1.0574302673339844,7.666390419006348,1.1242332458496094,9.177496910095215,3.0197372436523438,10.099109649658203,0
0.8791542053222656,6.6768622398376465,1.5202598571777344,7.741740703582764,1.67657470703125,8.882868766784668,0
-0.08066177368164062,5.7480950355529785,-0.09293937683105469,6.3079681396484375,0.54254150390625,6.436479568481445,0
0.37700462341308594,7.696943759918213,0.10233688354492188,7.33227014541626,0.04651069641113281,6.5815653800964355,0
1.4776935577392578,9.482246398925781,2.199413299560547,10.783992767333984,1.1572017669677734,8.136054039001465,0
-0.13331985473632812,6.912292957305908,0.03440093994140625,6.216838359832764,-0.0036144256591796875,6.9059648513793945,0
-0.3985881805419922,6.218849182128906,-0.43111610412597656,5.543191432952881,-0.2589225769042969,5.833703517913818,0
-0.20912742614746094,6.662696361541748,-0.0159149169921875,6.173299312591553,-0.029497146606445312,6.16567850112915,0
-0.6153297424316406,7.865326404571533,0.04355812072753906,8.212636947631836,-0.5176982879638672,7.312953948974609,0
0.8560352325439453,7.942221641540527,1.0007953643798828,7.833008766174316,0.8118019104003906,7.246171951293945,0
0.1296215057373047,6.246490001678467,-0.3107261657714844,5.9076128005981445,-0.23396682739257812,6.025794982910156,0
0.2878589630126953,6.334495544433594,0.06265449523925781,6.658960819244385,0.14192962646484375,6.594452857971191,0
0.8786811828613281,8.521645545959473,0.8728065490722656,8.251579284667969,0.7402153015136719,8.269599914550781,0
1.500213623046875,7.114593982696533,1.1899986267089844,6.81257438659668,1.4648990631103516,7.026793479919434,0
0.5578422546386719,6.492077350616455,0.6930503845214844,5.8872528076171875,0.5592460632324219,6.214548587799072,1
1.3319740295410156,6.861323833465576,1.7517147064208984,6.414371490478516,1.5049762725830078,6.447319507598877,1
1.747537612915039,8.493195533752441,1.6994132995605469,8.256749153137207,2.7869205474853516,11.121506690979004,1
1.1764640808105469,7.068645477294922,0.618255615234375,6.609132289886475,0.6432361602783203,5.900467395782471,1
1.4434738159179688,6.160783767700195,1.7416801452636719,5.998654842376709,1.525665283203125,5.79533052444458,2
3.1348209381103516,5.494961738586426,3.200601577758789,6.083446502685547,3.119304656982422,5.485442161560059,2
1.5363121032714844,8.120076179504395,0.45619773864746094,7.102527618408203,1.4017086029052734,8.178736686706543,2
1.9526023864746094,9.868707656860352,3.087308883666992,6.820359706878662,3.140209197998047,7.312589168548584,2
2.3129634857177734,9.104153633117676,3.8404617309570312,5.61415433883667,4.1898193359375,5.428116321563721,4
3.27606201171875,8.971324920654297,4.510265350341797,6.668297290802002,3.684957504272461,6.6363701820373535,6
4.723310470581055,11.124442100524902,5.098966598510742,8.678840637207031,5.458805084228516,8.472639083862305,3
0.9696674346923828,8.39111614227295,0.7473106384277344,8.601573944091797,0.8202133178710938,7.724362373352051,0
0.22728347778320312,7.159980297088623,0.14287567138671875,6.66234016418457,-0.24601364135742188,6.17219352722168,0
0.031192779541015625,6.493764400482178,-0.05217742919921875,7.035935401916504,0.28882598876953125,6.401594161987305,0
0.7946910858154297,9.43510913848877,0.9991073608398438,8.132606506347656,0.9973278045654297,8.333377838134766,0
-0.3089790344238281,6.387932300567627,-0.21300697326660156,6.731170654296875,-0.12356376647949219,7.042893886566162,0
-0.4689979553222656,6.171754360198975,-0.3729743957519531,5.903019905090332,-0.4673042297363281,5.912984371185303,0
0.4626350402832031,5.750789165496826,0.2803173065185547,6.070873737335205,0.3176994323730469,6.675931453704834,0
-0.19981956481933594,8.283286094665527,-0.5751247406005859,7.538293838500977,-0.4298591613769531,7.596108436584473,0
0.41620826721191406,7.500265598297119,0.2554893493652344,7.63416051864624,0.22377586364746094,7.265732765197754,0
1.0170459747314453,6.377810478210449,0.7909870147705078,5.607789993286133,0.7446250915527344,5.446342945098877,0
1.5011711120605469,6.909433841705322,1.3270759582519531,7.016438007354736,1.6336402893066406,6.8320441246032715,1
3.0956954956054688,8.668801307678223,2.2156848907470703,7.947460174560547,2.272378921508789,7.960438251495361,1
1.4804763793945312,8.038676261901855,1.9726085662841797,7.776679039001465,1.4419536590576172,7.68376350402832,1
0.3990612030029297,6.5396223068237305,1.0616645812988281,7.031726360321045,0.6253528594970703,6.070210933685303,0
0.8308734893798828,6.4170613288879395,1.3765087127685547,7.422296524047852,0.7372646331787109,6.46047830581665,0
1.001556396484375,9.639032363891602,0.2423839569091797,8.540771484375,0.4103584289550781,9.7109375,0
2.4317855834960938,7.607801914215088,2.2803993225097656,7.604415416717529,2.570232391357422,5.890635967254639,2
2.4330310821533203,6.13124418258667,2.6245498657226562,6.650263786315918,2.281953811645508,5.7799072265625,3
2.9247665405273438,6.787661075592041,2.9469356536865234,5.79858922958374,2.8559341430664062,6.188299179077148,4
2.5124645233154297,9.475252151489258,1.8586559295654297,7.592522144317627,3.232412338256836,9.96213150024414,0
4.797512054443359,8.115044593811035,4.073820114135742,6.8228759765625,4.317310333251953,7.348433494567871,4
5.117799758911133,6.735959529876709,5.990631103515625,5.796108722686768,5.36290168762207,6.108421802520752,5
6.311853408813477,7.279947280883789,6.077579498291016,6.990248203277588,6.100833892822266,6.558931350708008,8
6.823808670043945,11.258858680725098,4.178129196166992,8.054413795471191,9.85018539428711,13.651659965515137,5
0.6081809997558594,7.474775791168213,2.213132858276367,7.942750453948975,0.8142795562744141,7.748211860656738,0
-0.4563713073730469,6.391966342926025,-0.4949798583984375,6.54788064956665,-0.40846824645996094,5.956815242767334,0
0.2007293701171875,6.4248151779174805,-0.27902793884277344,7.534334182739258,0.06676864624023438,5.975217819213867,0
1.0120868682861328,8.968586921691895,0.9854850769042969,9.639077186584473,0.6271038055419922,8.711071968078613,0
0.31271934509277344,6.220754146575928,0.5211772918701172,7.4044036865234375,0.9274482727050781,7.084412574768066,1
0.7546939849853516,6.737803936004639,0.8867778778076172,5.512610912322998,0.7127933502197266,5.9822678565979,1
1.0667991638183594,7.064903259277344,1.2446784973144531,6.167514801025391,1.312835693359375,6.138618469238281,1
0.6774654388427734,8.744786262512207,-0.23377609252929688,7.970877170562744,-0.3405170440673828,7.695006370544434,0
3.2840652465820312,8.310050964355469,2.0650405883789062,6.924463748931885,2.222930908203125,7.263993263244629,1
2.1621856689453125,6.6841254234313965,1.9488029479980469,5.621510028839111,1.8512802124023438,5.381277561187744,2
4.162250518798828,6.317960262298584,3.992664337158203,7.056394577026367,4.086994171142578,7.990248680114746,3
4.123035430908203,9.62413215637207,3.674459457397461,8.882050514221191,6.504938125610352,12.547454833984375,1
3.8441333770751953,7.068979740142822,7.0751495361328125,9.736629486083984,4.224842071533203,7.983348846435547,2
2.6793899536132812,7.142083644866943,5.260892868041992,8.713969230651855,2.0166015625,6.114687442779541,1
2.0361328125,7.949752330780029,3.431049346923828,8.722186088562012,0.5155982971191406,6.04552698135376,1
1.1809501647949219,8.443554878234863,4.289220809936523,10.776189804077148,0.6369895935058594,8.505123138427734,2
10.483139038085938,6.861906051635742,10.524096488952637,7.020870685577393,10.486955642700195,6.3899149894714355,12
10.566781044006348,6.53982400894165,10.186893463134766,5.392426490783691,9.986703872680664,5.845401763916016,11
9.059253692626953,6.8560004234313965,9.34627914428711,5.770956039428711,8.163227081298828,6.667732238769531,7
6.843250274658203,6.796093463897705,7.182338714599609,8.181982040405273,6.979555130004883,7.236734390258789,3
16.663219451904297,7.7167277336120605,17.30219268798828,7.0572991371154785,18.774492263793945,7.966976165771484,20
18.115863800048828,6.411986827850342,17.872880935668945,6.433384418487549,18.465476989746094,7.234898090362549,21
18.289155960083008,5.824226379394531,19.05944061279297,6.144427299499512,17.69086456298828,8.365013122558594,18
12.258882522583008,10.831399917602539,10.351667404174805,7.906247138977051,10.525823593139648,8.403889656066895,17
0.8332328796386719,7.877494812011719,1.1855392456054688,7.5646209716796875,0.6026248931884766,7.011175632476807,1
0.06941986083984375,5.710382461547852,0.531036376953125,6.192887783050537,0.06471443176269531,6.113619804382324,0
-0.09869766235351562,7.4461846351623535,0.2432575225830078,6.510660648345947,-0.001434326171875,6.986044406890869,0
1.263193130493164,9.825939178466797,0.9673652648925781,8.738763809204102,1.5805339813232422,9.798609733581543,1
5.100563049316406,7.210242748260498,4.765205383300781,7.050027370452881,7.05467414855957,7.273792266845703,5
4.503177642822266,6.567742824554443,5.155189514160156,5.42843770980835,4.912141799926758,5.881799221038818,5
3.6268997192382812,7.205999851226807,3.599447250366211,6.2262468338012695,4.509040832519531,6.716629981994629,5
2.448108673095703,6.799652099609375,2.3841075897216797,7.888147830963135,3.124940872192383,7.256870746612549,2
10.75342845916748,7.707563877105713,10.610946655273438,7.025748252868652,15.49460506439209,10.081436157226562,8
10.574743270874023,5.257960319519043,10.778133392333984,5.634853839874268,15.081502914428711,9.646995544433594,10
12.071560859680176,6.896397113800049,11.713804244995117,6.982193946838379,14.441934585571289,10.611374855041504,11
9.83346939086914,10.93252944946289,11.182695388793945,9.351658821105957,12.937163352966309,9.73159408569336,9
5.828676223754883,6.979544639587402,6.832157135009766,7.992738246917725,6.180383682250977,7.307646751403809,5
5.315629959106445,6.368474006652832,5.749168395996094,7.546285629272461,6.506795883178711,7.088285446166992,3
3.827465057373047,6.886626243591309,4.781866073608398,7.906628608703613,4.905195236206055,7.805915832519531,2
1.3163471221923828,8.574295997619629,0.8415775299072266,8.356547355651855,1.100881576538086,7.806301593780518,4
16.35211181640625,6.834015846252441,16.979351043701172,7.165654182434082,16.285320281982422,6.726414203643799,19
16.963321685791016,6.310080528259277,19.217153549194336,6.457799911499023,19.727985382080078,6.0126214027404785,19
15.777637481689453,5.885638236999512,16.820404052734375,7.397822856903076,15.014427185058594,5.790604591369629,16
8.996810913085938,7.513640880584717,8.805335998535156,7.1959147453308105,8.474424362182617,7.014881134033203,4
25.21275520324707,7.099712371826172,24.09674644470215,6.842447757720947,29.220653533935547,7.840424060821533,29
31.22843360900879,7.349998474121094,31.9901180267334,5.677178382873535,31.94232940673828,6.079464435577393,35
31.85556411743164,7.734020709991455,35.834678649902344,7.014276504516602,36.21364974975586,6.601767063140869,31
15.819305419921875,8.249441146850586,15.02520751953125,8.107081413269043,13.89218807220459,8.36397647857666,24
2.7899646759033203,8.76069164276123,1.5088977813720703,9.489209175109863,2.0783443450927734,7.465107440948486,1
-0.10907173156738281,5.69513463973999,0.26894187927246094,7.681804656982422,0.08263969421386719,5.932629108428955,1
-0.1576061248779297,6.898695945739746,-0.25924110412597656,6.645515441894531,0.2413787841796875,7.220263481140137,1
4.78245735168457,9.409750938415527,3.100862503051758,8.694228172302246,2.883119583129883,7.908482074737549,2
5.08616828918457,7.278944969177246,6.272153854370117,8.295392990112305,5.931058883666992,7.1206536293029785,4
4.629934310913086,5.581830024719238,5.299516677856445,5.417585372924805,4.986440658569336,5.294039726257324,5
3.4409961700439453,6.037420749664307,4.010074615478516,5.736605167388916,4.204549789428711,6.850373268127441,5
0.5577411651611328,7.438391208648682,1.40167236328125,7.1005988121032715,0.7019863128662109,7.50128698348999,1
10.08963394165039,7.477202415466309,11.513208389282227,8.273036003112793,10.591262817382812,7.767938613891602,7
11.579140663146973,6.44839334487915,12.349223136901855,6.142115592956543,11.638531684875488,5.5719685554504395,10
14.151432037353516,6.3452348709106445,13.906499862670898,7.064861297607422,14.046319961547852,7.117739677429199,12
8.89694595336914,8.501581192016602,10.439310073852539,9.934147834777832,8.882469177246094,7.946261405944824,7
