seed_6_y_pred,seed_6_y_std,seed_13_y_pred,seed_13_y_std,seed_42_y_pred,seed_42_y_std,log (Total flux)
-1.3425099849700928,0.18337516486644745,-1.3319250345230103,0.18158763647079468,-1.321866750717163,0.19071348011493683,-1.4225082001627747
-1.2720898389816284,0.18254287540912628,-1.2815136909484863,0.17560651898384094,-1.3037159442901611,0.17653581500053406,-1.2814983111327258
-1.1628460884094238,0.1841726154088974,-1.164118766784668,0.18280945718288422,-1.1554621458053589,0.18797963857650757,-1.0486624812040823
-1.0145437717437744,0.18416312336921692,-1.0420105457305908,0.18215429782867432,-1.0066561698913574,0.17949794232845306,-0.7695510786217261
-0.929651141166687,0.18553432822227478,-0.9578430652618408,0.18742746114730835,-0.9643820524215698,0.18310987949371338,-0.7024583321818402
-0.27547508478164673,0.2121461033821106,-0.33890068531036377,0.23355792462825775,-0.3074163794517517,0.20645631849765778,-0.3601152580836957
-0.225345641374588,0.20983289182186127,-0.1526890993118286,0.23552411794662476,-0.2133379578590393,0.2162720263004303,-0.006607862550997468
0.2693401575088501,0.24503257870674133,0.3153133988380432,0.24894851446151733,0.3190174102783203,0.25273317098617554,0.0589950935254163
-0.25857213139533997,0.3391335904598236,-0.2434418499469757,0.32280388474464417,-0.23269197344779968,0.30418887734413147,0.10455539124051359
-0.11075383424758911,0.28975316882133484,-0.09187901020050049,0.24222277104854584,-0.08877083659172058,0.25153854489326477,-0.11407366019856895
-0.23367202281951904,0.2522072494029999,-0.2534328103065491,0.24866099655628204,-0.23916226625442505,0.25355657935142517,-0.26672246606741823
-0.31380724906921387,0.20640623569488525,-0.32882270216941833,0.2068578004837036,-0.3051346242427826,0.21044543385505676,-0.5454600150351813
-0.20442327857017517,0.20523393154144287,-0.17600518465042114,0.20468637347221375,-0.1149587333202362,0.19907158613204956,-0.19756837356927645
0.07301545143127441,0.20643025636672974,-0.040565431118011475,0.19880956411361694,-0.02087390422821045,0.21084754168987274,0.046846203945821285
0.08997279405593872,0.20661714673042297,0.1689680814743042,0.21027310192584991,0.13403916358947754,0.21469329297542572,0.24022465412227756
-1.47371506690979,0.1937303990125656,-1.3688745498657227,0.20030894875526428,-1.4625320434570312,0.2070196121931076,-1.6968039425795112
-1.4094133377075195,0.19574934244155884,-1.3469462394714355,0.19815492630004883,-1.4221875667572021,0.18649877607822418,-1.6108339156354674
-1.2357290983200073,0.26914849877357483,-1.2895961999893188,0.28532883524894714,-1.263702392578125,0.2698279321193695,-1.489454989793388
-1.4714564085006714,0.19266879558563232,-1.4814057350158691,0.18915751576423645,-1.4625320434570312,0.2070198506116867,-1.4801720062242814
-1.4453747272491455,0.19797714054584503,-1.530580759048462,0.18781845271587372,-1.451920509338379,0.1886807084083557,-1.4621809049267258
-1.4094133377075195,0.19574934244155884,-1.3469462394714355,0.1981552094221115,-1.451127290725708,0.18429391086101532,-1.4271283977995197
-1.280900478363037,0.20813924074172974,-1.2735540866851807,0.20904670655727386,-1.2833820581436157,0.20816245675086975,-1.337242168318426
-1.4451053142547607,0.19136027991771698,-1.4949579238891602,0.18545998632907867,-1.447533369064331,0.20289786159992218,-1.239577516576788
-0.9493517875671387,0.23643659055233002,-0.9348056316375732,0.23649701476097107,-0.9505171775817871,0.2410566359758377,-1.2388241868442686
-1.1130385398864746,0.2322923094034195,-1.0897573232650757,0.23313412070274353,-1.1463149785995483,0.23393601179122925,-1.2247537402597635
-1.3540194034576416,0.21449942886829376,-1.3620723485946655,0.22957096993923187,-1.2440036535263062,0.20638617873191833,-1.0777937225609837
-1.198378086090088,0.22998346388339996,-1.1959233283996582,0.2249544858932495,-1.1911368370056152,0.22235316038131714,-1.0726296369609765
-1.2035446166992188,0.2267666608095169,-1.1988320350646973,0.23560555279254913,-1.192416787147522,0.22799928486347198,-0.870954940112042
-1.336167335510254,0.20886652171611786,-1.344508409500122,0.22204521298408508,-1.281252145767212,0.2140723168849945,-1.0963674839157624
-1.2332031726837158,0.24230331182479858,-1.238277792930603,0.23311369121074677,-1.2900030612945557,0.24395506083965302,-1.2062096153091812
-1.2312254905700684,0.28770381212234497,-1.1567230224609375,0.31746429204940796,-1.1693999767303467,0.29617273807525635,-1.3133637307377066
-1.7859876155853271,0.22996309399604797,-1.7891285419464111,0.22531530261039734,-1.7803840637207031,0.23356109857559204,-1.8664610916297826
-1.553858995437622,0.23934005200862885,-1.5872714519500732,0.25670984387397766,-1.5260647535324097,0.24565118551254272,-1.5917600346881504
-1.3542637825012207,0.2323695421218872,-1.3827085494995117,0.2475995123386383,-1.3616470098495483,0.24857930839061737,-1.2636034977233574
-1.6540594100952148,0.23485828936100006,-1.6331512928009033,0.2605372667312622,-1.6115576028823853,0.25110116600990295,-1.563837352959244
-1.3262325525283813,0.22928160429000854,-1.3507055044174194,0.2549760043621063,-1.3233189582824707,0.2527329921722412,-1.4067139329795428
-1.0753021240234375,0.2511695325374603,-1.0488226413726807,0.24359048902988434,-1.0550280809402466,0.24010737240314484,-1.1555228242543185
-1.1844615936279297,0.24691350758075714,-1.2469463348388672,0.2558116316795349,-1.2080460786819458,0.23094506561756134,-1.1999706407558657
-0.948238730430603,0.23641613125801086,-0.9911971092224121,0.26091885566711426,-0.9719685912132263,0.23530401289463043,-0.935916564036404
-0.7107745409011841,0.2641717791557312,-0.7949646711349487,0.27603036165237427,-0.7456498146057129,0.251958429813385,-0.661145253747677
-1.257561206817627,0.24028810858726501,-1.2312369346618652,0.27007535099983215,-1.2623956203460693,0.23017197847366333,-1.3045183235098026
-1.1518000364303589,0.21829470992088318,-1.1546423435211182,0.2788373529911041,-1.1566987037658691,0.22883492708206177,-1.158015195409886
-1.025217056274414,0.21508316695690155,-1.0044559240341187,0.2580561339855194,-1.0687499046325684,0.23949357867240906,-0.9698052146432488
-0.8752775192260742,0.24314847588539124,-0.8859719038009644,0.22482280433177948,-0.9390096664428711,0.26761969923973083,-0.7624562618571256
-1.1448851823806763,0.19114044308662415,-1.3556554317474365,0.1901739239692688,-1.1918907165527344,0.1968742161989212,-1.5331323796458904
-0.9360154867172241,0.19963471591472626,-0.8683440685272217,0.19965602457523346,-0.8155879974365234,0.197634756565094,-1.5243288116755704
-1.1063706874847412,0.18842272460460663,-1.0909438133239746,0.18774659931659698,-0.9133382439613342,0.19362787902355194,-1.5171264163912463
-1.0082168579101562,0.19219736754894257,-0.785183310508728,0.18871167302131653,-0.9996820092201233,0.18733815848827362,-1.2510371387438386
-0.7482686042785645,0.19147169589996338,-0.7313884496688843,0.1904139667749405,-0.56455397605896,0.19835737347602844,-1.0145735259169983
0.46204590797424316,0.20088917016983032,0.5696364045143127,0.19850611686706543,0.2888790965080261,0.20578491687774658,-0.3053948010664313
0.2360609769821167,0.19498753547668457,0.3758552074432373,0.19259324669837952,0.16875982284545898,0.18811339139938354,-0.026595025589939317
-0.29412841796875,0.19256043434143066,-0.40842682123184204,0.19334828853607178,-0.17261609435081482,0.19940298795700073,0.33809775370653894
-0.29819026589393616,0.19199378788471222,-0.43370792269706726,0.19221825897693634,-0.3013918399810791,0.18644855916500092,0.539740838574004
-0.3076614737510681,0.19037513434886932,-0.31519922614097595,0.18950653076171875,-0.3294335603713989,0.1924525499343872,0.8960464650403244
-1.0073766708374023,0.21015280485153198,-0.9448597431182861,0.1933736652135849,-0.9323451519012451,0.2366454303264618,-0.9100948885606021
-1.037705898284912,0.20907960832118988,-1.0000957250595093,0.2106384038925171,-0.9776169061660767,0.23708981275558472,-0.8601209135987634
-0.9596608877182007,0.20003043115139008,-0.9652533531188965,0.21163409948349,-0.9462063312530518,0.23665855824947357,-0.8386319977650252
-0.6073275804519653,0.20376217365264893,-0.5524829626083374,0.1984734982252121,-0.676099956035614,0.19788138568401337,-0.7878123955960422
-1.2874755859375,0.1846340000629425,-1.274458408355713,0.18055427074432373,-1.2841713428497314,0.1788046807050705,-1.5072396109731625
-1.0408588647842407,0.1843186318874359,-1.1485695838928223,0.17900969088077545,-1.1303341388702393,0.1802331507205963,-1.4841261562883208
-1.141655683517456,0.1832239031791687,-1.1458128690719604,0.18469923734664917,-1.1487691402435303,0.187590554356575,-1.449771646944906
-1.168900966644287,0.18550361692905426,-1.2372870445251465,0.17935188114643097,-1.1519120931625366,0.19137461483478546,-1.4473317838878068
-1.106675148010254,0.18436232209205627,-1.1721611022949219,0.177638977766037,-1.1387182474136353,0.17813396453857422,-1.424812155072339
-1.2376974821090698,0.18426918983459473,-1.2239362001419067,0.1872662901878357,-1.280236005783081,0.1905820071697235,-1.3777859770337046
-1.2192598581314087,0.18361622095108032,-1.1458128690719604,0.18469923734664917,-1.1998298168182373,0.17743484675884247,-1.3565473235138126
-1.24129056930542,0.18032465875148773,-1.2558398246765137,0.1771451234817505,-1.2597166299819946,0.18502286076545715,-1.3151546383555874
-1.2257282733917236,0.1752709299325943,-1.2103650569915771,0.17467358708381653,-1.2219605445861816,0.1874253749847412,-1.3124710387853658
-1.3343331813812256,0.19103193283081055,-1.3231940269470215,0.1896478533744812,-1.3272910118103027,0.18290619552135468,-1.3106911408763797
-1.1522928476333618,0.18039464950561523,-1.1566946506500244,0.18066228926181793,-1.1554327011108398,0.18579624593257904,-1.2839966563652008
-0.9092180728912354,0.18456490337848663,-0.9701722860336304,0.18484929203987122,-0.903287410736084,0.18838635087013245,-1.282329496997738
-1.2483359575271606,0.1801825761795044,-1.2552728652954102,0.18106038868427277,-1.2597166299819946,0.18502286076545715,-1.2773660774661877
-1.2257282733917236,0.1752709299325943,-1.2558398246765137,0.1771451234817505,-1.2503564357757568,0.17504730820655823,-1.2716462179787715
-1.4288591146469116,0.19012710452079773,-1.372929334640503,0.19233235716819763,-1.4579209089279175,0.19665393233299255,-1.269217724333611
-1.2257282733917236,0.1752711981534958,-1.2103650569915771,0.1746738702058792,-1.2219605445861816,0.18742510676383972,-1.2628073572952627
-1.24129056930542,0.18032465875148773,-1.2521746158599854,0.17482443153858185,-1.2377575635910034,0.17729154229164124,-1.2612194415156308
-1.2483359575271606,0.1801822930574417,-1.2521746158599854,0.17482471466064453,-1.2219605445861816,0.1874253749847412,-1.2596373105057561
-1.1522928476333618,0.18039438128471375,-1.1705098152160645,0.1768694669008255,-1.1282321214675903,0.18505384027957916,-1.2525881921135766
-1.1522928476333618,0.18039464950561523,-1.1705098152160645,0.1768694669008255,-1.1282321214675903,0.18505384027957916,-1.2433638917541519
-1.1683452129364014,0.18026459217071533,-1.1530429124832153,0.1742485761642456,-1.1282321214675903,0.18505384027957916,-1.2433638917541519
-1.1532493829727173,0.17897576093673706,-1.1530429124832153,0.1742485761642456,-1.1554327011108398,0.18579596281051636,-1.2365720064370627
-1.2257282733917236,0.1752711981534958,-1.2103650569915771,0.17467358708381653,-1.2503564357757568,0.17504730820655823,-1.2313618987523856
-1.2942687273025513,0.18413986265659332,-1.260542631149292,0.17904876172542572,-1.2941008806228638,0.19045472145080566,-1.2204035087421754
-1.106675148010254,0.18436232209205627,-1.1721611022949219,0.17763927578926086,-1.1626265048980713,0.1882902830839157,-1.2083093509798821
-1.172119140625,0.17438682913780212,-1.1530429124832153,0.1742485761642456,-1.1554327011108398,0.18579624593257904,-1.2069083998234198
-1.1633069515228271,0.1787446290254593,-1.177156925201416,0.18097080290317535,-1.1554327011108398,0.18579596281051636,-1.1817741063860445
-0.9092180728912354,0.18456490337848663,-0.9620506763458252,0.18082961440086365,-1.0000351667404175,0.1794598251581192,-1.1687703061329366
-0.9872093796730042,0.1860886514186859,-1.0491704940795898,0.1859568953514099,-1.0347542762756348,0.18947167694568634,-1.1655792963184675
-1.172119140625,0.17438682913780212,-1.177156925201416,0.18097080290317535,-1.1660101413726807,0.17441445589065552,-1.1624115617644888
-1.29950749874115,0.18353381752967834,-1.2498034238815308,0.18653716146945953,-1.2547279596328735,0.1899692565202713,-1.1481303992702339
-1.106299877166748,0.1837596446275711,-1.0533751249313354,0.17979459464550018,-1.1099071502685547,0.19082827866077423,-1.11690664142431
-1.0811245441436768,0.17719011008739471,-1.049715518951416,0.1772415041923523,-1.013538122177124,0.1884876936674118,-1.0726296369609765
-1.084891676902771,0.1847187876701355,-0.9897366762161255,0.17986604571342468,-1.0232714414596558,0.17983245849609375,-1.069050968832477
-0.9672460556030273,0.18555669486522675,-1.0190885066986084,0.17786845564842224,-1.0240470170974731,0.19121071696281433,-1.0381045263321496
-1.0773260593414307,0.18429917097091675,-1.0624070167541504,0.1858747899532318,-1.0453977584838867,0.1911204606294632,-1.010105436281227
-0.8295478820800781,0.18887978792190552,-0.8047130107879639,0.1840496063232422,-0.8505581617355347,0.18155233561992645,-0.9948194874962197
-0.9760750532150269,0.1836370825767517,-0.9969218969345093,0.18643951416015625,-0.9389289617538452,0.18017885088920593,-0.9649707177976319
-0.9497603178024292,0.1848195195198059,-0.9969218969345093,0.18643951416015625,-0.9497824907302856,0.18028010427951813,-0.958607314841775
-0.8977605104446411,0.1884709745645523,-0.9007865190505981,0.18874670565128326,-0.9357725381851196,0.1847442388534546,-0.9434762759208997
-1.3024903535842896,0.4630242884159088,-1.3958840370178223,0.46377840638160706,-1.4103139638900757,0.4726121723651886,-0.8224635000701379
-1.3926600217819214,0.3185274004936218,-1.1526594161987305,0.3316611051559448,-1.5005700588226318,0.30885982513427734,-0.8781120148963188
-0.9316936135292053,0.20970982313156128,-0.8916053771972656,0.2022734135389328,-0.8686813116073608,0.2045522779226303,-0.8079904073463299
-0.8800801634788513,0.20835304260253906,-0.9212555289268494,0.20606541633605957,-0.882030725479126,0.21382172405719757,-0.7244583115986905
-0.6927693486213684,0.2135154902935028,-0.5099021792411804,0.20665407180786133,-0.6691588163375854,0.20819224417209625,-0.6989700043360187
-0.5342608094215393,0.2113645076751709,-0.49725013971328735,0.20408615469932556,-0.6706215739250183,0.22557109594345093,-0.8961962790440432
-0.5274072289466858,0.20282548666000366,-0.5366572737693787,0.19629494845867157,-0.5625985860824585,0.21564503014087677,-0.8422411139531362
-0.7110694646835327,0.1881760060787201,-0.6742144227027893,0.19107840955257416,-0.6158654689788818,0.1866542398929596,-0.6585654754218598
-0.2832277715206146,0.1942826807498932,-0.2829071283340454,0.19158005714416504,-0.16169309616088867,0.1950480192899704,-0.6330170240221491
-0.48397043347358704,0.2008007913827896,-0.5368297100067139,0.20990626513957977,-0.4560937285423279,0.1962514966726303,-0.5412111182891549
-0.464195191860199,0.20260083675384521,-0.7714147567749023,0.22411063313484192,-0.46324029564857483,0.2055158168077469,-0.5282683485199489
-0.5664432048797607,0.18705131113529205,-0.5701131820678711,0.1796276569366455,-0.5511078238487244,0.1934027075767517,-0.5082182244158342
-0.26208433508872986,0.190042182803154,-0.27873557806015015,0.1842246651649475,-0.23997697234153748,0.19677239656448364,-0.2759700270644023
-0.3481650948524475,0.20657601952552795,-0.3454359471797943,0.20294392108917236,-0.3150319457054138,0.20166327059268951,-0.1572659810517304
-0.27299049496650696,0.19931045174598694,-0.5557606220245361,0.2290818989276886,-0.3632681369781494,0.22793154418468475,-0.05114709380028646
-0.0971037745475769,0.19145765900611877,-0.1032264232635498,0.19406673312187195,-0.052782535552978516,0.1865849494934082,0.0028137792246732954
-0.1851067841053009,0.20826588571071625,-0.10233721137046814,0.21447953581809998,-0.06160658597946167,0.21892109513282776,0.09642333059527054
-0.06380844116210938,0.214913010597229,-0.3711160123348236,0.2288188338279724,-0.16639918088912964,0.2300107330083847,0.24988290186369472
0.09860920906066895,0.1902015656232834,-0.0005630254745483398,0.19403204321861267,0.05247265100479126,0.19494178891181946,0.3078595805984664
0.2795267701148987,0.19306962192058563,0.1906212568283081,0.19380585849285126,0.21822112798690796,0.19693613052368164,0.5585885831081994
-1.391988754272461,0.19450514018535614,-1.388709545135498,0.2025434970855713,-1.4490151405334473,0.205317884683609,-1.295849483160201
-1.2260369062423706,0.20255984365940094,-1.2580277919769287,0.19494810700416565,-1.1925647258758545,0.1929669976234436,-1.1694113313148558
-1.091397762298584,0.20880316197872162,-1.038535237312317,0.1924218237400055,-1.1062595844268799,0.20298001170158386,-1.1232050237992994
-1.1500579118728638,0.1907425969839096,-1.1614725589752197,0.18946783244609833,-1.1358407735824585,0.19129054248332977,-1.000869458712629
-0.9259203672409058,0.19218966364860535,-0.9280823469161987,0.18851226568222046,-0.9374417662620544,0.1976475864648819,-1.0004345117740177
-0.877413809299469,0.2191479653120041,-0.875813901424408,0.20848967134952545,-0.8517394065856934,0.20292429625988007,-1.0
-0.9572618007659912,0.2099330872297287,-1.0444846153259277,0.19179905951023102,-0.9648973345756531,0.19271638989448547,-0.8041003475907662
-1.2207624912261963,0.20495866239070892,-1.133629560470581,0.19757172465324402,-1.2245373725891113,0.2041810154914856,-1.6575773191777938
-0.9412918090820312,0.1987536996603012,-0.8875900506973267,0.19132453203201294,-0.8674720525741577,0.19403916597366333,-1.1611509092627446
-0.8084417581558228,0.20667165517807007,-0.8427988290786743,0.19382469356060028,-0.8102860450744629,0.20878487825393677,-0.5883802940367698
-0.7326182126998901,0.21539245545864105,-0.7389464974403381,0.21379368007183075,-0.6464864015579224,0.2033681422472,-0.3214816209598861
-0.710231363773346,0.214853435754776,-0.7915213108062744,0.21139898896217346,-0.6602311134338379,0.21481801569461823,-0.3142582613977364
-1.458385944366455,0.18920660018920898,-1.5308809280395508,0.18638825416564941,-1.511021375656128,0.1879391372203827,-1.5528419686577808
-1.2872929573059082,0.1927649825811386,-1.306469440460205,0.18905453383922577,-1.3485851287841797,0.20340871810913086,-1.4436974992327127
-1.332844614982605,0.18634723126888275,-1.358234167098999,0.18614041805267334,-1.3415151834487915,0.1995793879032135,-1.4436974992327127
-1.1828441619873047,0.19301405549049377,-1.247397780418396,0.19020423293113708,-1.1682343482971191,0.2029193639755249,-1.275724130399211
-1.30759859085083,0.19628450274467468,-1.2150201797485352,0.19618721306324005,-1.2531023025512695,0.1943531632423401,-1.0087739243075051
-1.02494478225708,0.19216065108776093,-1.0482467412948608,0.19159577786922455,-1.0761780738830566,0.20300878584384918,-0.9172146296835499
-0.9818052649497986,0.18899288773536682,-1.0046879053115845,0.18657346069812775,-0.9915274381637573,0.1950078308582306,-0.8761483590329142
-0.8421251773834229,0.18873420357704163,-0.8308032155036926,0.18532200157642365,-0.8301591873168945,0.19428378343582153,-0.7772835288524167
-1.0910106897354126,0.20535598695278168,-1.074851632118225,0.20077112317085266,-1.0557212829589844,0.2024070769548416,-0.7619538968712046
-0.7569575309753418,0.19264928996562958,-0.7294312119483948,0.18661907315254211,-0.7376542091369629,0.18977737426757812,-0.7375489102695705
-0.5940771698951721,0.18792961537837982,-0.6445286273956299,0.18759237229824066,-0.5930905342102051,0.19514892995357513,-0.6903698325741012
-0.686924934387207,0.1902744024991989,-0.7503281831741333,0.1947111189365387,-0.6653103828430176,0.18667776882648468,-0.6345120151091003
-0.4631558656692505,0.1925027221441269,-0.45687246322631836,0.19416822493076324,-0.479347288608551,0.18748605251312256,-0.5421181032660076
-0.39895913004875183,0.197226420044899,-0.44234609603881836,0.2017453908920288,-0.29056140780448914,0.20002497732639313,-0.47886191629596364
-1.2779818773269653,0.1837264746427536,-1.3630385398864746,0.1799803525209427,-1.3518164157867432,0.17796283960342407,-1.207608310501746
-1.2793679237365723,0.18230313062667847,-1.2915199995040894,0.1767832189798355,-1.2873667478561401,0.18797431886196136,-1.1674910872937636
-1.1272542476654053,0.17991989850997925,-1.0693082809448242,0.18883419036865234,-1.0554006099700928,0.18456970155239105,-1.1426675035687315
-1.0266510248184204,0.18453727662563324,-1.0433862209320068,0.18442897498607635,-1.017268180847168,0.1818080097436905,-1.1249387366083
-0.9531532526016235,0.18640504777431488,-0.9093382358551025,0.18870340287685394,-0.9602752923965454,0.1896531581878662,-1.0969100130080565
-0.835130512714386,0.18968838453292847,-0.7996824383735657,0.18371793627738953,-0.8322689533233643,0.18580904603004456,-1.0757207139381184
-0.7063392996788025,0.19926795363426208,-0.6919720768928528,0.19204284250736237,-0.6083115339279175,0.19674085080623627,-1.0604807473813815
-0.8656519651412964,0.1848444789648056,-0.8845725655555725,0.18786393105983734,-0.8581386804580688,0.18275927007198334,-1.0604807473813815
-0.6558588743209839,0.19048893451690674,-0.7214304804801941,0.1882563680410385,-0.7080836892127991,0.18880720436573029,-0.8961962790440432
-0.5853747129440308,0.19450989365577698,-0.5452402830123901,0.21058602631092072,-0.5972559452056885,0.2043924480676651,-0.8761483590329142
-1.6263909339904785,0.19862642884254456,-1.7116484642028809,0.19203653931617737,-1.71014404296875,0.19604888558387756,-1.5686362358410126
-1.3544697761535645,0.1977032572031021,-1.3433127403259277,0.20146168768405914,-1.3348392248153687,0.20806369185447693,-1.3979400086720375
-1.1475218534469604,0.19966652989387512,-1.1428837776184082,0.19702932238578796,-1.144102692604065,0.19819645583629608,-1.3767507096020994
-1.2358348369598389,0.19796299934387207,-1.2445523738861084,0.19571973383426666,-1.3573622703552246,0.19746872782707214,-1.1739251972991736
-0.9804723858833313,0.19644759595394135,-0.9842081069946289,0.19191212952136993,-0.9848591685295105,0.20587590336799622,-0.9136401693252518
-0.7851080894470215,0.19865994155406952,-0.8023079633712769,0.20243413746356964,-0.6899378895759583,0.1967700719833374,-0.8446639625349383
-1.3563926219940186,0.17738701403141022,-1.3356688022613525,0.17737862467765808,-1.324429988861084,0.17740751802921295,-1.1681302257194983
-1.0266510248184204,0.18453727662563324,-1.0762624740600586,0.17984376847743988,-1.0821696519851685,0.17844684422016144,-0.9058784041594385
-0.9247173070907593,0.1833796352148056,-0.8845725655555725,0.18786364793777466,-0.869746208190918,0.18104209005832672,-0.769295686387431
-0.7354950308799744,0.18886639177799225,-0.7214304804801941,0.1882566511631012,-0.7515254020690918,0.19473981857299805,-0.6178027896225463
-0.7978596687316895,0.19908593595027924,-0.5452402830123901,0.21058602631092072,-0.6834437847137451,0.20648616552352905,-0.4514877436589645
-1.3349443674087524,0.18183375895023346,-1.3248839378356934,0.18446220457553864,-1.3359311819076538,0.18821100890636444,-1.207608310501746
-1.073360562324524,0.17811225354671478,-1.049879550933838,0.17811517417430878,-1.0821696519851685,0.17844714224338531,-1.0705810742857071
-1.1712732315063477,0.18657544255256653,-1.2069168090820312,0.17949406802654266,-1.1967051029205322,0.19013026356697083,-0.9706162223147904
-0.8241432309150696,0.1853671669960022,-0.8851849436759949,0.181240975856781,-0.869746208190918,0.18104209005832672,-0.9625735020593764
-1.0947041511535645,0.18471242487430573,-1.1015474796295166,0.17913396656513214,-1.0378918647766113,0.18268634378910065,-0.9172146296835499
-0.672265887260437,0.19175001978874207,-0.7434433698654175,0.19279026985168457,-0.711466908454895,0.1840745508670807,-0.9136401693252518
-0.889639675617218,0.18909792602062225,-0.9061044454574585,0.19134896993637085,-0.8720618486404419,0.18730181455612183,-0.8827287043442358
-0.7674450278282166,0.19341225922107697,-0.7495677471160889,0.19407200813293457,-0.7089360356330872,0.18567411601543427,-0.8386319977650252
-0.7373151183128357,0.19017526507377625,-0.7406221628189087,0.1832398772239685,-0.7043104767799377,0.18622474372386932,-0.8041003475907662
-0.6037193536758423,0.1963561326265335,-0.5452402830123901,0.21058602631092072,-0.6834437847137451,0.20648616552352905,-0.7520267336381934
-0.5565934777259827,0.190043643116951,-0.5549493432044983,0.1908838152885437,-0.555823802947998,0.18778084218502045,-0.7399286120149252
-1.5020625591278076,0.1984757035970688,-1.5810840129852295,0.19059766829013824,-1.524477243423462,0.20093797147274017,-1.4078232426041333
-1.381197214126587,0.19435644149780273,-1.42606520652771,0.1934128999710083,-1.3988211154937744,0.20051009953022003,-1.274905478918531
-1.1776530742645264,0.18795734643936157,-1.1958931684494019,0.1905544400215149,-1.1773765087127686,0.20011219382286072,-1.1897674820049158
-1.3028032779693604,0.193757101893425,-1.2463423013687134,0.1954066902399063,-1.2389085292816162,0.1909538209438324,-1.1706962271689751
-1.0610780715942383,0.20049871504306793,-1.1930220127105713,0.19179852306842804,-1.093709945678711,0.19281944632530212,-1.0741724253752576
-0.898505449295044,0.1955420970916748,-0.845726728439331,0.19272124767303467,-0.8474031686782837,0.20124846696853638,-1.0710923097560472
-1.00053870677948,0.19380684196949005,-0.9899923801422119,0.19216272234916687,-0.9989205002784729,0.20357313752174377,-1.0428718023231869
-0.732782781124115,0.19478896260261536,-0.7003865838050842,0.197740837931633,-0.7047515511512756,0.1918160319328308,-0.8386319977650252
-1.3589293956756592,0.184100940823555,-1.3724133968353271,0.18501129746437073,-1.321866750717163,0.1907142698764801,-1.494850021680094
-1.2619481086730957,0.17528565227985382,-1.2563226222991943,0.18216180801391602,-1.2216918468475342,0.17667736113071442,-1.320572103387881
-1.1504414081573486,0.1847304105758667,-1.164118766784668,0.18280945718288422,-1.1588025093078613,0.17997178435325623,-1.1877553031996309
-1.007560133934021,0.18364116549491882,-0.9811587333679199,0.18493811786174774,-0.9997507333755493,0.17904390394687653,-1.0925886392254138
-1.0792337656021118,0.18914499878883362,-1.1230449676513672,0.19761066138744354,-1.0588760375976562,0.19599519670009613,-1.0639892042847905
-0.929651141166687,0.18553432822227478,-0.9435038566589355,0.1840994656085968,-0.9643820524215698,0.18310987949371338,-0.981715691573469
-0.8369573354721069,0.18211060762405396,-0.800674557685852,0.1822177767753601,-0.8096041679382324,0.1836068332195282,-0.9609826780025881
-0.9494019150733948,0.19358505308628082,-0.9497963786125183,0.18515577912330627,-0.9650890827178955,0.19460703432559967,-0.8507808873446201
-1.3773553371429443,0.18253104388713837,-1.3319250345230103,0.18158763647079468,-1.321866750717163,0.1907140016555786,-1.5451551399914898
-1.2475764751434326,0.18133683502674103,-1.2609410285949707,0.1834588497877121,-1.2216918468475342,0.1766779124736786,-1.5030703519267852
-1.1314294338226318,0.18608543276786804,-1.128505825996399,0.18689116835594177,-1.117570161819458,0.17983053624629974,-1.2700257143004443
-1.0000181198120117,0.1774112433195114,-0.9811587333679199,0.18493811786174774,-1.0066561698913574,0.17949822545051575,-1.1354889189416082
-0.928479790687561,0.18596017360687256,-0.9435038566589355,0.1840994656085968,-0.901004433631897,0.18977436423301697,-0.9867413347164835
-1.3981542587280273,0.1833687126636505,-1.3905515670776367,0.17615845799446106,-1.347383975982666,0.18067826330661774,-1.3316140833099999
-1.2720898389816284,0.18254370987415314,-1.2609410285949707,0.18345855176448822,-1.27000093460083,0.178640678524971,-1.1360826230421395
-1.0200856924057007,0.18313749134540558,-1.0156952142715454,0.17598842084407806,-1.0113797187805176,0.18706992268562317,-0.9669785553170893
-1.1102564334869385,0.19045299291610718,-1.1230449676513672,0.19761066138744354,-1.1164308786392212,0.18742439150810242,-0.9649707177976319
-0.8859782218933105,0.18721726536750793,-0.9656318426132202,0.196738600730896,-0.9650890827178955,0.19460703432559967,-0.8948305720006683
-0.8744029998779297,0.21280105412006378,-0.8690521717071533,0.2140628546476364,-0.8846763372421265,0.2060086727142334,-0.7801536139756393
-0.8720575571060181,0.1878352165222168,-0.8626675605773926,0.1906803846359253,-0.8208729028701782,0.19299888610839844,-0.7775436633207533
-0.6803096532821655,0.2828320860862732,-0.8232511281967163,0.23333494365215302,-0.8606194257736206,0.26287636160850525,-0.6671577330056484
-0.8065973520278931,0.21763867139816284,-0.8668811321258545,0.21125167608261108,-0.8115663528442383,0.23866857588291168,-0.5554867936659571
-0.26482805609703064,0.21176733076572418,-0.274946004152298,0.21431395411491394,-0.35739901661872864,0.23235644400119781,-0.5014137911824823
-0.20531991124153137,0.21727432310581207,-0.3006711006164551,0.20548152923583984,-0.25012731552124023,0.20995408296585083,-0.3949105381184196
-0.2894565463066101,0.21389584243297577,-0.3113781213760376,0.21051578223705292,-0.3118910491466522,0.22019122540950775,-0.3219370950256548
-0.43180662393569946,0.21079590916633606,-0.3959486484527588,0.20355524122714996,-0.6082502007484436,0.23709668219089508,-0.31984585826562695
-0.46885693073272705,0.21139585971832275,-0.49570149183273315,0.21315120160579681,-0.6276381015777588,0.23891720175743103,-0.204815410317576
-0.9024646878242493,0.17978544533252716,-0.8904285430908203,0.17925076186656952,-0.8463312983512878,0.1938536912202835,-1.0920514783877278
-0.8195854425430298,0.1837620586156845,-0.9175155758857727,0.18570329248905182,-0.8134370446205139,0.1916886568069458,-1.056011124926228
-0.851955771446228,0.18271023035049438,-0.8350796699523926,0.1773061901330948,-0.7780847549438477,0.18999096751213074,-0.9913998282380825
-0.8250581622123718,0.1833057403564453,-0.7990469932556152,0.17931345105171204,-0.8127487301826477,0.17739135026931763,-0.8764750190572681
-0.782585620880127,0.1820927858352661,-0.7548002600669861,0.17920517921447754,-0.7020118832588196,0.18784387409687042,-0.7969671129852893
-0.7055063247680664,0.18220266699790955,-0.7098768949508667,0.17929917573928833,-0.7186790704727173,0.17754411697387695,-0.6983190507064237
-0.6688156127929688,0.17639051377773285,-0.6627598404884338,0.17670293152332306,-0.6709442734718323,0.17788471281528473,-0.6080069277402871
-0.6734005808830261,0.1839107871055603,-0.6695249080657959,0.17748181521892548,-0.7168150544166565,0.19040356576442719,-0.5269511949114623
-0.6521225571632385,0.18610160052776337,-0.6339889168739319,0.18622206151485443,-0.6630786657333374,0.18193645775318146,-0.4381833356810425
-0.6206175684928894,0.18769565224647522,-0.5283220410346985,0.18844810128211975,-0.6662393808364868,0.19398914277553558,-0.3617104645857431
-0.576972246170044,0.18925634026527405,-0.5806028842926025,0.18239758908748627,-0.6432441473007202,0.19637446105480194,-0.2847489711211507
-0.8922185897827148,0.1895930916070938,-0.9031053781509399,0.1933150440454483,-0.9803618788719177,0.18513020873069763,-1.2218487496163564
-0.8625633716583252,0.18863743543624878,-0.8767282962799072,0.19280456006526947,-0.913323163986206,0.19046185910701752,-1.2218487496163564
-0.9951671361923218,0.18852955102920532,-0.9685816764831543,0.18230627477169037,-1.008419394493103,0.18779046833515167,-1.1079053973095196
-1.0289692878723145,0.18994387984275818,-1.0701757669448853,0.19269292056560516,-1.028292179107666,0.18824683129787445,-0.906578314837765
-0.5691394209861755,0.19726362824440002,-0.6180501580238342,0.20331525802612305,-0.7173610329627991,0.19610293209552765,-0.36051351073141397
-0.16238534450531006,0.19692452251911163,-0.15202760696411133,0.19329717755317688,-0.09938132762908936,0.2024332880973816,-0.1180450286603995
-0.11486974358558655,0.19550631940364838,-0.11273142695426941,0.20103374123573303,-0.1869359016418457,0.1973678171634674,-0.08039897621588903
-0.08686497807502747,0.19367045164108276,-0.11779814958572388,0.18863506615161896,-0.15204539895057678,0.1960669755935669,-0.0004345117740176917
-0.07017636299133301,0.19391004741191864,-0.06715226173400879,0.18776069581508636,-0.0846586525440216,0.18918554484844208,0.012837224705172217
0.29953521490097046,0.21196849644184113,0.3963841199874878,0.2242412269115448,0.2987802028656006,0.22053036093711853,0.17955179116518774
-1.9607576131820679,0.22857338190078735,-1.9623048305511475,0.22142310440540314,-1.9016926288604736,0.24526116251945496,-2.0861861476162833
-1.9865957498550415,0.3462369441986084,-1.9885257482528687,0.3492436110973358,-1.8399434089660645,0.3727702796459198,-2.070581074285707
-2.036038875579834,0.24774862825870514,-2.039339780807495,0.24395957589149475,-2.051194190979004,0.24645836651325226,-1.9469215565165803
-1.718491554260254,0.22225062549114227,-1.7065671682357788,0.23227855563163757,-1.6775952577590942,0.30451250076293945,-1.8181564120552274
-1.7604222297668457,0.2345636636018753,-1.765141248703003,0.22594325244426727,-1.67233407497406,0.31845712661743164,-1.744727494896694
-1.7234667539596558,0.34757277369499207,-1.6676058769226074,0.35723787546157837,-1.7340425252914429,0.31814274191856384,-1.7212463990471711
-1.5730812549591064,0.2476477026939392,-1.5890275239944458,0.22480101883411407,-1.587348222732544,0.23481199145317078,-1.6073030467403342
-1.5842318534851074,0.2319847047328949,-1.5848455429077148,0.23231464624404907,-1.5831974744796753,0.23764030635356903,-1.6055483191737838
-1.5280529260635376,0.37824028730392456,-1.5510189533233643,0.33694323897361755,-1.5463308095932007,0.3441965579986572,-1.5917600346881504
-0.4231346845626831,0.17752812802791595,-0.4059155583381653,0.18515132367610931,-0.4210563600063324,0.17939269542694092,-0.5673513399868932
-0.4225517511367798,0.1824568808078766,-0.40554654598236084,0.1851462721824646,-0.42061299085617065,0.17938776314258575,-0.505149978319906
-0.4220259189605713,0.18245097994804382,-0.43819114565849304,0.17791815102100372,-0.42013052105903625,0.17938397824764252,-0.4854522473397139
-0.4284713864326477,0.18130089342594147,-0.43769699335098267,0.17791436612606049,-0.46213069558143616,0.18937081098556519,-0.4438181533470888
-0.42049795389175415,0.177499920129776,-0.42753422260284424,0.18226313591003418,-0.4247700572013855,0.17742903530597687,-0.3810110796350664
-0.43855899572372437,0.18362490832805634,-0.40376245975494385,0.18513081967830658,-0.4253564178943634,0.17916975915431976,-0.40538649083990197
-0.4190572500228882,0.1824318915605545,-0.43983688950538635,0.17934532463550568,-0.46060171723365784,0.18936976790428162,-0.38142897187987024
-0.5579044818878174,0.1752466857433319,-0.5474295616149902,0.18260203301906586,-0.5764278769493103,0.1856212168931961,-0.8359447081065484
-0.4209862947463989,0.17749449610710144,-0.40078315138816833,0.18512578308582306,-0.45879819989204407,0.1893789917230606,-0.349401101827343
-0.4334970712661743,0.18367786705493927,-0.4308265447616577,0.17801393568515778,-0.454460471868515,0.18944473564624786,-0.31184724440843364
-0.4221011996269226,0.1818486899137497,-0.4305696487426758,0.17953620851039886,-0.40534985065460205,0.17960937321186066,-0.2977418368379057
-0.5486376881599426,0.18184442818164825,-0.5467292666435242,0.1825917810201645,-0.5750451683998108,0.17555616796016693,-0.7368375350377834
-0.5492590069770813,0.18185436725616455,-0.5799320936203003,0.17641566693782806,-0.5646057724952698,0.17945587635040283,-0.7354182707619226
-0.5873852968215942,0.1825186312198639,-0.5828844904899597,0.17535589635372162,-0.5632802844047546,0.17944195866584778,-0.6219656775426685
-0.5463421940803528,0.18182334303855896,-0.5774336457252502,0.1763751357793808,-0.5635872483253479,0.1759093701839447,-0.5249101966109935
-0.583739697933197,0.18251948058605194,-0.5742498636245728,0.17638246715068817,-0.570885956287384,0.18561555445194244,-0.445389714773836
-0.5934110879898071,0.18050894141197205,-0.5771918296813965,0.18169532716274261,-0.5935266017913818,0.18669429421424866,-0.6029294500405913
-0.5851908326148987,0.18250876665115356,-0.5425465106964111,0.18256473541259766,-0.5601720213890076,0.17942887544631958,-0.4628107737563554
-0.5376369953155518,0.18192461133003235,-0.5727083086967468,0.17546099424362183,-0.584267795085907,0.1867716759443283,-0.4103854593687336
-0.582737386226654,0.1805858612060547,-0.5769554972648621,0.1771213561296463,-0.5683012008666992,0.18568214774131775,-0.43806423668621863
-0.6979504823684692,0.17997068166732788,-0.7304005026817322,0.17610324919223785,-0.6951779127120972,0.17726212739944458,-1.2724587429714436
-0.7384728789329529,0.18309733271598816,-0.7291357517242432,0.17475120723247528,-0.7347792387008667,0.17898663878440857,-0.9738754832545498
-0.738231360912323,0.18308919668197632,-0.754084587097168,0.17762406170368195,-0.6946378946304321,0.17723678052425385,-0.8965383779052951
-0.7631092667579651,0.18088789284229279,-0.7462950944900513,0.17758028209209442,-0.758296549320221,0.18458051979541779,-0.6831912479469778
-0.7935785055160522,0.18121810257434845,-0.7578858733177185,0.1814059466123581,-0.7593784928321838,0.18543042242527008,-0.6895191085373249
-0.7941074967384338,0.18122658133506775,-0.7756624221801758,0.18168297410011292,-0.7341011762619019,0.17897239327430725,-0.732593581247096
-0.7353244423866272,0.18302060663700104,-0.7255144119262695,0.17602139711380005,-0.7303410768508911,0.17891882359981537,-0.6613443344212997
-0.7368265986442566,0.1830492615699768,-0.7276679277420044,0.17604829370975494,-0.6931443810462952,0.1771790236234665,-0.7160207157615202
-0.7877011299133301,0.18116633594036102,-0.7246495485305786,0.17601589858531952,-0.7734415531158447,0.17549408972263336,-0.5895602137896534
-0.7573679089546204,0.18099752068519592,-0.7597682476043701,0.18175706267356873,-0.7650774717330933,0.1755962371826172,-0.5151309672795976
-0.9346620440483093,0.18568746745586395,-0.9162619709968567,0.17993073165416718,-0.932132363319397,0.19002890586853027,-1.2006594505464183
-0.9916832447052002,0.18570689857006073,-0.9725514054298401,0.18485932052135468,-0.9588751792907715,0.18023787438869476,-0.9366666410482505
-0.9611192941665649,0.17958101630210876,-0.9889456033706665,0.18160447478294373,-0.9858101606369019,0.18033213913440704,-0.9310723883179282
-0.9316126704216003,0.18567799031734467,-0.9132289886474609,0.1799052655696869,-0.957075297832489,0.18022125959396362,-0.9329291439546299
-0.9302648305892944,0.1856866031885147,-0.9900022745132446,0.18564841151237488,-0.9284807443618774,0.19003276526927948,-0.8804142250382161
-0.9852033853530884,0.1858038604259491,-0.9840278625488281,0.1857466697692871,-0.9743430614471436,0.1804659515619278,-0.8063189704587185
-0.9581420421600342,0.17960017919540405,-0.9823430776596069,0.18171849846839905,-0.9654419422149658,0.18932723999023438,-0.870310107800699
-0.6063192486763,0.21964038908481598,-0.5110740661621094,0.23563119769096375,-0.587748646736145,0.22611753642559052,-0.24382048315619081
-0.28584742546081543,0.2327282875776291,-0.5064264535903931,0.20407900214195251,-0.5087022185325623,0.20772401988506317,-0.5757719293040201
-0.31080830097198486,0.24280399084091187,-0.607515811920166,0.23430627584457397,-0.470744252204895,0.21671181917190552,-0.8024437868464636
0.3094463348388672,0.1947939693927765,0.3177120089530945,0.19455064833164215,0.29045337438583374,0.20187482237815857,0.20954496696099478
0.3779767155647278,0.1864480823278427,0.408203661441803,0.18665386736392975,0.3890463709831238,0.18180744349956512,0.3979400086720376
0.3687402009963989,0.1839776188135147,0.351371169090271,0.1874324381351471,0.36922770738601685,0.18189242482185364,0.3010299956639812
0.5368437767028809,0.19363124668598175,0.5582094192504883,0.1944652646780014,0.5253713130950928,0.19713254272937775,0.47712125471966244
0.6723343729972839,0.19671587646007538,0.663770318031311,0.19601701200008392,0.6355084180831909,0.19156694412231445,0.6232492903979004
0.35133570432662964,0.18474088609218597,0.38352781534194946,0.18881554901599884,0.361014723777771,0.19636455178260803,0.5026753592168675
0.3604276776313782,0.19149892032146454,0.4440077543258667,0.19601546227931976,0.4324275255203247,0.19325417280197144,0.6142258984213878
0.18468326330184937,0.1961575746536255,0.17877662181854248,0.19363605976104736,0.16076874732971191,0.18596389889717102,0.012234456597967703
0.36105698347091675,0.18928037583827972,0.37146133184432983,0.18874531984329224,0.31149786710739136,0.19844678044319153,0.4589541980511784
0.15677446126937866,0.21536317467689514,0.1463431715965271,0.20437175035476685,0.11930298805236816,0.218671053647995,-0.05270635037590795
0.35331791639328003,0.19752764701843262,0.32673317193984985,0.19790294766426086,0.3118051290512085,0.2028203159570694,0.6447740602880089
-0.1374480128288269,0.49789124727249146,-0.18710142374038696,0.45883914828300476,-0.11784619092941284,0.45316800475120544,0.018284308426530838
-0.09983515739440918,0.24512097239494324,0.009235978126525879,0.23344017565250397,-0.14237338304519653,0.25007128715515137,-0.11019661859479678
0.06234794855117798,0.18162700533866882,0.05980271100997925,0.1825687140226364,0.029577553272247314,0.18692690134048462,-0.10902040301031106
0.033340275287628174,0.18126772344112396,0.05723583698272705,0.18273040652275085,0.07805091142654419,0.1753496378660202,-0.0940899092677171
0.050218939781188965,0.17621317505836487,0.0395321249961853,0.17638923227787018,0.05980139970779419,0.18547238409519196,-0.02410886359820726
0.042863309383392334,0.1822413057088852,0.050917625427246094,0.1757744401693344,0.015713870525360107,0.17936520278453827,0.02720896819997141
0.042376816272735596,0.18058757483959198,0.07028794288635254,0.17508387565612793,0.03774213790893555,0.1768442541360855,0.0998044433041503
0.050218939781188965,0.17621345818042755,0.05723583698272705,0.18273040652275085,0.03774213790893555,0.1768442541360855,0.10788802518279862
0.050218939781188965,0.17621345818042755,0.0395321249961853,0.17638951539993286,0.05980139970779419,0.18547238409519196,0.10872827931360363
0.08480733633041382,0.18229688704013824,0.08785104751586914,0.17663636803627014,0.08491641283035278,0.17713618278503418,0.20969985999055984
0.2616657614707947,0.18945817649364471,0.30934977531433105,0.19138066470623016,0.2817075848579407,0.194939985871315,0.2916899695184114
0.1414298415184021,0.18468371033668518,0.16093826293945312,0.1858455091714859,0.11114829778671265,0.18079452216625214,0.29868372048608793
0.14253288507461548,0.1872151643037796,0.16717875003814697,0.18338574469089508,0.1415642499923706,0.19200249016284943,0.3865604630023305
0.4039376974105835,0.19530177116394043,0.37907475233078003,0.19415521621704102,0.3818656802177429,0.18996013700962067,0.42679297715690084
0.5147857666015625,0.2079923301935196,0.57240229845047,0.2041584849357605,0.5472336411476135,0.20585954189300537,0.5616232851850957
0.44257062673568726,0.22406929731369019,0.4579629898071289,0.22534804046154022,0.4519205689430237,0.2277681529521942,0.6784270455926749
0.19102585315704346,0.19434794783592224,0.18191814422607422,0.18989238142967224,0.1911991834640503,0.18377095460891724,-0.032750908104465355
0.09892851114273071,0.20498736202716827,0.22586631774902344,0.1932401955127716,0.14766931533813477,0.19185806810855865,0.09344450148434116
0.06880629062652588,0.2307172566652298,0.10377222299575806,0.20803195238113403,0.11021852493286133,0.21739766001701355,0.2741879469074017
0.23324811458587646,0.26086533069610596,0.36041390895843506,0.2682890295982361,0.3290903568267822,0.24744494259357452,-0.09691001300805639
-0.254853755235672,0.23322069644927979,-0.2229558527469635,0.2323821634054184,-0.22411173582077026,0.22607766091823578,-0.6540944148984977
-0.3497473895549774,0.21312633156776428,-0.30916738510131836,0.2080572545528412,-0.38128674030303955,0.20898306369781494,-0.41718857281470545
-0.3499053120613098,0.19950173795223236,-0.3364180624485016,0.19751998782157898,-0.3269920349121094,0.20124515891075134,-0.1985984779267072
-0.11597242951393127,0.18388332426548004,-0.1589221954345703,0.1799740344285965,-0.12187933921813965,0.17806224524974823,-0.2146397853729054
-0.14831027388572693,0.18331530690193176,-0.16162577271461487,0.1811172366142273,-0.1418309509754181,0.178635373711586,-0.190814516175901
-0.27354931831359863,0.18439579010009766,-0.3177975118160248,0.19331800937652588,-0.27403396368026733,0.18965990841388702,-0.15039634191755286
-0.1303282380104065,0.1846340149641037,-0.11270254850387573,0.17611713707447052,-0.13738590478897095,0.18967317044734955,-0.14232110129794023
-0.13397744297981262,0.1846807897090912,-0.16355013847351074,0.18586444854736328,-0.14016315340995789,0.18970821797847748,-0.12816770699777874
-0.11843743920326233,0.18245096504688263,-0.1605292558670044,0.1858443021774292,-0.13842442631721497,0.18608371913433075,-0.11383085524925907
-0.11011061072349548,0.1823054850101471,-0.11281535029411316,0.180351123213768,-0.11907732486724854,0.18969795107841492,-0.056615418038935474
-0.07215413451194763,0.18570244312286377,-0.08408704400062561,0.1810956448316574,-0.060526490211486816,0.17838676273822784,-0.009759837190452963
-0.06414198875427246,0.1790771335363388,-0.09045019745826721,0.18793918192386627,-0.0718798041343689,0.1829793006181717,0.056481355994818405
0.12701451778411865,0.19285587966442108,0.12680131196975708,0.18496645987033844,0.08239370584487915,0.19101834297180176,0.07332889545891551
0.22985994815826416,0.19107255339622498,0.2392256259918213,0.19952672719955444,0.20769119262695312,0.19664986431598663,0.2008731699685176
0.35111916065216064,0.21298068761825562,0.36699074506759644,0.20947927236557007,0.38945209980010986,0.21385544538497925,0.34436172657723013
-0.49691030383110046,0.23708084225654602,-0.45779281854629517,0.23599150776863098,-0.42737364768981934,0.2447132170200348,-0.549750891680639
0.056034207344055176,0.297886461019516,0.006913125514984131,0.29765012860298157,0.09982770681381226,0.28508520126342773,-0.15946553349396328
-0.15360349416732788,0.19338391721248627,-0.13073375821113586,0.19390825927257538,-0.1435140073299408,0.20452158153057098,-0.3295610847005251
-0.0045081377029418945,0.20771531760692596,-0.015288949012756348,0.21671369671821594,-0.019267261028289795,0.2066577821969986,-0.22944593116250397
-0.7687334418296814,0.19085995852947235,-0.8127059936523438,0.1891842782497406,-0.7426251769065857,0.19563132524490356,-0.5673432138807175
-0.5136396884918213,0.18926674127578735,-0.6289962530136108,0.19153359532356262,-0.5166212320327759,0.1839754283428192,-0.5673432138807175
-0.48678290843963623,0.20185692608356476,-0.4678216576576233,0.1987399160861969,-0.49438080191612244,0.203510582447052,-0.5668017296418394
-0.7573574781417847,0.1890466809272766,-0.8379864692687988,0.1874171793460846,-0.7639709711074829,0.19397392868995667,-0.5439418434658778
-0.5127060413360596,0.19235894083976746,-0.5513156652450562,0.19022639095783234,-0.5804886221885681,0.19225312769412994,-0.5364868325165151
-0.5773633122444153,0.18632930517196655,-0.6771405339241028,0.180517315864563,-0.5829721689224243,0.18155260384082794,-0.5220284204377136
-0.47826313972473145,0.19221101701259613,-0.5575989484786987,0.1886530965566635,-0.45491141080856323,0.186135396361351,-0.48030556772065525
-0.3075021505355835,0.18886888027191162,-0.1281176507472992,0.18743018805980682,-0.3304520845413208,0.18468527495861053,-0.4782325591977878
0.04163914918899536,0.19217003881931305,0.2247302532196045,0.18975314497947693,0.0037754178047180176,0.186239555478096,-0.4782325591977878
-0.35057199001312256,0.19317609071731567,-0.3253965973854065,0.19836100935935974,-0.3632335066795349,0.1989770233631134,-0.37724747181484225
-0.6573651432991028,0.18678458034992218,-0.6031140089035034,0.1894134283065796,-0.5904284119606018,0.19127629697322845,-0.3637862560548609
-0.3796510398387909,0.18999841809272766,-0.38688552379608154,0.1825159788131714,-0.394561767578125,0.19362251460552216,-0.363176161897659
-0.5048518180847168,0.17933009564876556,-0.5375514626502991,0.17983675003051758,-0.4235273599624634,0.18103043735027313,-0.3226854669471636
-0.3402458727359772,0.1923743188381195,-0.10175490379333496,0.1864468902349472,-0.3233187198638916,0.1940511167049408,-0.31188586422845
-0.20479339361190796,0.1820697784423828,-0.044333815574645996,0.1896381378173828,-0.07979071140289307,0.1828751266002655,-0.23669085465312154
-0.05020326375961304,0.1945873349905014,-0.04931282997131348,0.19950182735919952,-0.02729696035385132,0.20337343215942383,-0.23584875541481853
-0.16399937868118286,0.18674059212207794,-0.2762971818447113,0.18173862993717194,-0.2264951467514038,0.18361172080039978,-0.21059351575741816
-0.3326740562915802,0.18905016779899597,-0.29295453429222107,0.1814301311969757,-0.27807849645614624,0.18465422093868256,-0.17810148138083345
-0.6891636848449707,0.20039331912994385,-0.7272872924804688,0.19837570190429688,-0.7456871867179871,0.2064150720834732,-0.6731357992302842
-0.5512736439704895,0.18175244331359863,-0.5318693518638611,0.18970124423503876,-0.5559220314025879,0.1940612941980362,-0.5174837133936314
-0.5913180708885193,0.19191475212574005,-0.5318693518638611,0.18970124423503876,-0.5380100607872009,0.18491117656230927,-0.5127247457235133
-0.4258430600166321,0.19575756788253784,-0.46428707242012024,0.19482433795928955,-0.5836549401283264,0.2076147049665451,-0.36751005293249434
-0.41060078144073486,0.19070680439472198,-0.38574984669685364,0.19381321966648102,-0.4924652874469757,0.19966477155685425,-0.3360636208328832
-0.49923595786094666,0.205265074968338,-0.4704839587211609,0.20689891278743744,-0.5650817155838013,0.2191600352525711,-0.21489988991379247
-0.15544393658638,0.19631578028202057,-0.14624443650245667,0.1985078603029251,-0.12169337272644043,0.19006311893463135,-0.2006594505464183
0.0023931264877319336,0.20193064212799072,-0.027828514575958252,0.20489880442619324,-0.019960999488830566,0.21011848747730255,-0.10065836056122002
-0.2655387222766876,0.2193812131881714,-0.23573002219200134,0.22548715770244598,-0.2506946623325348,0.22326958179473877,-0.3554207484911977
-0.17191392183303833,0.22280021011829376,-0.16794157028198242,0.21699881553649902,-0.16974321007728577,0.21416224539279938,-0.3554207484911977
-0.18904250860214233,0.24143360555171967,-0.07871109247207642,0.3014942407608032,-0.22286337614059448,0.25526148080825806,-0.26991019520209963
-0.10947197675704956,0.26074710488319397,-0.04003262519836426,0.32509323954582214,-0.16957548260688782,0.2484740912914276,-0.23785753639708654
-0.17257317900657654,0.20209354162216187,-0.21207520365715027,0.20192797482013702,-0.20947852730751038,0.1954641491174698,-0.18008021432001875
-0.1202143132686615,0.19927653670310974,-0.10125419497489929,0.19667291641235352,-0.15504100918769836,0.2036346197128296,-0.18008021432001875
-0.14441034197807312,0.2548762261867523,-0.059773385524749756,0.2248610258102417,-0.055969953536987305,0.2221071422100067,-0.09815263024360253
-0.04804873466491699,0.21883362531661987,0.021799802780151367,0.24834445118904114,-0.05370992422103882,0.22189243137836456,-0.04880129982362428
-0.0659489631652832,0.19777651131153107,-0.08573997020721436,0.1978190392255783,-0.06877094507217407,0.19370007514953613,0.05712248842824465
-0.002861917018890381,0.19725768268108368,-0.026674211025238037,0.20211753249168396,-0.02543848752975464,0.19288861751556396,0.05712248842824465
0.07002800703048706,0.19571927189826965,0.0695047378540039,0.19161683320999146,0.1093396544456482,0.2051747739315033,0.12913723733660182
-0.04956984519958496,0.2938587963581085,0.12293732166290283,0.21817313134670258,0.07396656274795532,0.24481390416622162,0.13353890837021754
0.11267048120498657,0.20126816630363464,0.10755270719528198,0.19573038816452026,0.1366007924079895,0.19477692246437073,0.14221063358277364
0.13706374168395996,0.21206410229206085,0.1262088418006897,0.20494727790355682,0.1357068419456482,0.21506190299987793,0.1549019601160315
-0.030659198760986328,0.32095009088516235,0.14165866374969482,0.21974080801010132,0.1248597502708435,0.2624342739582062,0.23811782207002763
0.09144794940948486,0.2535386085510254,0.1761106252670288,0.22810590267181396,0.17923879623413086,0.22044624388217926,0.2516729764842136
-0.31006959080696106,0.17855481803417206,-0.31080788373947144,0.17881712317466736,-0.31702300906181335,0.1807539016008377,-0.43593532675574675
-0.2683536410331726,0.18423087894916534,-0.2753433883190155,0.17975479364395142,-0.2975672781467438,0.17736686766147614,-0.37794337977806003
-0.23319542407989502,0.17783822119235992,-0.2263507843017578,0.1800915002822876,-0.23437738418579102,0.18798239529132843,-0.30330976191773606
-0.19032981991767883,0.17904803156852722,-0.2181279957294464,0.17881160974502563,-0.21502149105072021,0.18149974942207336,-0.25984406809506666
-0.2564619779586792,0.18504305183887482,-0.2700226902961731,0.180106982588768,-0.25598952174186707,0.18828663229942322,-0.25984406809506666
-0.16005593538284302,0.18655860424041748,-0.18602564930915833,0.17957831919193268,-0.19564148783683777,0.1795181930065155,-0.19289727823873853
-0.1386268436908722,0.18540345132350922,-0.15934735536575317,0.1788850575685501,-0.16036108136177063,0.17832380533218384,-0.18412335409374816
-0.14671048521995544,0.18602576851844788,-0.16127151250839233,0.17982853949069977,-0.1339518129825592,0.18071861565113068,-0.13490533168426733
-0.07037830352783203,0.1873561292886734,-0.05782192945480347,0.18610425293445587,-0.03292512893676758,0.17968808114528656,-0.057018555768558576
-0.02019810676574707,0.17886795103549957,-0.013401985168457031,0.18444889783859253,-0.0033478736877441406,0.18972115218639374,-0.0022797662537548664
-0.02626723051071167,0.1879325807094574,-0.06059008836746216,0.18221433460712433,-0.060544610023498535,0.18401816487312317,-0.0022797662537548664
0.06340789794921875,0.18912269175052643,0.05342710018157959,0.18418845534324646,0.0414581298828125,0.18485821783542633,0.1887886487863785
0.0664631724357605,0.18137122690677643,0.057808518409729004,0.18127422034740448,0.022104322910308838,0.18266260623931885,0.21727718662459572
0.08036160469055176,0.18531258404254913,0.07859659194946289,0.1819603592157364,0.06328511238098145,0.18448927998542786,0.2374805726051551
0.1679002046585083,0.1878778636455536,0.16749662160873413,0.18604090809822083,0.1745365858078003,0.18364891409873962,0.3210266241432076
-0.3271293044090271,0.18194222450256348,-0.30240654945373535,0.1809435486793518,-0.3071845471858978,0.18756304681301117,-0.43365556050427767
-0.2683536410331726,0.18423087894916534,-0.2809237539768219,0.1775263547897339,-0.2875319719314575,0.17756320536136627,-0.40952188145660656
-0.29485780000686646,0.19532769918441772,-0.3288494944572449,0.20521515607833862,-0.27619725465774536,0.19138652086257935,-0.28752752499443957
-0.18176227807998657,0.18602721393108368,-0.21509018540382385,0.18602238595485687,-0.17038515210151672,0.1796119660139084,-0.26172026169580764
-0.23689046502113342,0.19673077762126923,-0.21210631728172302,0.19463156163692474,-0.26117321848869324,0.18992897868156433,-0.22184874961635637
-0.17512020468711853,0.1960614174604416,-0.22221258282661438,0.20674769580364227,-0.1924058496952057,0.20439904928207397,-0.043225153994780684
-0.7502890825271606,0.1994480937719345,-0.7667397260665894,0.19982735812664032,-0.762941837310791,0.1969960331916809,-0.7851066557945373
-0.7954970598220825,0.19407007098197937,-0.8300833702087402,0.1844550520181656,-0.8415127992630005,0.20164379477500916,-0.722958751163961
-0.7384886741638184,0.1955568790435791,-0.6695367097854614,0.20361007750034332,-0.795204758644104,0.20351918041706085,-0.6772012592264116
-0.5559794902801514,0.19892266392707825,-0.47243720293045044,0.20633521676063538,-0.501383900642395,0.19557040929794312,-0.6202964085421426
-0.6889764070510864,0.18691761791706085,-0.6730642914772034,0.19090519845485687,-0.6854140162467957,0.18570448458194733,-0.5699912891267562
-0.6618410348892212,0.19018903374671936,-0.6555565595626831,0.18643273413181305,-0.6474494338035583,0.19039537012577057,-0.5436623518281054
-0.6214958429336548,0.18813195824623108,-0.5832245945930481,0.18743324279785156,-0.5924786925315857,0.18778176605701447,-0.5128484034985583
-0.4388871490955353,0.193502277135849,-0.4003514051437378,0.19854402542114258,-0.353529155254364,0.19258159399032593,-0.44167281265507613
-0.3101522624492645,0.19688087701797485,-0.26085615158081055,0.20554544031620026,-0.3291431963443756,0.19450482726097107,-0.44167281265507613
-0.5010610818862915,0.18499068915843964,-0.4608307182788849,0.18199360370635986,-0.47308051586151123,0.1838698536157608,-0.4171298720129916
-0.45244044065475464,0.1896665394306183,-0.4343239963054657,0.18722711503505707,-0.4752294421195984,0.1968815177679062,-0.41238343639646746
-0.4050763249397278,0.18112502992153168,-0.4079919755458832,0.1837742030620575,-0.4425818920135498,0.19127294421195984,-0.37617126356243036
-0.23506000638008118,0.1914375126361847,-0.2282625138759613,0.19412614405155182,-0.17876377701759338,0.18961963057518005,-0.31926641287816143
-0.33917292952537537,0.19670072197914124,-0.3127760589122772,0.19367584586143494,-0.3651980757713318,0.19571217894554138,-0.315473423388411
-0.16197937726974487,0.19305138289928436,-0.18449604511260986,0.18554015457630157,-0.21633380651474,0.1910526007413864,-0.26896129426953747
-0.35426533222198486,0.19024091958999634,-0.3884721100330353,0.19014181196689606,-0.3875190019607544,0.1942334771156311,-0.2588999686003586
-0.293651282787323,0.1906834989786148,-0.33768048882484436,0.19069169461727142,-0.3193216025829315,0.19004885852336884,-0.22388291929572948
-0.1449185311794281,0.19624167680740356,-0.14987626671791077,0.19326162338256836,-0.12458732724189758,0.19917546212673187,-0.2059095481953826
-0.043790340423583984,0.19002719223499298,0.019052743911743164,0.187225803732872,-0.0467301607131958,0.1866157352924347,-0.17477413944980896
0.13850843906402588,0.19524477422237396,0.08297044038772583,0.19651250541210175,0.13788127899169922,0.1912722885608673,-0.07297520638854585
-0.44392672181129456,0.1820211410522461,-0.39870989322662354,0.18512114882469177,-0.3536711037158966,0.19231337308883667,-0.6624810797307943
-0.31230971217155457,0.1894044131040573,-0.33541402220726013,0.1913769394159317,-0.2722184658050537,0.194000244140625,-0.39621318991009125
-0.3775932192802429,0.1907380074262619,-0.43819430470466614,0.19235947728157043,-0.34631654620170593,0.19457562267780304,-0.3670549603402514
-0.43965548276901245,0.1944337636232376,-0.4090348482131958,0.19793608784675598,-0.45254701375961304,0.20121261477470398,-0.18908769670424455
-0.08268728852272034,0.1959817111492157,-0.043308794498443604,0.18580755591392517,-0.055373817682266235,0.18976528942584991,-0.07456873835349831
0.09582781791687012,0.19846725463867188,0.07344180345535278,0.19243310391902924,0.1473270058631897,0.1992012858390808,0.0748339177218644
-0.07914674282073975,0.40086880326271057,-0.26620835065841675,0.42860379815101624,-0.19506993889808655,0.40473976731300354,0.2576785748691845
-1.2625348567962646,0.5089275240898132,-0.9905771017074585,0.49680954217910767,-1.0860018730163574,0.5067769289016724,-1.5003129173815961
-0.3432513475418091,0.1802121102809906,-0.3326440751552582,0.187547966837883,-0.35868391394615173,0.19153104722499847,-0.5305655741017337
-0.33138585090637207,0.18794743716716766,-0.30657508969306946,0.17979879677295685,-0.32311102747917175,0.18319906294345856,-0.48734042036666403
0.13889169692993164,0.18298625946044922,0.1615315079689026,0.18520884215831757,0.13017654418945312,0.18902555108070374,0.019744058234361095
-0.06047028303146362,0.18613921105861664,-0.06743854284286499,0.17982174456119537,-0.06295746564865112,0.17923325300216675,0.03862940243005338
-0.06047028303146362,0.18613921105861664,-0.04532581567764282,0.17873868346214294,-0.06295746564865112,0.17923325300216675,0.05570015009757078
-0.14630797505378723,0.18167950212955475,-0.10152480006217957,0.1812879592180252,-0.12235864996910095,0.18212151527404785,0.07410172065459913
-0.08031648397445679,0.1876109391450882,-0.1639840304851532,0.18854551017284393,-0.14042750000953674,0.1919894516468048,0.0867343840878274
0.13084644079208374,0.18393903970718384,0.06766527891159058,0.1790759414434433,0.13017654418945312,0.18902555108070374,0.10145764084925507
0.18715178966522217,0.18992307782173157,0.20282632112503052,0.1901889443397522,0.1679266095161438,0.19286586344242096,0.13738355598158747
0.1164059042930603,0.18178026378154755,0.06347060203552246,0.18396593630313873,0.12679117918014526,0.18197831511497498,0.14285032585119986
0.32180535793304443,0.18608349561691284,0.2663792371749878,0.18141336739063263,0.34644192457199097,0.18137101829051971,0.35673014595256114
0.27864205837249756,0.18667177855968475,0.36627084016799927,0.18247351050376892,0.30061405897140503,0.18582402169704437,0.3621667389433875
0.11859124898910522,0.18046461045742035,0.13676953315734863,0.1866380125284195,0.17075896263122559,0.18192972242832184,0.3959153221015643
0.11859124898910522,0.18046461045742035,0.17079579830169678,0.17943674325942993,0.17964506149291992,0.1800341159105301,0.402487636341328
0.35944420099258423,0.18489736318588257,0.33019155263900757,0.18622218072414398,0.35953545570373535,0.18793851137161255,0.40792422959837915
0.35944420099258423,0.18489736318588257,0.31422698497772217,0.17751911282539368,0.3569185137748718,0.18934915959835052,0.42367693550131325
0.4157595634460449,0.1901126652956009,0.45755380392074585,0.1831556111574173,0.38908565044403076,0.18401402235031128,0.43841355180382857
0.3133557438850403,0.1820136308670044,0.37148886919021606,0.190169095993042,0.3911855220794678,0.19311490654945374,0.45041118880476105
0.6179455518722534,0.18401378393173218,0.62752765417099,0.18103227019309998,0.5615835785865784,0.183465838432312,0.5688190582016213
0.640345573425293,0.1846941113471985,0.62752765417099,0.1810319721698761,0.5615835785865784,0.183465838432312,0.5706515271279107
0.4147040843963623,0.18887361884117126,0.4439544677734375,0.1846880167722702,0.484591543674469,0.1876828968524933,0.5918408261255956
0.4561181664466858,0.19179216027259827,0.3771902918815613,0.19030073285102844,0.41769981384277344,0.19523219764232635,0.5928193346280735
0.8148013353347778,0.1856631636619568,0.7709488272666931,0.17822566628456116,0.7761001586914062,0.188899964094162,0.6020599913279624
0.8092613220214844,0.18311715126037598,0.7459989786148071,0.17955967783927917,0.7635631561279297,0.1781529188156128,0.6045776475542296
0.8711092472076416,0.19213072955608368,0.8130890130996704,0.18979378044605255,0.77992182970047,0.18504157662391663,0.6537201637344713
0.8711092472076416,0.19213072955608368,0.8254565596580505,0.18307781219482422,0.8103573322296143,0.1931646317243576,0.6543332743528781
0.7031711339950562,0.1862916350364685,0.7448813319206238,0.18813128769397736,0.7299482822418213,0.18108537793159485,0.716779562789475
0.7270436882972717,0.18867208063602448,0.7983657717704773,0.18333598971366882,0.7289366722106934,0.19174551963806152,0.7177580712363735
0.9607603549957275,0.18968813121318817,1.0087785720825195,0.18404167890548706,0.9269631505012512,0.18440495431423187,0.7713652610266729
0.9607603549957275,0.18968838453292847,1.0087785720825195,0.18404167890548706,0.9269631505012512,0.184404656291008,0.7735554986752439
0.9498009085655212,0.19394329190254211,0.9257317185401917,0.1829359084367752,0.9299933314323425,0.1938449889421463,0.8391802340934329
0.9498009085655212,0.19394329190254211,0.9608252644538879,0.19116733968257904,0.9196722507476807,0.18481849133968353,0.8392879937259277
-1.2316129207611084,0.1984715312719345,-1.122268557548523,0.19543978571891785,-1.091598391532898,0.20566673576831818,-1.1479042951635552
-0.9814246892929077,0.19711382687091827,-1.0641095638275146,0.18742908537387848,-0.9349392652511597,0.20232230424880981,-0.8801556840976107
-0.6724038124084473,0.193339541554451,-0.5494915843009949,0.18563754856586456,-0.6960985660552979,0.18453294038772583,-0.6731627406462152
-0.9908087253570557,0.19544728100299835,-1.1053411960601807,0.1863359808921814,-0.9427511692047119,0.19551268219947815,-0.5107298561200614
-0.48649150133132935,0.20386143028736115,-0.3649131953716278,0.19626930356025696,-0.43764960765838623,0.2058251053094864,-0.45036054564177946
-0.7117105722427368,0.19173076748847961,-0.7255523204803467,0.18971198797225952,-0.632912814617157,0.19646061956882477,-0.382063246595471
-0.08863884210586548,0.20519345998764038,-0.16340339183807373,0.20052006840705872,-0.0702718198299408,0.2037387490272522,-0.17378730411854268
0.4046170115470886,0.20704594254493713,0.6143271327018738,0.20008566975593567,0.4573347568511963,0.20650282502174377,-0.00464490510180156
0.7427341341972351,0.1934838593006134,0.8226798176765442,0.19938325881958008,0.7369688749313354,0.202752023935318,0.14081549858019046
-0.5770243406295776,0.21121050417423248,-0.5421860814094543,0.21021543443202972,-0.4761500954627991,0.20230939984321594,-0.37405093261531086
-0.3800744414329529,0.21255388855934143,-0.29037901759147644,0.1992015838623047,-0.27271002531051636,0.21211060881614685,-0.07918124622134262
0.271659791469574,0.20624834299087524,0.23434513807296753,0.2075245976448059,0.21654075384140015,0.21073158085346222,0.09483700436856744
0.42958366870880127,0.21259602904319763,0.3989260792732239,0.2156759351491928,0.40902191400527954,0.20420902967453003,0.14575858060501137
-1.7685699462890625,0.249437153339386,-1.8380300998687744,0.22555659711360931,-1.8283249139785767,0.2290627658367157,-1.9348818236147542
-1.7753159999847412,0.22801929712295532,-1.8463313579559326,0.20764732360839844,-1.8548967838287354,0.21942342817783356,-1.895492813274615
-1.8419147729873657,0.2102508246898651,-1.8457318544387817,0.20418532192707062,-1.8492059707641602,0.20250087976455688,-1.8072030556357017
-1.8301658630371094,0.22905418276786804,-1.8162801265716553,0.22555707395076752,-1.8189506530761719,0.24155594408512115,-1.7911162164932428
-0.9971417188644409,0.6060017347335815,-0.9357061386108398,0.5763725638389587,-0.9792396426200867,0.5487645864486694,-0.788779678628101
-1.2248344421386719,0.2540401220321655,-1.1012823581695557,0.28913232684135437,-1.2014365196228027,0.23691792786121368,-1.56330740763222
-1.0295277833938599,0.2839527130126953,-1.0402379035949707,0.26245033740997314,-1.0756422281265259,0.2767638564109802,-1.3802112382372502
-1.3304243087768555,0.23450785875320435,-1.0991605520248413,0.24533449113368988,-1.380637288093567,0.223402738571167,-1.2952776639176893
-1.181134581565857,0.23008021712303162,-1.220552921295166,0.19752131402492523,-1.2667236328125,0.21925245225429535,-1.1249387366083
-1.0754914283752441,0.20108331739902496,-1.1355202198028564,0.21421551704406738,-1.118410587310791,0.20226845145225525,-1.019239356472449
-0.8689543008804321,0.2259577363729477,-0.8688852190971375,0.21570469439029694,-0.8628424406051636,0.22497661411762238,-0.9293465481015439
-1.0728907585144043,0.23925654590129852,-1.1105188131332397,0.2640587389469147,-1.007240891456604,0.23181931674480438,-0.8950578929448503
-0.9309669733047485,0.29650378227233887,-0.9357224702835083,0.30440738797187805,-0.9260014295578003,0.28802934288978577,-0.6376432079739655
-0.5883432626724243,0.4942223131656647,-0.4676547646522522,0.480230450630188,-0.4398898482322693,0.4881032705307007,-0.8216872802856242
-0.5500272512435913,0.4902384579181671,-0.5114619135856628,0.47937825322151184,-0.5431958436965942,0.48675715923309326,-0.5118833605445798
-0.3978120684623718,0.37122324109077454,-0.4541368782520294,0.3770531713962555,-0.41572850942611694,0.37386974692344666,-0.3475305054175338
-0.7036406397819519,0.47938692569732666,-0.6849656105041504,0.47197461128234863,-0.7038122415542603,0.48109492659568787,-0.7627569238267898
-0.6422525644302368,0.35614320635795593,-0.525529146194458,0.3506915271282196,-0.6640774011611938,0.35436442494392395,-0.5243737366068995
-0.6111265420913696,0.3314639925956726,-0.5947129726409912,0.3490503430366516,-0.60507732629776,0.3299359381198883,-0.43046923305259943
-0.43262672424316406,0.2745000422000885,-0.31097978353500366,0.23189154267311096,-0.26530206203460693,0.2374405562877655,-0.3457936767490851
-0.5547431111335754,0.20824645459651947,-0.4958947002887726,0.21161384880542755,-0.4771299362182617,0.2073543518781662,-0.4225082001627747
-0.5368448495864868,0.20485880970954895,-0.5068312883377075,0.19900041818618774,-0.47731995582580566,0.19408118724822998,-0.3467874862246563
-0.36910897493362427,0.20111189782619476,-0.3921613395214081,0.21285368502140045,-0.29400718212127686,0.20355801284313202,-0.24641694110709347
-0.03684687614440918,0.2048383206129074,-0.07730716466903687,0.21602515876293182,-0.0033675432205200195,0.20929409563541412,-0.15366288787019475
0.2282455563545227,0.26005813479423523,0.2075810432434082,0.2117082178592682,0.23127371072769165,0.22768212854862213,-0.08671609823958155
-0.6721333265304565,0.3165934681892395,-0.592607319355011,0.2778887152671814,-0.59672611951828,0.26936075091362,-0.2614633584259947
-0.814970850944519,0.2274012565612793,-0.8128814101219177,0.22259318828582764,-0.8409676551818848,0.20609667897224426,-1.031517051446065
-2.1518125534057617,0.3578755259513855,-1.9220914840698242,0.3830089569091797,-2.0844879150390625,0.376349538564682,-0.9208187539523752
-0.6855859160423279,0.21474869549274445,-0.6366512179374695,0.2156059443950653,-0.6513184905052185,0.21697098016738892,-0.6515453545576374
-0.35032206773757935,0.23167365789413452,-0.33204731345176697,0.2268013209104538,-0.4562608599662781,0.21097904443740845,-0.539912085273989
-0.3281710147857666,0.28312715888023376,-0.337130069732666,0.3295775055885315,-0.4491751790046692,0.33681225776672363,-0.3696503691059093
-0.2885015606880188,0.33109626173973083,-0.281899631023407,0.3347149193286896,-0.3296540081501007,0.371888130903244,-0.2302819174938423
-0.3734428286552429,0.41037365794181824,-0.3707112669944763,0.41445961594581604,-0.41495180130004883,0.41596654057502747,-0.10962197848119476
-0.32148733735084534,0.20014618337154388,-0.34498101472854614,0.21104779839515686,-0.37822622060775757,0.1998324990272522,-0.8054253356122177
-0.5070058107376099,0.23108217120170593,-0.5134536623954773,0.21345873177051544,-0.5453106760978699,0.22176654636859894,-0.5772051759074791
-0.2115960419178009,0.21307143568992615,-0.16748574376106262,0.23110680282115936,-0.2236015498638153,0.23493659496307373,-0.3507092614214544
-0.4034190773963928,0.20372849702835083,-0.2757319509983063,0.21027852594852448,-0.41891738772392273,0.20899631083011627,-0.21148323387821
-0.10425257682800293,0.23718999326229095,-0.05797839164733887,0.23881931602954865,-0.03885370492935181,0.22882327437400818,-0.16198685590182604
-0.11921751499176025,0.19715456664562225,-0.0983559787273407,0.19813814759254456,-0.1433308720588684,0.1937256008386612,0.05137109822562604
-0.14285996556282043,0.20183978974819183,-0.01187056303024292,0.20571886003017426,-0.15275540947914124,0.2074155956506729,0.05324551210355783
0.06066298484802246,0.19864323735237122,0.01679748296737671,0.20699429512023926,0.15964263677597046,0.2053217887878418,0.2460844843030343
-0.6866390705108643,0.23738440871238708,-0.7795703411102295,0.19003918766975403,-0.7682409286499023,0.19634833931922913,-0.9912260770822372
-0.6866390705108643,0.23738440871238708,-0.8695106506347656,0.1933404952287674,-0.8615756034851074,0.20852433145046234,-0.7925447722733509
-0.5347686409950256,0.23720097541809082,-0.6648322939872742,0.20685455203056335,-0.6185042262077332,0.19964320957660675,-0.7457134072367736
-0.5939515829086304,0.19828444719314575,-0.5048684477806091,0.20594719052314758,-0.628246009349823,0.21230655908584595,-0.5471812803680585
-0.2456541359424591,0.23671172559261322,-0.38952648639678955,0.20372238755226135,-0.4335097372531891,0.2155427783727646,-0.41144247912139986
-1.600165843963623,0.19719891250133514,-1.648921012878418,0.19328410923480988,-1.6323729753494263,0.20516404509544373,-2.135577863490049
-1.4337255954742432,0.19786182045936584,-1.4778900146484375,0.19976072013378143,-1.4312506914138794,0.19382911920547485,-1.6021142815314087
-1.2925539016723633,0.19854025542736053,-1.373546838760376,0.19364246726036072,-1.3518102169036865,0.2020813673734665,-1.2869480805483653
-1.0811433792114258,0.20635230839252472,-1.0233196020126343,0.20174984633922577,-1.2017534971237183,0.2078275978565216,-1.1831115995379629
-1.158225417137146,0.22322186827659607,-1.0148594379425049,0.2034895420074463,-0.8936915397644043,0.21966807544231415,-1.06294739826984
-1.2831814289093018,0.2075638473033905,-1.2352399826049805,0.2018691897392273,-1.281381607055664,0.20650614798069,-1.431798275933005
-1.1299177408218384,0.20426785945892334,-1.188273549079895,0.2013830840587616,-1.1394789218902588,0.22012466192245483,-1.2676062401770314
-1.0131183862686157,0.20622888207435608,-0.9989144802093506,0.20013584196567535,-1.0311625003814697,0.1995946317911148,-1.0362121726544447
-1.0150578022003174,0.21402516961097717,-1.0219361782073975,0.2161717414855957,-0.9532585740089417,0.22879739105701447,-0.8601209135987634
-1.2922881841659546,0.1910666674375534,-1.3029813766479492,0.18569189310073853,-1.2098275423049927,0.1936250925064087,-1.0915149811213503
-0.9284063577651978,0.19139614701271057,-0.9700160026550293,0.1966380774974823,-0.9962621331214905,0.1936771422624588,-0.9393021596463883
-1.0786466598510742,0.1907844990491867,-1.0825499296188354,0.19256797432899475,-1.0694575309753418,0.18514852225780487,-0.8124792791635369
-0.7405754327774048,0.19109058380126953,-0.7788327932357788,0.1955905556678772,-0.8371313214302063,0.19496339559555054,-0.7746907182741372
-1.029247760772705,0.19324052333831787,-1.0050640106201172,0.1874297708272934,-1.0180542469024658,0.1925966441631317,-0.728158393463501
-0.7914036512374878,0.19237254559993744,-0.8135098814964294,0.19396710395812988,-0.8233178853988647,0.19505807757377625,-0.6536470255493614
-0.5785958766937256,0.19331224262714386,-0.5585272908210754,0.19237524271011353,-0.6224939823150635,0.20180000364780426,-0.6307841425898572
-0.7395042181015015,0.20562945306301117,-0.7446200847625732,0.19179056584835052,-0.7465006113052368,0.20581404864788055,-0.5702477199975919
0.3422514796257019,0.21879537403583527,0.31119459867477417,0.21513456106185913,0.3980448842048645,0.21475984156131744,-0.022276394711152253
0.4594264626502991,0.20855914056301117,0.24626946449279785,0.24683904647827148,0.508530855178833,0.22128939628601074,0.6503075231319364
0.4612683057785034,0.21387596428394318,0.25742781162261963,0.24549131095409393,0.4842710494995117,0.20847445726394653,0.7558748556724915
0.6711318492889404,0.4463667571544647,0.9172069430351257,0.4340860843658447,0.8972697257995605,0.4285687804222107,-0.10463271122663816
-0.502189576625824,0.19103676080703735,-0.5603915452957153,0.18563036620616913,-0.5463204979896545,0.1877335160970688,-0.16115090926274472
-0.5220827460289001,0.20130395889282227,-0.47063833475112915,0.19860999286174774,-0.43531352281570435,0.1967546045780182,-0.14874165128092473
-0.4947197437286377,0.19343291223049164,-0.5984212756156921,0.18698905408382416,-0.5208229422569275,0.1910136640071869,-0.09691001300805639
-0.4671047329902649,0.20137746632099152,-0.5466567873954773,0.19655263423919678,-0.49041610956192017,0.20426544547080994,0.07188200730612536
-0.40782424807548523,0.19579437375068665,-0.40267831087112427,0.1825912445783615,-0.3964875340461731,0.18650588393211365,-0.6989700043360187
-0.3996598720550537,0.19096457958221436,-0.3486481308937073,0.19105228781700134,-0.33740246295928955,0.18664173781871796,-0.6777807052660807
-0.280254065990448,0.20005322992801666,-0.2541893720626831,0.2019217312335968,-0.27077850699424744,0.19595550000667572,-0.5528419686577808
-0.2460063099861145,0.21904100477695465,-0.35092610120773315,0.2028564214706421,-0.33709287643432617,0.21408048272132874,-0.5086383061657274
-0.4538302719593048,0.1904560774564743,-0.3835284113883972,0.19384638965129852,-0.5217341780662537,0.19080553948879242,-0.6020599913279624
-0.42931899428367615,0.1830538660287857,-0.4653409719467163,0.18786537647247314,-0.4342383146286011,0.1946660429239273,-0.5528419686577808
-0.2935011386871338,0.20113545656204224,-0.2787455916404724,0.2039439082145691,-0.27921611070632935,0.19663378596305847,-0.4559319556497244
-0.24555611610412598,0.2191448211669922,-0.3933517336845398,0.2007436454296112,-0.33677077293395996,0.21419957280158997,-0.431798275933005
-1.4021539688110352,0.19090671837329865,-1.4220657348632812,0.21147584915161133,-1.3853445053100586,0.19422300159931183,-1.403557067791621
-1.4099476337432861,0.20810401439666748,-1.4338016510009766,0.21349990367889404,-1.3807570934295654,0.21004699170589447,-1.3400749145650144
-1.26401686668396,0.19501495361328125,-1.2901411056518555,0.1849384754896164,-1.2702045440673828,0.19289883971214294,-1.2957853135959878
-1.2710387706756592,0.19451363384723663,-1.2764819860458374,0.1809847205877304,-1.3319783210754395,0.19430740177631378,-1.2902071478331225
-1.2954140901565552,0.18631161749362946,-1.294459581375122,0.1847597062587738,-1.2890121936798096,0.1829664707183838,-1.2739717605981626
-1.3079071044921875,0.18524926900863647,-1.3167670965194702,0.1926775425672531,-1.3308100700378418,0.19424620270729065,-1.2505093079948533
-1.1919517517089844,0.20883412659168243,-1.2217583656311035,0.20196060836315155,-1.1840932369232178,0.19095119833946228,-1.2376430157272562
-1.1747777462005615,0.21974195539951324,-1.2127116918563843,0.20356670022010803,-1.1920232772827148,0.19592225551605225,-1.209510955471654
-1.1676048040390015,0.21839000284671783,-1.187708854675293,0.19922441244125366,-1.183866262435913,0.20285768806934357,-1.1914798357415581
-1.101241111755371,0.20450223982334137,-1.0989500284194946,0.19763469696044922,-1.1293623447418213,0.203898623585701,-1.1892776845463975
-1.1919596195220947,0.19758211076259613,-1.1800463199615479,0.1910451352596283,-1.1960270404815674,0.19656819105148315,-1.1616217507972884
-1.1210507154464722,0.20035959780216217,-1.1179635524749756,0.20070533454418182,-1.123642921447754,0.1966077983379364,-1.147428807998436
-1.1442804336547852,0.19888897240161896,-1.1511849164962769,0.2041378766298294,-1.136552095413208,0.2039928138256073,-1.0674883021682888
-0.9703247547149658,0.19838811457157135,-0.9482702016830444,0.19644097983837128,-0.9186511635780334,0.2067798674106598,-1.0651409866048887
-1.051587700843811,0.20687882602214813,-1.048182725906372,0.20077525079250336,-1.1960268020629883,0.3373600244522095,-1.0339679768604992
-1.0526573657989502,0.2045997828245163,-1.056499719619751,0.2075946182012558,-1.1896064281463623,0.3272723853588104,-1.026354304975214
-1.0625929832458496,0.20965853333473206,-1.064467430114746,0.21125206351280212,-1.200391173362732,0.3440086841583252,-1.002850514877846
-0.7990051507949829,0.21157433092594147,-0.7654128074645996,0.20084190368652344,-0.7424291372299194,0.21221432089805603,-0.9326102797444273
-1.8437777757644653,0.24702180922031403,-1.8421214818954468,0.2482481151819229,-0.5417577028274536,0.9819337725639343,-1.9355420107730814
-1.892878770828247,0.24044564366340637,-1.8943533897399902,0.24009732902050018,-0.5417577028274536,0.9819337725639343,-1.8860566476931633
-1.7248742580413818,0.39271819591522217,-1.7256745100021362,0.38482069969177246,-1.7678656578063965,0.38776713609695435,-2.3841881453773732
-1.834187388420105,0.2777026295661926,-1.847290277481079,0.2738800644874573,-1.845883846282959,0.2759973406791687,-1.863287928614366
-1.778181552886963,0.2670497000217438,-1.6058871746063232,0.22235797345638275,-1.5938206911087036,0.21706420183181763,-1.59307188689127
-1.519909381866455,0.2260149121284485,-1.5410023927688599,0.21946276724338531,-1.5246120691299438,0.2203810214996338,-1.584535642418604
-1.7582244873046875,0.3803982138633728,-1.6271626949310303,0.34060078859329224,-1.5487985610961914,0.35004299879074097,-1.5653371899373132
-1.557814359664917,0.23276807367801666,-1.526317834854126,0.23032580316066742,-1.5076336860656738,0.23354315757751465,-1.5469516027983703
-1.8005366325378418,0.367673397064209,-1.66489839553833,0.3181178569793701,-1.613971471786499,0.3200448453426361,-1.3269370670011866
-0.5921768546104431,0.3043333888053894,-0.52171391248703,0.2702261507511139,-0.5321536660194397,0.2823714315891266,-1.0555173278498313
-2.0488319396972656,0.5899237394332886,-2.053396701812744,0.6745138168334961,-2.0507917404174805,0.6622322201728821,-1.6777807052660807
-1.0280829668045044,0.5196954011917114,-1.0320533514022827,0.5204023718833923,-0.9887304306030273,0.5322446227073669,-1.2596373105057561
-0.31381893157958984,0.21466800570487976,-0.2137504518032074,0.20614716410636902,-0.22533118724822998,0.20991787314414978,-0.4814860601221125
-0.7674967050552368,0.1825651228427887,-0.8379778861999512,0.19087480008602142,-0.791267991065979,0.18203920125961304,-1.3098039199714864
-0.7169049382209778,0.18431101739406586,-0.6178253889083862,0.1850738525390625,-0.6445009708404541,0.17796705663204193,-1.0222763947111522
-0.5323182940483093,0.18850019574165344,-0.48135536909103394,0.1919758915901184,-0.49872180819511414,0.198670893907547,-0.7594507517174003
-0.3899710774421692,0.19278934597969055,-0.35229116678237915,0.18667323887348175,-0.3073631525039673,0.19296212494373322,-0.6635402661514704
-0.8001360297203064,0.18563644587993622,-0.8521647453308105,0.1939868927001953,-0.8235212564468384,0.20059917867183685,-0.640164517660112
-0.7160470485687256,0.18277031183242798,-0.6977845430374146,0.17815537750720978,-0.6720051765441895,0.19275891780853271,-0.575118363368933
-0.5377859473228455,0.17950409650802612,-0.543542742729187,0.1880989819765091,-0.5348493456840515,0.18085475265979767,-0.5606673061697374
-0.4810735583305359,0.19793735444545746,-0.5142238736152649,0.19512461125850677,-0.4767061471939087,0.20682215690612793,-0.5272435506827877
-0.39384669065475464,0.18863467872142792,-0.40641194581985474,0.18188846111297607,-0.3464677035808563,0.18382586538791656,-0.5157001606532141
-0.23284825682640076,0.19043545424938202,-0.22667932510375977,0.18275633454322815,-0.18942177295684814,0.19577190279960632,-0.28567024025476695
-0.30967143177986145,0.18527045845985413,-0.32510000467300415,0.1878008395433426,-0.32202762365341187,0.19153930246829987,-0.14146280243036088
-0.24587717652320862,0.18914194405078888,-0.19546028971672058,0.18571512401103973,-0.18528255820274353,0.18344146013259888,0.16316137497701835
-0.09952044486999512,0.18897919356822968,-0.07487952709197998,0.1915367841720581,-0.11211425065994263,0.185044065117836,0.34791518650169134
0.09961628913879395,0.19012261927127838,0.11520624160766602,0.19318513572216034,0.04701346158981323,0.18803933262825012,0.4129642719966628
-2.201577663421631,0.521037757396698,-2.2905869483947754,0.5668442249298096,-2.3113999366760254,0.5601189732551575,-2.3979400086720375
-2.3115968704223633,0.5089812874794006,-2.283060312271118,0.5674150586128235,-2.3038716316223145,0.5607545375823975,-2.3010299956639813
-2.37223219871521,0.2308770716190338,-2.3824758529663086,0.23255287110805511,-2.758322238922119,0.3486229479312897,-2.6989700043360187
-2.320572853088379,0.4730043113231659,-2.5148463249206543,0.49835005402565,-2.2160305976867676,0.4868755042552948,-2.657577319177794
-2.7031047344207764,0.22405551373958588,-2.6773014068603516,0.23901815712451935,-2.7536380290985107,0.3481171429157257,-2.2596373105057563
-2.3239903450012207,0.46427223086357117,-2.3024141788482666,0.4968107342720032,-2.225351333618164,0.542308509349823,-3.154901959985743
-0.6084699630737305,0.195365771651268,-0.5906778573989868,0.1883489340543747,-0.6307496428489685,0.20206986367702484,-0.5139948136377577
-0.9302650094032288,0.19585052132606506,-0.9937611818313599,0.19458967447280884,-0.8612651228904724,0.1971292346715927,-0.4682656907234498
-0.6532142162322998,0.1902451366186142,-0.6833362579345703,0.19089415669441223,-0.5965494513511658,0.18094997107982635,-0.4495270428934366
-0.6231745481491089,0.18794195353984833,-0.5712500810623169,0.1784067451953888,-0.5212138295173645,0.17869704961776733,-0.4021951575957071
-0.6479060053825378,0.18965758383274078,-0.6787548661231995,0.18993407487869263,-0.5895223021507263,0.18302471935749054,-0.39913596369016047
-0.5804513692855835,0.18565170466899872,-0.5326233506202698,0.19704227149486542,-0.5768373012542725,0.18928657472133636,-0.32799455497704816
-0.5225148797035217,0.1803095042705536,-0.5833551287651062,0.18745675683021545,-0.4513493776321411,0.1909143030643463,-0.30557030904291693
-0.10873949527740479,0.19866037368774414,-0.10072934627532959,0.19624611735343933,-0.10883823037147522,0.19692301750183105,-0.17672144304832926
-0.38898712396621704,0.1977541744709015,-0.3828515112400055,0.18848916888237,-0.34903424978256226,0.19041146337985992,-0.09468993788391449
-0.09623432159423828,0.18300190567970276,-0.10082286596298218,0.1829940676689148,-0.08325362205505371,0.18774184584617615,-0.08139308485501809
-0.09279364347457886,0.18254101276397705,-0.09423074126243591,0.18247881531715393,-0.07310336828231812,0.1823657900094986,-0.03198428600635821
0.09751689434051514,0.19846133887767792,0.02909064292907715,0.19058461487293243,0.04261070489883423,0.20224003493785858,-0.029049065654575875
0.0011861920356750488,0.18829777836799622,-0.059211134910583496,0.18919426202774048,-0.031627655029296875,0.19228486716747284,-0.014124642691606343
-0.042857468128204346,0.1930847316980362,-0.05258280038833618,0.2022831290960312,-0.0613366961479187,0.199997216463089,0.02759421182622589
0.02785468101501465,0.18966525793075562,-0.02614915370941162,0.1937440037727356,-0.011369049549102783,0.18758614361286163,0.030275802889287887
-0.22136515378952026,0.1930927038192749,-0.2739894390106201,0.19676870107650757,-0.16455844044685364,0.19143812358379364,0.04261488458852481
0.04769480228424072,0.1817605197429657,0.10684412717819214,0.1816752851009369,0.06136763095855713,0.18547461926937103,0.08678679562662422
0.06394439935684204,0.1885550618171692,0.04101121425628662,0.1898067593574524,0.13251858949661255,0.18239326775074005,0.08972853307473597
0.059583187103271484,0.18810345232486725,0.08222293853759766,0.20249707996845245,0.11180436611175537,0.19303421676158905,0.1267157036857395
0.15917474031448364,0.18809367716312408,0.07928866147994995,0.19118177890777588,0.10662651062011719,0.19172760844230652,0.13097669160561715
0.18399548530578613,0.20077501237392426,0.17743241786956787,0.19987666606903076,0.19244438409805298,0.19468122720718384,0.13097669160561715
-0.12522616982460022,0.19820807874202728,-0.05519235134124756,0.197556272149086,-0.11882495880126953,0.20223590731620789,0.15624619039734447
0.22420555353164673,0.19094610214233398,0.1994696855545044,0.19211503863334656,0.22208887338638306,0.1858453005552292,0.19434780728009307
0.2109133005142212,0.18887105584144592,0.22615599632263184,0.19014817476272583,0.22058767080307007,0.1849605292081833,0.19542914245706253
0.14340060949325562,0.19064068794250488,0.20094013214111328,0.18468688428401947,0.1760939359664917,0.19537070393562317,0.22541267286595434
-0.1293993592262268,0.20268550515174866,0.016064345836639404,0.19431179761886597,0.10647463798522949,0.19915783405303955,0.24368280735719336
0.234474778175354,0.19778724014759064,0.21352803707122803,0.1986285150051117,0.2921673655509949,0.19995911419391632,0.24762962067911384
0.24600565433502197,0.18941788375377655,0.22983068227767944,0.18729297816753387,0.24929279088974,0.18690387904644012,0.26533677796791766
0.2814767360687256,0.19654420018196106,0.27502012252807617,0.18732678890228271,0.2803354263305664,0.19760417938232422,0.2664668954402414
0.2216821312904358,0.19214467704296112,0.27470695972442627,0.19138610363006592,0.3407197594642639,0.18954341113567352,0.28284860283464475
0.1608836054801941,0.19307182729244232,0.1187969446182251,0.19914215803146362,0.12065672874450684,0.19618891179561615,0.29426777217945776
0.33096712827682495,0.18106915056705475,0.270138144493103,0.19212503731250763,0.2787272334098816,0.1814432144165039,0.2968844755385471
0.3369234800338745,0.2033432573080063,0.3471946716308594,0.20112018287181854,0.30635690689086914,0.1974138468503952,0.3313057985532691
0.4051004648208618,0.1948157548904419,0.3979327082633972,0.18812215328216553,0.3822566270828247,0.18645255267620087,0.33415205299228645
0.376223087310791,0.1919998824596405,0.3943028450012207,0.1901863068342209,0.39383232593536377,0.19452710449695587,0.3523176109368268
0.2961307168006897,0.18612241744995117,0.34419572353363037,0.1804899424314499,0.3043924570083618,0.19229771196842194,0.35856297666105563
0.22686880826950073,0.20321156084537506,0.3594319820404053,0.1999668926000595,0.39262938499450684,0.20031580328941345,0.3839589106791115
0.26979416608810425,0.18336978554725647,0.26115310192108154,0.19376981258392334,0.2854847311973572,0.19880959391593933,0.38797679499043713
0.3718143105506897,0.1849951297044754,0.4235561490058899,0.18886151909828186,0.4207450747489929,0.18379734456539154,0.39003380589575937
0.4102798104286194,0.20574931800365448,0.46107882261276245,0.20198504626750946,0.39937305450439453,0.20621639490127563,0.43389778398306555
0.25957441329956055,0.1967054307460785,0.29925161600112915,0.19230452179908752,0.3702062964439392,0.1959080845117569,0.4756276114410809
0.4429914951324463,0.19952791929244995,0.5081153512001038,0.1919281929731369,0.4576343297958374,0.20055723190307617,0.5129110878474195
-0.5079952478408813,0.5367615818977356,-0.5836786031723022,0.5216044783592224,-0.45358508825302124,0.5303831100463867,-0.5528419686577808
-0.6864577531814575,0.5231829285621643,-0.49793103337287903,0.5313887596130371,-0.5756003856658936,0.5042034983634949,-1.3872161432802645
0.22716999053955078,0.5151594877243042,-0.3371082544326782,0.28206220269203186,-0.3130539655685425,0.3040647804737091,-0.5169835798558678
0.22489988803863525,0.5141040682792664,-0.38030779361724854,0.3020341396331787,-0.40652552247047424,0.28324562311172485,-0.444421927227045
0.0776401162147522,0.4057961106300354,-0.01219797134399414,0.47516965866088867,-0.06223320960998535,0.40052494406700134,-0.1966111750163865
-0.13139605522155762,0.3072141706943512,0.003636598587036133,0.4239145815372467,-0.19180822372436523,0.32123279571533203,-0.08118360963962049
0.18866115808486938,0.22349068522453308,0.17776566743850708,0.2182936668395996,0.24073421955108643,0.30824893712997437,0.23585656875297398
0.25313282012939453,0.22389131784439087,0.24808651208877563,0.22021764516830444,0.25929921865463257,0.3000984191894531,0.18315591543401297
0.45703333616256714,0.2107471078634262,0.4338812232017517,0.20716112852096558,0.4492158889770508,0.20764762163162231,0.4241790135787822
0.4794921278953552,0.19523312151432037,0.4908139705657959,0.19520865380764008,0.4821876883506775,0.20764712989330292,0.3907585287387172
0.6038662791252136,0.1942436546087265,0.6085466146469116,0.18704138696193695,0.5946435332298279,0.2014671266078949,0.594878511394642
0.57447350025177,0.19305837154388428,0.5892151594161987,0.19243124127388,0.5861337184906006,0.18847104907035828,0.6056066844300941
0.30895692110061646,0.2323831021785736,0.16913217306137085,0.37392958998680115,-0.023016810417175293,0.4051843583583832,0.11394335230683678
0.1023632287979126,0.2258756011724472,0.16913217306137085,0.37392958998680115,-0.023016810417175293,0.40518441796302795,0.414973347970818
0.6266645193099976,0.1967681348323822,0.6556921601295471,0.18579469621181488,0.638571560382843,0.2029045969247818,0.7211756032766088
0.6327592134475708,0.1981162130832672,0.66774982213974,0.18597766757011414,0.6431227326393127,0.20410241186618805,0.6695121296915462
0.6658890247344971,0.19329194724559784,0.653662919998169,0.19519875943660736,0.6667754054069519,0.1918351650238037,0.6961116468379268
0.6451514363288879,0.19134429097175598,0.6481683850288391,0.20083141326904297,0.6484625339508057,0.1949606090784073,0.7745753543387348
-0.964434027671814,0.37356996536254883,-1.0401077270507812,0.36904412508010864,-0.818511426448822,0.3997655510902405,-1.0145735259169983
-1.0129485130310059,0.45564883947372437,-0.9277786612510681,0.46301737427711487,-0.7813281416893005,0.4608285427093506,-1.5686362358410126
-1.1280239820480347,0.2092783898115158,-1.2214665412902832,0.20755793154239655,-1.250753402709961,0.21261176466941833,-1.1018235165023234
-1.1526622772216797,0.20355723798274994,-1.1204562187194824,0.19662314653396606,-1.1911466121673584,0.20989227294921875,-1.0655015487564323
-0.9160000085830688,0.2041943371295929,-0.838516116142273,0.2103923261165619,-0.9922065734863281,0.1988246738910675,-0.9408153823686288
-0.6560571789741516,0.21006911993026733,-0.48566949367523193,0.21291866898536682,-0.5827412605285645,0.21279363334178925,-0.8833922560117515
-0.24992746114730835,0.2452491670846939,-0.2622188925743103,0.25391554832458496,-0.3022848963737488,0.23906256258487701,-0.4188471080337112
-0.4091385006904602,0.3970584571361542,-0.679553747177124,0.5457844734191895,-0.2997817397117615,0.3814131021499634,-1.2612194415156308
-0.6904441714286804,0.2290358543395996,-0.6777039766311646,0.21764956414699554,-0.7009546756744385,0.21228837966918945,-0.8227521637443765
-0.6685401201248169,0.23506073653697968,-0.6078898906707764,0.25005975365638733,-0.6808061599731445,0.24410606920719147,-0.7700623140920662
-0.6874079704284668,0.40512293577194214,-0.859717607498169,0.4441941976547241,-0.8411690592765808,0.41376352310180664,-0.5868679495651279
-0.8110564351081848,0.20164057612419128,-0.8096268177032471,0.20877912640571594,-0.7962461709976196,0.2166416496038437,-0.5678327305574118
-1.3523540496826172,0.20385125279426575,-1.3605562448501587,0.22792001068592072,-1.3694100379943848,0.21697258949279785,-1.4921441283041692
-0.875042200088501,0.2194240391254425,-0.8321609497070312,0.22045208513736725,-0.9112362861633301,0.21153110265731812,-0.9689957186364632
-1.1492128372192383,0.23057623207569122,-1.1634736061096191,0.24026234447956085,-1.2224891185760498,0.23177257180213928,-0.9200955323332792
-0.6672894954681396,0.21980683505535126,-0.6181861162185669,0.23611415922641754,-0.6766678094863892,0.22595186531543732,-0.7286231281059254
-1.3874950408935547,0.33871376514434814,-0.9789066314697266,0.49139025807380676,-1.3223774433135986,0.3599399924278259,-0.4962093169428189
-0.29322054982185364,0.19828161597251892,-0.21527519822120667,0.19452126324176788,-0.30730897188186646,0.19071131944656372,-0.18555262147751236
-0.17430102825164795,0.18592266738414764,-0.16921845078468323,0.1865057796239853,-0.1377612054347992,0.18759872019290924,-0.04038628892895605
0.08534926176071167,0.1984998732805252,0.12662237882614136,0.198701411485672,0.1391279697418213,0.20662878453731537,0.11630881465541631
0.22346621751785278,0.20158594846725464,0.17032045125961304,0.20039401948451996,0.2639505863189697,0.21157237887382507,0.2719809300094053
0.26639413833618164,0.2037964016199112,0.31281232833862305,0.19952011108398438,0.30283135175704956,0.2033035159111023,0.4517710891583845
-1.3141515254974365,0.36449292302131653,-1.2096478939056396,0.41172701120376587,-1.3082056045532227,0.4616104066371918,-1.496209316942819
-0.38958603143692017,0.27107810974121094,-0.4495082497596741,0.2714088559150696,-0.4482244849205017,0.2839059829711914,-0.203888420908117
