6,13,42,log (Total flux)
-1.3073148727416992,-1.393589735031128,-1.3037837743759155,-1.4225082001627747
-1.3471710681915283,-1.3517467975616455,-1.441565990447998,-1.2814983111327258
-1.260362148284912,-1.285191297531128,-1.3067359924316406,-1.0486624812040823
-1.0936024188995361,-1.066149115562439,-1.0502309799194336,-0.7695510786217261
-0.9136881232261658,-0.9544771909713745,-0.966158390045166,-0.7024583321818402
-0.44111812114715576,-0.38311609625816345,-0.42181673645973206,-0.3601152580836957
-0.17294564843177795,-0.11236608028411865,-0.22090311348438263,-0.006607862550997468
0.1015286073088646,0.14352796971797943,0.0057284352369606495,0.0589950935254163
-0.5166944265365601,-0.36097368597984314,-0.4306645691394806,0.10455539124051359
-0.24561478197574615,-0.357143372297287,-0.2808675467967987,-0.11407366019856895
-0.23677633702754974,-0.20961607992649078,-0.25306251645088196,-0.26672246606741823
-0.23036548495292664,-0.2636905014514923,-0.2788202166557312,-0.5454600150351813
-0.2149115949869156,-0.15437258780002594,-0.06203591078519821,-0.19756837356927645
0.03829729184508324,-0.004600875079631805,-0.08371232450008392,0.046846203945821285
0.10635850578546524,0.1221919134259224,0.06055041030049324,0.24022465412227756
-1.4584101438522339,-1.4433801174163818,-1.3737565279006958,-1.6968039425795112
-1.3095815181732178,-1.3332592248916626,-1.4119651317596436,-1.6108339156354674
-1.3913195133209229,-1.4713608026504517,-1.5395984649658203,-1.489454989793388
-1.3960578441619873,-1.4539728164672852,-1.3871549367904663,-1.4801720062242814
-1.408539056777954,-1.3966752290725708,-1.4480029344558716,-1.4621809049267258
-1.3403104543685913,-1.309264063835144,-1.3398159742355347,-1.4271283977995197
-1.4892054796218872,-1.5065802335739136,-1.490565538406372,-1.337242168318426
-1.412784218788147,-1.323790431022644,-1.3258256912231445,-1.239577516576788
-0.6287931203842163,-0.7842171788215637,-0.7068723440170288,-1.2388241868442686
-0.9062076210975647,-1.0131696462631226,-1.0288894176483154,-1.2247537402597635
-1.5743836164474487,-1.4864616394042969,-1.4491788148880005,-1.0777937225609837
-0.9807606935501099,-0.9657953381538391,-0.9471467137336731,-1.0726296369609765
-0.770916223526001,-0.6162705421447754,-0.6398636698722839,-0.870954940112042
-1.5859253406524658,-1.4928672313690186,-1.5735541582107544,-1.0963674839157624
-1.5805128812789917,-1.6119600534439087,-1.6497958898544312,-1.2062096153091812
-1.5884870290756226,-1.6404259204864502,-1.5580425262451172,-1.3133637307377066
-1.8168270587921143,-1.8264838457107544,-1.837024211883545,-1.8664610916297826
-1.5084620714187622,-1.6959872245788574,-1.4786077737808228,-1.5917600346881504
-1.2786134481430054,-1.4370898008346558,-1.3238794803619385,-1.2636034977233574
-1.409070372581482,-1.261594533920288,-1.3423333168029785,-1.563837352959244
-1.0441440343856812,-0.997854471206665,-1.0065953731536865,-1.4067139329795428
-0.8064308166503906,-0.7943753004074097,-0.8201968669891357,-1.1555228242543185
-1.3002755641937256,-1.4060481786727905,-1.5089091062545776,-1.1999706407558657
-1.1017881631851196,-1.2495689392089844,-1.177937626838684,-0.935916564036404
-0.8661858439445496,-1.052985668182373,-0.8570596575737,-0.661145253747677
-1.6606522798538208,-1.7484092712402344,-1.504435658454895,-1.3045183235098026
-1.3079761266708374,-1.48995041847229,-1.2479913234710693,-1.158015195409886
-1.323454737663269,-1.570008397102356,-1.2797542810440063,-0.9698052146432488
-1.3861441612243652,-1.336121916770935,-1.4846422672271729,-0.7624562618571256
-1.3206324577331543,-1.397329330444336,-1.308258295059204,-1.5331323796458904
-1.3445607423782349,-1.3196635246276855,-1.2053792476654053,-1.5243288116755704
-1.3489540815353394,-1.3220561742782593,-1.2356618642807007,-1.5171264163912463
-1.1352769136428833,-0.959568202495575,-1.1123138666152954,-1.2510371387438386
-0.9020305275917053,-0.9957931041717529,-0.789718747138977,-1.0145735259169983
0.22224941849708557,0.29308217763900757,0.07493097335100174,-0.3053948010664313
0.044895924627780914,0.11493868380784988,0.015177195891737938,-0.026595025589939317
-0.34827327728271484,-0.4971786439418793,-0.3342355191707611,0.33809775370653894
-0.47773128747940063,-0.542559802532196,-0.47860485315322876,0.539740838574004
-0.4902464747428894,-0.4705405831336975,-0.48773449659347534,0.8960464650403244
-0.8439465761184692,-0.7764551043510437,-0.7555935978889465,-0.9100948885606021
-0.9462344646453857,-0.8451370000839233,-0.7818319797515869,-0.8601209135987634
-0.8160191178321838,-0.8635219931602478,-0.7220814824104309,-0.8386319977650252
-0.5305423140525818,-0.5836312770843506,-0.6058287024497986,-0.7878123955960422
-1.0910043716430664,-1.091525912284851,-1.0856133699417114,-1.5072396109731625
-1.094504714012146,-1.0661611557006836,-1.070188045501709,-1.4841261562883208
-1.1504703760147095,-1.1896227598190308,-1.1813337802886963,-1.449771646944906
-0.9496302604675293,-0.9747689366340637,-0.8985927700996399,-1.4473317838878068
-1.0952121019363403,-1.0995906591415405,-1.1673027276992798,-1.424812155072339
-1.0902715921401978,-1.063704013824463,-1.1063380241394043,-1.3777859770337046
-1.1753356456756592,-1.1171331405639648,-1.1978267431259155,-1.3565473235138126
-0.9422035813331604,-1.0548701286315918,-0.9937668442726135,-1.3151546383555874
-0.9396582245826721,-0.9534973502159119,-0.9297699332237244,-1.3124710387853658
-1.3442455530166626,-1.2927309274673462,-1.382411241531372,-1.3106911408763797
-1.0711541175842285,-1.1066133975982666,-1.0475153923034668,-1.2839966563652008
-0.9776127934455872,-1.0170814990997314,-0.947506844997406,-1.282329496997738
-0.9459191560745239,-0.9412751793861389,-1.0220530033111572,-1.2773660774661877
-0.950347363948822,-1.016510248184204,-1.014107584953308,-1.2716462179787715
-1.2848750352859497,-1.2782312631607056,-1.2599767446517944,-1.269217724333611
-0.9542956948280334,-0.9975272417068481,-0.9258126616477966,-1.2628073572952627
-0.9874401092529297,-0.9728368520736694,-0.9833464622497559,-1.2612194415156308
-0.9710870981216431,-1.0038667917251587,-0.9037626385688782,-1.2596373105057561
-1.057450771331787,-1.1213916540145874,-1.0049471855163574,-1.2525881921135766
-1.0867969989776611,-1.0501371622085571,-1.038601279258728,-1.2433638917541519
-1.094528079032898,-1.04901921749115,-1.0619391202926636,-1.2433638917541519
-1.0752224922180176,-1.0640771389007568,-1.029552936553955,-1.2365720064370627
-0.9691418409347534,-0.9837058782577515,-1.026050329208374,-1.2313618987523856
-1.024060606956482,-1.0007351636886597,-0.9864822030067444,-1.2204035087421754
-1.099128246307373,-1.0755565166473389,-1.1519430875778198,-1.2083093509798821
-1.0944743156433105,-1.1233303546905518,-1.0009684562683105,-1.2069083998234198
-1.0157158374786377,-1.1016780138015747,-1.0540701150894165,-1.1817741063860445
-0.9340134263038635,-0.978995680809021,-1.0123744010925293,-1.1687703061329366
-0.8602362871170044,-0.8944960236549377,-0.8427380919456482,-1.1655792963184675
-1.069773554801941,-1.0538169145584106,-1.1689454317092896,-1.1624115617644888
-1.057469367980957,-1.0062545537948608,-1.0362744331359863,-1.1481303992702339
-0.8604451417922974,-0.8027185201644897,-0.7823862433433533,-1.11690664142431
-0.9425960183143616,-0.846499502658844,-0.9407001733779907,-1.0726296369609765
-0.8622196316719055,-0.7775644659996033,-0.7717207670211792,-1.069050968832477
-0.7983337640762329,-0.808262825012207,-0.7860397100448608,-1.0381045263321496
-0.9404292106628418,-0.9601410627365112,-0.8892934918403625,-1.010105436281227
-0.7952460646629333,-0.8603058457374573,-0.9115369915962219,-0.9948194874962197
-0.9596650004386902,-0.9684673547744751,-0.9424145221710205,-0.9649707177976319
-0.9362303614616394,-0.9512975215911865,-0.890469491481781,-0.958607314841775
-0.7856764197349548,-0.8286625742912292,-0.7887635231018066,-0.9434762759208997
-0.7310607433319092,-0.7497981190681458,-0.7005707621574402,-0.8224635000701379
-1.282052755355835,-1.2157642841339111,-1.4373557567596436,-0.8781120148963188
-0.874468207359314,-0.8651722073554993,-0.9197001457214355,-0.8079904073463299
-0.7887384295463562,-0.8643131852149963,-0.8137751817703247,-0.7244583115986905
-0.622845470905304,-0.7990159392356873,-0.7786056995391846,-0.6989700043360187
-0.36725571751594543,-0.3984886705875397,-0.5134047865867615,-0.8961962790440432
-0.5562514066696167,-0.4589664936065674,-0.5682324767112732,-0.8422411139531362
-0.7993931770324707,-0.708651602268219,-0.670108437538147,-0.6585654754218598
-0.5953518152236938,-0.6227235198020935,-0.6021423935890198,-0.6330170240221491
-0.49440670013427734,-0.5507660508155823,-0.5453636646270752,-0.5412111182891549
-0.4907647669315338,-0.5188115835189819,-0.4943152666091919,-0.5282683485199489
-0.7024864554405212,-0.7056783437728882,-0.7138517498970032,-0.5082182244158342
-0.4094940423965454,-0.4837813377380371,-0.4645026624202728,-0.2759700270644023
-0.3103792071342468,-0.28861740231513977,-0.2669706642627716,-0.1572659810517304
-0.20467087626457214,-0.2524659335613251,-0.19551926851272583,-0.05114709380028646
-0.10805400460958481,-0.1610383242368698,-0.09996827691793442,0.0028137792246732954
0.05809837207198143,-0.0068289125338196754,-0.026611972600221634,0.09642333059527054
0.11779537051916122,0.11343788355588913,0.197738915681839,0.24988290186369472
-0.3342370390892029,-0.381263792514801,-0.31494441628456116,0.3078595805984664
-0.08380381017923355,-0.09485581517219543,-0.07072596251964569,0.5585885831081994
-1.22395658493042,-1.3179162740707397,-1.3001484870910645,-1.295849483160201
-1.309980869293213,-1.384577989578247,-1.3203173875808716,-1.1694113313148558
-1.1584067344665527,-1.127862572669983,-1.1365399360656738,-1.1232050237992994
-1.2645024061203003,-1.280351996421814,-1.2923603057861328,-1.000869458712629
-1.0073953866958618,-0.9584221243858337,-1.0284589529037476,-1.0004345117740177
-0.9243494868278503,-0.8684505820274353,-0.9031856060028076,-1.0
-1.0650559663772583,-1.0940214395523071,-1.0199007987976074,-0.8041003475907662
-1.576472520828247,-1.4626976251602173,-1.5832476615905762,-1.6575773191777938
-1.1912164688110352,-1.2252510786056519,-1.1978574991226196,-1.1611509092627446
-1.0228354930877686,-0.9396039843559265,-1.00636625289917,-0.5883802940367698
-0.6177010536193848,-0.6376429200172424,-0.6032132506370544,-0.3214816209598861
-0.7676414251327515,-0.822209358215332,-0.7776721715927124,-0.3142582613977364
-1.192827820777893,-1.150595784187317,-1.1436642408370972,-1.5528419686577808
-0.9868355393409729,-0.9856427311897278,-0.9514116048812866,-1.4436974992327127
-1.132644534111023,-1.2079788446426392,-1.1229063272476196,-1.4436974992327127
-1.101343035697937,-1.1697795391082764,-1.065165638923645,-1.275724130399211
-0.894108772277832,-0.8336206078529358,-0.7725288271903992,-1.0087739243075051
-0.7817822694778442,-0.7394355535507202,-0.723317563533783,-0.9172146296835499
-1.0745495557785034,-1.1171817779541016,-1.046433925628662,-0.8761483590329142
-0.9962918162345886,-1.0083080530166626,-1.0714517831802368,-0.7772835288524167
-0.47011426091194153,-0.5298338532447815,-0.48860982060432434,-0.7619538968712046
-0.9057703614234924,-0.898322582244873,-0.8640997409820557,-0.7375489102695705
-0.7185366749763489,-0.8317660689353943,-0.8070526123046875,-0.6903698325741012
-0.7808936238288879,-0.8909435272216797,-0.9170196056365967,-0.6345120151091003
-0.73415207862854,-0.6974292993545532,-0.6870613098144531,-0.5421181032660076
-0.4507931172847748,-0.4948830008506775,-0.4085160791873932,-0.47886191629596364
-1.3781381845474243,-1.3518686294555664,-1.3202335834503174,-1.207608310501746
-1.3690239191055298,-1.3608982563018799,-1.379130482673645,-1.1674910872937636
-1.1686339378356934,-1.153268814086914,-1.157968521118164,-1.1426675035687315
-1.059818148612976,-1.0403660535812378,-1.1370677947998047,-1.1249387366083
-1.0431020259857178,-1.0695401430130005,-1.035792589187622,-1.0969100130080565
-0.9645688533782959,-0.9755087494850159,-0.919185221195221,-1.0757207139381184
-0.7390623688697815,-0.7410971522331238,-0.7093254327774048,-1.0604807473813815
-0.741902232170105,-0.7965700030326843,-0.7773270606994629,-1.0604807473813815
-0.5669190883636475,-0.5537412166595459,-0.6001967787742615,-0.8961962790440432
-0.3886733949184418,-0.36007827520370483,-0.3989397883415222,-0.8761483590329142
-1.45151948928833,-1.580879807472229,-1.613478422164917,-1.5686362358410126
-1.1725478172302246,-1.2363612651824951,-1.2873491048812866,-1.3979400086720375
-0.8296035528182983,-0.8372315168380737,-0.8287401795387268,-1.3767507096020994
-1.4609729051589966,-1.376412272453308,-1.531153678894043,-1.1739251972991736
-1.0663743019104004,-1.1866291761398315,-1.1316747665405273,-0.9136401693252518
-0.790717601776123,-0.8848844766616821,-0.7372822165489197,-0.8446639625349383
-1.3685308694839478,-1.3006430864334106,-1.3769490718841553,-1.1681302257194983
-1.0781419277191162,-1.070010781288147,-1.0555288791656494,-0.9058784041594385
-0.7565301060676575,-0.6884008646011353,-0.686201810836792,-0.769295686387431
-0.6300798058509827,-0.5808829665184021,-0.6272345185279846,-0.6178027896225463
-0.3882758617401123,-0.3769049644470215,-0.4084109365940094,-0.4514877436589645
-1.3030585050582886,-1.353216528892517,-1.3456292152404785,-1.207608310501746
-1.097133994102478,-1.00583016872406,-1.0819106101989746,-1.0705810742857071
-1.1546106338500977,-1.1579269170761108,-1.1536585092544556,-0.9706162223147904
-0.7475597858428955,-0.7739174962043762,-0.7232178449630737,-0.9625735020593764
-1.0263912677764893,-1.0510011911392212,-1.0518901348114014,-0.9172146296835499
-0.5124043822288513,-0.562261700630188,-0.535865843296051,-0.9136401693252518
-0.8232446312904358,-0.9294678568840027,-0.8969944715499878,-0.8827287043442358
-0.529570996761322,-0.635043203830719,-0.5816280841827393,-0.8386319977650252
-0.7055894136428833,-0.686542272567749,-0.7688954472541809,-0.8041003475907662
-0.4237264096736908,-0.33697310090065,-0.3482907712459564,-0.7520267336381934
-0.4525015652179718,-0.4946077764034271,-0.3799050748348236,-0.7399286120149252
-1.1837687492370605,-1.1720467805862427,-1.1014324426651,-1.4078232426041333
-0.9556940793991089,-0.9123310446739197,-1.0209749937057495,-1.274905478918531
-1.1181764602661133,-1.0942577123641968,-1.0596671104431152,-1.1897674820049158
-0.8510394096374512,-0.8851140737533569,-0.7882955074310303,-1.1706962271689751
-0.7284293174743652,-0.7199191451072693,-0.7971370220184326,-1.0741724253752576
-0.730174720287323,-0.7498787045478821,-0.7663816213607788,-1.0710923097560472
-0.934914231300354,-0.8271690011024475,-0.8378826975822449,-1.0428718023231869
-0.7320467233657837,-0.6829702258110046,-0.7270107269287109,-0.8386319977650252
-1.3394031524658203,-1.3434284925460815,-1.2554137706756592,-1.494850021680094
-1.3494991064071655,-1.3327255249023438,-1.3940578699111938,-1.320572103387881
-1.3362767696380615,-1.2993531227111816,-1.2318549156188965,-1.1877553031996309
-1.1135284900665283,-1.0864592790603638,-1.109366536140442,-1.0925886392254138
-1.1412454843521118,-1.2022838592529297,-1.1498069763183594,-1.0639892042847905
-0.8729798793792725,-0.8542596697807312,-0.9591864347457886,-0.981715691573469
-0.7222714424133301,-0.776588499546051,-0.7363316416740417,-0.9609826780025881
-1.1091580390930176,-1.0669641494750977,-1.0907301902770996,-0.8507808873446201
-1.4344562292099,-1.3887627124786377,-1.3009493350982666,-1.5451551399914898
-1.3151659965515137,-1.3800032138824463,-1.3475663661956787,-1.5030703519267852
-1.2173060178756714,-1.2596510648727417,-1.3073413372039795,-1.2700257143004443
-1.0940988063812256,-1.1351745128631592,-1.0571677684783936,-1.1354889189416082
-0.9194707274436951,-0.8765737414360046,-0.8391345739364624,-0.9867413347164835
-1.3160420656204224,-1.3429172039031982,-1.3823953866958618,-1.3316140833099999
-1.3409074544906616,-1.4214584827423096,-1.3627365827560425,-1.1360826230421395
-1.0881870985031128,-1.08988356590271,-1.073904275894165,-0.9669785553170893
-1.1440815925598145,-1.2027430534362793,-1.1390886306762695,-0.9649707177976319
-1.0564371347427368,-1.056641936302185,-1.1255812644958496,-0.8948305720006683
-0.9903854131698608,-0.9512642025947571,-0.9684975147247314,-0.7801536139756393
-0.7666667699813843,-0.7544414401054382,-0.7803089618682861,-0.7775436633207533
-0.48973384499549866,-0.5990704894065857,-0.5876228213310242,-0.6671577330056484
-0.43097159266471863,-0.47841933369636536,-0.36542224884033203,-0.5554867936659571
-0.39527830481529236,-0.44649261236190796,-0.30127352476119995,-0.5014137911824823
-0.5138320922851562,-0.5231748819351196,-0.496500700712204,-0.3949105381184196
-0.5120407938957214,-0.4625822603702545,-0.4687628448009491,-0.3219370950256548
-0.40019476413726807,-0.3926783502101898,-0.4821085035800934,-0.31984585826562695
-0.5409722328186035,-0.5178177952766418,-0.576850950717926,-0.204815410317576
-0.8097255229949951,-0.8301724791526794,-0.703812301158905,-1.0920514783877278
-0.6778554320335388,-0.757138729095459,-0.6998122334480286,-1.056011124926228
-0.7374509572982788,-0.6923712491989136,-0.6731072664260864,-0.9913998282380825
-0.7555630207061768,-0.7666253447532654,-0.7023261785507202,-0.8764750190572681
-0.7097691297531128,-0.6546742916107178,-0.6027178168296814,-0.7969671129852893
-0.5627408623695374,-0.5814310908317566,-0.6285533905029297,-0.6983190507064237
-0.6322435736656189,-0.6056218147277832,-0.6238812804222107,-0.6080069277402871
-0.579689621925354,-0.596205472946167,-0.5963745713233948,-0.5269511949114623
-0.5812969207763672,-0.578280508518219,-0.5939852595329285,-0.4381833356810425
-0.5621287226676941,-0.5492454171180725,-0.5456081032752991,-0.3617104645857431
-0.5335042476654053,-0.5286049246788025,-0.5373795628547668,-0.2847489711211507
-0.7417109608650208,-0.7880217432975769,-0.864533007144928,-1.2218487496163564
-0.7218367457389832,-0.8079932332038879,-0.8309213519096375,-1.2218487496163564
-0.8638477325439453,-0.8319982290267944,-0.8604429364204407,-1.1079053973095196
-0.8905300498008728,-0.8751888871192932,-0.8646738529205322,-0.906578314837765
-0.4699249565601349,-0.6064502000808716,-0.5490490794181824,-0.36051351073141397
-0.16873563826084137,-0.1495605856180191,-0.10934926569461823,-0.1180450286603995
0.008931120857596397,-0.08653980493545532,-0.152479350566864,-0.08039897621588903
-0.13736653327941895,-0.05117778852581978,-0.07091092318296432,-0.0004345117740176917
-0.07400213927030563,-0.07627325505018234,-0.05012853071093559,0.012837224705172217
0.12467920780181885,0.21250119805335999,0.2415221482515335,0.17955179116518774
-1.8686656951904297,-1.902183175086975,-1.776326060295105,-2.0861861476162833
-2.0421204566955566,-2.0742764472961426,-1.842711329460144,-2.070581074285707
-2.0317769050598145,-2.1185896396636963,-2.0175957679748535,-1.9469215565165803
-1.3799045085906982,-1.3375725746154785,-1.5147247314453125,-1.8181564120552274
-1.5060179233551025,-1.5118612051010132,-1.5729857683181763,-1.744727494896694
-1.5732992887496948,-1.404802918434143,-1.4470622539520264,-1.7212463990471711
-1.4384764432907104,-1.4891771078109741,-1.5179740190505981,-1.6073030467403342
-1.6280224323272705,-1.614529013633728,-1.5732802152633667,-1.6055483191737838
-1.574777364730835,-1.657475233078003,-1.6768407821655273,-1.5917600346881504
-0.4586688280105591,-0.44713568687438965,-0.4665098190307617,-0.5673513399868932
-0.4365752339363098,-0.46583291888237,-0.5109153389930725,-0.505149978319906
-0.4758208990097046,-0.4008067846298218,-0.467741459608078,-0.4854522473397139
-0.3940008580684662,-0.4880162477493286,-0.48957106471061707,-0.4438181533470888
-0.4481910765171051,-0.4204767644405365,-0.42820850014686584,-0.3810110796350664
-0.41406524181365967,-0.44298437237739563,-0.4584934711456299,-0.40538649083990197
-0.4974084496498108,-0.43848681449890137,-0.43326106667518616,-0.38142897187987024
-0.49550315737724304,-0.5125916004180908,-0.5533921718597412,-0.8359447081065484
-0.5067703127861023,-0.4591890573501587,-0.5293160080909729,-0.349401101827343
-0.42994946241378784,-0.4370071291923523,-0.4890129566192627,-0.31184724440843364
-0.5058741569519043,-0.47993892431259155,-0.4509929120540619,-0.2977418368379057
-0.48900800943374634,-0.5505859851837158,-0.5336592197418213,-0.7368375350377834
-0.4841786324977875,-0.5876340866088867,-0.5577123761177063,-0.7354182707619226
-0.5848529934883118,-0.5327606797218323,-0.5053013563156128,-0.6219656775426685
-0.4980495572090149,-0.5905323624610901,-0.5589855313301086,-0.5249101966109935
-0.5559907555580139,-0.5437458753585815,-0.5304540991783142,-0.445389714773836
-0.5259173512458801,-0.5433844327926636,-0.5647969245910645,-0.6029294500405913
-0.589260458946228,-0.5303282737731934,-0.5880270600318909,-0.4628107737563554
-0.47329196333885193,-0.5573342442512512,-0.5075256824493408,-0.4103854593687336
-0.5574387907981873,-0.5382072925567627,-0.508310079574585,-0.43806423668621863
-0.6376074552536011,-0.6120240092277527,-0.6318710446357727,-1.2724587429714436
-0.6717513799667358,-0.6699969172477722,-0.5999297499656677,-0.9738754832545498
-0.6829022765159607,-0.6742455363273621,-0.6205816268920898,-0.8965383779052951
-0.626422643661499,-0.5961526036262512,-0.632896900177002,-0.6831912479469778
-0.6599535346031189,-0.6797893643379211,-0.6992863416671753,-0.6895191085373249
-0.6420812606811523,-0.5841615200042725,-0.6049218773841858,-0.732593581247096
-0.6409294605255127,-0.621367871761322,-0.6217007637023926,-0.6613443344212997
-0.6636565327644348,-0.5864852666854858,-0.6109384894371033,-0.7160207157615202
-0.6389262676239014,-0.630155086517334,-0.6569361686706543,-0.5895602137896534
-0.6239830851554871,-0.6551938652992249,-0.666655957698822,-0.5151309672795976
-0.826730489730835,-0.8235598206520081,-0.8748620748519897,-1.2006594505464183
-0.8803399205207825,-0.9038668870925903,-0.8439858555793762,-0.9366666410482505
-0.8960373997688293,-0.8679348230361938,-0.8799274563789368,-0.9310723883179282
-0.8512687087059021,-0.7859562635421753,-0.856307864189148,-0.9329291439546299
-0.7967967987060547,-0.8582143187522888,-0.8315853476524353,-0.8804142250382161
-0.825173020362854,-0.8750351071357727,-0.8825727701187134,-0.8063189704587185
-0.8305219411849976,-0.8558556437492371,-0.876804530620575,-0.870310107800699
-0.32468754053115845,-0.22079704701900482,-0.3725288510322571,-0.24382048315619081
-0.3153097331523895,-0.4267200529575348,-0.46777206659317017,-0.5757719293040201
-0.422990620136261,-0.44245219230651855,-0.4981887936592102,-0.8024437868464636
0.15321694314479828,-0.0015103317564353347,0.06818599253892899,0.20954496696099478
0.22158439457416534,0.34577104449272156,0.2518337666988373,0.3979400086720376
0.14083942770957947,0.12066065520048141,0.097202368080616,0.3010299956639812
0.2934940457344055,0.2841036021709442,0.3541509509086609,0.47712125471966244
0.3877617120742798,0.2701001763343811,0.33487647771835327,0.6232492903979004
0.3335745334625244,0.27281999588012695,0.24432094395160675,0.5026753592168675
0.44081467390060425,0.30284231901168823,0.32386165857315063,0.6142258984213878
-0.060454823076725006,0.0068029495887458324,0.09333015978336334,0.012234456597967703
0.23754797875881195,0.21197544038295746,0.17914898693561554,0.4589541980511784
-0.13151849806308746,0.003431506222113967,-0.10379891842603683,-0.05270635037590795
0.21860899031162262,0.26366281509399414,0.21952183544635773,0.6447740602880089
-0.010432461276650429,0.004599859472364187,-0.016724038869142532,0.018284308426530838
-0.34850719571113586,-0.3215067982673645,-0.3541855812072754,-0.11019661859479678
0.0523943193256855,0.030962875112891197,0.010708939284086227,-0.10902040301031106
-0.025775501504540443,0.03146377578377724,0.013877647928893566,-0.0940899092677171
0.04208230599761009,-0.030992796644568443,0.06201012060046196,-0.02410886359820726
0.010675359517335892,0.01961279660463333,-0.034875720739364624,0.02720896819997141
0.096200130879879,0.006023772060871124,-0.009594375267624855,0.0998044433041503
0.029719291254878044,0.02719113603234291,0.008345311507582664,0.10788802518279862
0.05181753262877464,-0.03861056640744209,0.06145508214831352,0.10872827931360363
0.06483232229948044,0.054957639425992966,0.04670108109712601,0.20969985999055984
0.11791446059942245,0.16248659789562225,0.13751961290836334,0.2916899695184114
0.14401637017726898,0.19441279768943787,0.1366298496723175,0.29868372048608793
0.18215110898017883,0.23335318267345428,0.2076062113046646,0.3865604630023305
0.15112987160682678,0.21064551174640656,0.1972455382347107,0.42679297715690084
0.45547330379486084,0.47493916749954224,0.4865637421607971,0.5616232851850957
0.46777111291885376,0.4515146017074585,0.37883684039115906,0.6784270455926749
0.15012475848197937,0.26113125681877136,0.26294413208961487,-0.032750908104465355
0.31387850642204285,0.2989270091056824,0.23892074823379517,0.09344450148434116
0.4616718590259552,0.512057900428772,0.4170294404029846,0.2741879469074017
0.2274368405342102,0.25610822439193726,0.19182641804218292,-0.09691001300805639
-0.480774462223053,-0.5018593072891235,-0.30423593521118164,-0.6540944148984977
-0.6677137613296509,-0.5403799414634705,-0.6800252199172974,-0.41718857281470545
-0.45919764041900635,-0.42775046825408936,-0.4310931861400604,-0.1985984779267072
-0.15855000913143158,-0.2232121378183365,-0.10502807796001434,-0.2146397853729054
-0.08266075700521469,-0.17637844383716583,-0.13568803668022156,-0.190814516175901
-0.3368821144104004,-0.2738657295703888,-0.340025395154953,-0.15039634191755286
-0.14672218263149261,-0.07367553561925888,-0.12143950164318085,-0.14232110129794023
-0.09870845824480057,-0.10634330660104752,-0.12647511065006256,-0.12816770699777874
-0.0735410526394844,-0.15575118362903595,-0.1358077973127365,-0.11383085524925907
-0.059075795114040375,-0.08078549057245255,-0.12913604080677032,-0.056615418038935474
-0.06405473500490189,-0.06672564893960953,0.018061166629195213,-0.009759837190452963
-0.036733273416757584,0.03059726022183895,-0.013047844171524048,0.056481355994818405
-0.0730893686413765,-0.012040190398693085,0.0037200746592134237,0.07332889545891551
0.03160512074828148,0.12779542803764343,-0.01545897126197815,0.2008731699685176
0.30085307359695435,0.332337349653244,0.35798215866088867,0.34436172657723013
-0.6791859865188599,-0.6997318267822266,-0.7345574498176575,-0.549750891680639
-0.37458282709121704,-0.4289597272872925,-0.2700207233428955,-0.15946553349396328
-0.07085373252630234,-0.09096310287714005,-0.11515917629003525,-0.3295610847005251
-0.055833350867033005,-0.07441851496696472,-0.0536482147872448,-0.22944593116250397
-0.42165860533714294,-0.4433673322200775,-0.42074552178382874,-0.5673432138807175
-0.33389294147491455,-0.3922513425350189,-0.3723798394203186,-0.5673432138807175
-0.4618074297904968,-0.45097631216049194,-0.4161889851093292,-0.5668017296418394
-0.48406270146369934,-0.5046970844268799,-0.488089919090271,-0.5439418434658778
-0.5272771120071411,-0.46280547976493835,-0.4671474099159241,-0.5364868325165151
-0.47774168848991394,-0.5842211246490479,-0.45649778842926025,-0.5220284204377136
-0.15435028076171875,-0.2382131665945053,-0.17508547008037567,-0.48030556772065525
-0.07396502047777176,-0.10143964737653732,-0.15706175565719604,-0.4782325591977878
0.1742553412914276,0.2080679088830948,0.18096353113651276,-0.4782325591977878
-0.28013449907302856,-0.369346022605896,-0.3193248510360718,-0.37724747181484225
-0.44348281621932983,-0.37641242146492004,-0.4030221998691559,-0.3637862560548609
-0.43807652592658997,-0.3562806248664856,-0.3933182656764984,-0.363176161897659
-0.4586627185344696,-0.48136550188064575,-0.4300380051136017,-0.3226854669471636
-0.0984560027718544,-0.0671638771891594,-0.13414882123470306,-0.31188586422845
-0.21066612005233765,-0.11973920464515686,-0.13112576305866241,-0.23669085465312154
-0.026544490829110146,-0.11503282934427261,-0.11063458025455475,-0.23584875541481853
-0.10566134005784988,-0.22230717539787292,-0.17596107721328735,-0.21059351575741816
-0.1915801614522934,-0.1915576159954071,-0.1782592535018921,-0.17810148138083345
-0.8138530254364014,-0.8045027256011963,-0.7997168302536011,-0.6731357992302842
-0.6115315556526184,-0.5844229459762573,-0.6236816048622131,-0.5174837133936314
-0.601888120174408,-0.5570098757743835,-0.5326862335205078,-0.5127247457235133
-0.4085941016674042,-0.4351402223110199,-0.5229247212409973,-0.36751005293249434
-0.3097703158855438,-0.38695845007896423,-0.4950324296951294,-0.3360636208328832
-0.4489904046058655,-0.4314807951450348,-0.4936480224132538,-0.21489988991379247
-0.24349133670330048,-0.31474635004997253,-0.26767629384994507,-0.2006594505464183
-0.23190830647945404,-0.14884443581104279,-0.24849899113178253,-0.10065836056122002
-0.48123642802238464,-0.45583784580230713,-0.42815837264060974,-0.3554207484911977
-0.32211002707481384,-0.21114785969257355,-0.33076032996177673,-0.3554207484911977
-0.4932591915130615,-0.45704740285873413,-0.5303865075111389,-0.26991019520209963
-0.315530925989151,-0.36010274291038513,-0.350768119096756,-0.23785753639708654
-0.10037697106599808,-0.09323882311582565,-0.07539617270231247,-0.18008021432001875
0.08265244215726852,-0.08284471184015274,0.059379469603300095,-0.18008021432001875
-0.05031166225671768,-0.10880545526742935,-0.06687682121992111,-0.09815263024360253
0.07802406698465347,0.021664593368768692,0.0025820196606218815,-0.04880129982362428
0.14537452161312103,0.05405695363879204,0.11825111508369446,0.05712248842824465
0.2134580910205841,0.21658597886562347,0.19049812853336334,0.05712248842824465
0.11981972306966782,0.1120678260922432,0.194862499833107,0.12913723733660182
0.122964046895504,0.1386003941297531,0.08780345320701599,0.13353890837021754
0.3027271032333374,0.34121638536453247,0.2701893448829651,0.14221063358277364
0.22300313413143158,0.18592822551727295,0.2509707808494568,0.1549019601160315
0.24234135448932648,0.17991358041763306,0.10188481211662292,0.23811782207002763
0.34375420212745667,0.35912078619003296,0.3287103474140167,0.2516729764842136
-0.3704187572002411,-0.3722822964191437,-0.3808721601963043,-0.43593532675574675
-0.3160512447357178,-0.3237254321575165,-0.2943635880947113,-0.37794337977806003
-0.20555570721626282,-0.23929129540920258,-0.23883377015590668,-0.30330976191773606
-0.17967280745506287,-0.23162958025932312,-0.23749658465385437,-0.25984406809506666
-0.25542157888412476,-0.32507672905921936,-0.30440402030944824,-0.25984406809506666
-0.15693750977516174,-0.19085025787353516,-0.18260906636714935,-0.19289727823873853
-0.1167730912566185,-0.10599686950445175,-0.1241161972284317,-0.18412335409374816
-0.12889324128627777,-0.13213953375816345,-0.10339345782995224,-0.13490533168426733
0.025803305208683014,-0.02821476198732853,0.0376550629734993,-0.057018555768558576
0.010804114863276482,-0.07404044270515442,-0.016347218304872513,-0.0022797662537548664
-0.13561460375785828,-0.13330885767936707,-0.12476217746734619,-0.0022797662537548664
0.05830404907464981,0.02543509751558304,0.024239271879196167,0.1887886487863785
-0.019057990983128548,-0.04707430675625801,-0.08062474429607391,0.21727718662459572
-0.04881647974252701,-0.016330311074852943,-0.07696130871772766,0.2374805726051551
0.1829921454191208,0.06539083272218704,0.08753015100955963,0.3210266241432076
-0.3964124321937561,-0.3231787383556366,-0.35137468576431274,-0.43365556050427767
-0.3193504214286804,-0.3082829415798187,-0.39206501841545105,-0.40952188145660656
-0.3049984574317932,-0.2082924097776413,-0.245216965675354,-0.28752752499443957
-0.14333976805210114,-0.2316073328256607,-0.2677481770515442,-0.26172026169580764
-0.22307883203029633,-0.2163001447916031,-0.21910981833934784,-0.22184874961635637
-0.13121283054351807,-0.08005253225564957,-0.04939858987927437,-0.043225153994780684
-0.7545002698898315,-0.792335033416748,-0.7692134976387024,-0.7851066557945373
-0.8746870160102844,-0.8730326890945435,-0.8254116773605347,-0.722958751163961
-0.8450071215629578,-0.8637069463729858,-0.9206453561782837,-0.6772012592264116
-0.7402678728103638,-0.705258846282959,-0.756507396697998,-0.6202964085421426
-0.6594160795211792,-0.6624625325202942,-0.6198623180389404,-0.5699912891267562
-0.5762059688568115,-0.6451313495635986,-0.6291757822036743,-0.5436623518281054
-0.6848782300949097,-0.6292505860328674,-0.6579161286354065,-0.5128484034985583
-0.5637986660003662,-0.6237746477127075,-0.5668395161628723,-0.44167281265507613
-0.2396131157875061,-0.32349681854248047,-0.3269282877445221,-0.44167281265507613
-0.4952779710292816,-0.3828077018260956,-0.5054908990859985,-0.4171298720129916
-0.39715009927749634,-0.41236650943756104,-0.4511169195175171,-0.41238343639646746
-0.4598182439804077,-0.5127021670341492,-0.437102735042572,-0.37617126356243036
-0.34359240531921387,-0.39840489625930786,-0.3473963439464569,-0.31926641287816143
-0.3105253279209137,-0.3603857755661011,-0.3958694338798523,-0.315473423388411
-0.1062128022313118,-0.18617019057273865,-0.1868492066860199,-0.26896129426953747
-0.3935786485671997,-0.41758203506469727,-0.3684900999069214,-0.2588999686003586
-0.40819746255874634,-0.46469560265541077,-0.4392348527908325,-0.22388291929572948
-0.3279953598976135,-0.3448059558868408,-0.3839735686779022,-0.2059095481953826
-0.0626237764954567,0.14311565458774567,0.07097233086824417,-0.17477413944980896
0.1396832913160324,0.0814538300037384,0.14311183989048004,-0.07297520638854585
-0.5689657330513,-0.5221837759017944,-0.6143462061882019,-0.6624810797307943
-0.5528141856193542,-0.5148559212684631,-0.55072420835495,-0.39621318991009125
-0.441121906042099,-0.48615941405296326,-0.558668851852417,-0.3670549603402514
-0.49095284938812256,-0.4477543830871582,-0.5194492936134338,-0.18908769670424455
-0.13394573330879211,-0.23673591017723083,-0.2270163744688034,-0.07456873835349831
0.06677482277154922,0.04965703561902046,0.03900948166847229,0.0748339177218644
0.2742845416069031,0.5171316266059875,0.35821032524108887,0.2576785748691845
-0.9054820537567139,-0.8564403653144836,-0.7957503795623779,-1.5003129173815961
-0.30050286650657654,-0.34431368112564087,-0.3417210876941681,-0.5305655741017337
-0.4006957709789276,-0.3196556568145752,-0.3469091057777405,-0.48734042036666403
0.22217969596385956,0.23511043190956116,0.18435563147068024,0.019744058234361095
-0.19832666218280792,-0.1154436245560646,-0.16650629043579102,0.03862940243005338
-0.15686778724193573,-0.10772194713354111,-0.15115496516227722,0.05570015009757078
-0.049614790827035904,-0.05108802393078804,-0.11057014763355255,0.07410172065459913
-0.07417852431535721,-0.10294291377067566,-0.018465567380189896,0.0867343840878274
0.21347792446613312,0.23080576956272125,0.2265370637178421,0.10145764084925507
-0.10424447804689407,-0.14404699206352234,-0.12649761140346527,0.13738355598158747
-0.13361123204231262,-0.09899293631315231,-0.05319517105817795,0.14285032585119986
0.21925058960914612,0.2239769846200943,0.2197732925415039,0.35673014595256114
0.24984483420848846,0.2443484663963318,0.20170173048973083,0.3621667389433875
0.15044629573822021,0.11528238654136658,0.19383934140205383,0.3959153221015643
0.1788848638534546,0.13405746221542358,0.15776695311069489,0.402487636341328
0.4235115349292755,0.45888766646385193,0.46676725149154663,0.40792422959837915
0.3838585913181305,0.4062228202819824,0.5098178386688232,0.42367693550131325
0.1460348516702652,0.23829372227191925,0.13455864787101746,0.43841355180382857
0.17118287086486816,0.07354030013084412,0.18603314459323883,0.45041118880476105
0.47867628931999207,0.4618378281593323,0.5140977501869202,0.5688190582016213
0.4592902958393097,0.4361646771430969,0.42063722014427185,0.5706515271279107
0.3700231611728668,0.4864068031311035,0.38264039158821106,0.5918408261255956
0.41195768117904663,0.36458155512809753,0.4081506133079529,0.5928193346280735
0.707862138748169,0.6780702471733093,0.7777549028396606,0.6020599913279624
0.8074856996536255,0.6542273759841919,0.7476414442062378,0.6045776475542296
0.4410025179386139,0.4002978503704071,0.4430970847606659,0.6537201637344713
0.4306732714176178,0.5344277024269104,0.520599365234375,0.6543332743528781
0.6564339399337769,0.6190230250358582,0.5897481441497803,0.716779562789475
0.6074798703193665,0.6873204112052917,0.6384530067443848,0.7177580712363735
0.9919130802154541,1.0169645547866821,0.8976629376411438,0.7713652610266729
1.00897216796875,1.050284743309021,0.9374099373817444,0.7735554986752439
0.6503629088401794,0.6132473349571228,0.5713803172111511,0.8391802340934329
0.6959211230278015,0.6199458241462708,0.6624869108200073,0.8392879937259277
-0.949874758720398,-0.9043188691139221,-0.9068728685379028,-1.1479042951635552
-0.8514124155044556,-0.8383925557136536,-0.7997500896453857,-0.8801556840976107
-0.6110105514526367,-0.5076985955238342,-0.625270664691925,-0.6731627406462152
-0.8824748396873474,-1.0150688886642456,-0.9102994203567505,-0.5107298561200614
-0.6224912405014038,-0.5142017006874084,-0.5190435647964478,-0.45036054564177946
-0.6404406428337097,-0.6040210723876953,-0.4862372577190399,-0.382063246595471
-0.032761283218860626,-0.14953915774822235,0.0092517314478755,-0.17378730411854268
0.42760440707206726,0.5493609309196472,0.507000207901001,-0.00464490510180156
0.6376526951789856,0.6022325158119202,0.5556976795196533,0.14081549858019046
-0.6030749678611755,-0.5635050535202026,-0.4813028573989868,-0.37405093261531086
-0.3391721248626709,-0.29918524622917175,-0.3227572739124298,-0.07918124622134262
-0.030563214793801308,0.04449418559670448,0.08170027285814285,0.09483700436856744
0.2438974231481552,0.1959497481584549,0.3221563994884491,0.14575858060501137
-1.731154441833496,-1.799195647239685,-1.8037768602371216,-1.9348818236147542
-1.7477943897247314,-1.8141248226165771,-1.8164745569229126,-1.895492813274615
-1.8359192609786987,-1.8492350578308105,-1.8204517364501953,-1.8072030556357017
-1.8744763135910034,-1.8166240453720093,-1.803267478942871,-1.7911162164932428
-0.9219414591789246,-0.8627302050590515,-0.9111502170562744,-0.788779678628101
-1.1947630643844604,-1.2577544450759888,-1.2622687816619873,-1.56330740763222
-1.4679585695266724,-1.2789453268051147,-1.417913556098938,-1.3802112382372502
-1.3190103769302368,-1.2628974914550781,-1.3512589931488037,-1.2952776639176893
-1.2518643140792847,-1.3407280445098877,-1.3226064443588257,-1.1249387366083
-1.0495116710662842,-1.0991467237472534,-1.1080228090286255,-1.019239356472449
-0.8151277303695679,-0.8746164441108704,-0.8528636693954468,-0.9293465481015439
-0.8914496302604675,-0.9469842314720154,-0.8924201726913452,-0.8950578929448503
-0.8460129499435425,-0.8205581307411194,-0.8234400749206543,-0.6376432079739655
-1.044441819190979,-0.9875673651695251,-1.049055576324463,-0.8216872802856242
-1.1299018859863281,-1.0347529649734497,-0.9639869928359985,-0.5118833605445798
-0.8695435523986816,-0.8627482056617737,-0.8361018300056458,-0.3475305054175338
-0.9947925209999084,-0.8928328156471252,-0.9380143880844116,-0.7627569238267898
-0.8824973106384277,-0.8040664792060852,-0.9084101915359497,-0.5243737366068995
-0.6649278402328491,-0.589388370513916,-0.5566818714141846,-0.43046923305259943
-0.7120892405509949,-0.737490177154541,-0.6976504325866699,-0.3457936767490851
-0.6853365898132324,-0.6278406381607056,-0.6306957006454468,-0.4225082001627747
-0.6647537350654602,-0.7301243543624878,-0.7324677109718323,-0.3467874862246563
-0.6749643087387085,-0.6800705194473267,-0.7362931370735168,-0.24641694110709347
-0.3146902620792389,-0.2158137708902359,-0.21959005296230316,-0.15366288787019475
0.042402081191539764,0.13267642259597778,-0.0035372194834053516,-0.08671609823958155
-0.7591081857681274,-0.7900042533874512,-0.7554851770401001,-0.2614633584259947
-0.7330687642097473,-0.8040953874588013,-0.8491149544715881,-1.031517051446065
-1.482214331626892,-1.5036107301712036,-1.295398473739624,-0.9208187539523752
-0.6854555010795593,-0.5422762632369995,-0.6611746549606323,-0.6515453545576374
-0.15296834707260132,-0.2218586653470993,-0.28170084953308105,-0.539912085273989
0.05204050615429878,0.06584039330482483,0.1101728156208992,-0.3696503691059093
0.516611635684967,0.5284846425056458,0.6096522808074951,-0.2302819174938423
0.6961792707443237,0.5497741103172302,0.5144914984703064,-0.10962197848119476
0.15275241434574127,0.2277398258447647,0.18581759929656982,-0.8054253356122177
-0.19857171177864075,-0.30649131536483765,-0.197220578789711,-0.5772051759074791
-0.0031290072947740555,0.14199616014957428,0.0015824617585167289,-0.3507092614214544
0.20124658942222595,0.18350251019001007,0.1283092051744461,-0.21148323387821
0.18064305186271667,0.21527619659900665,0.053592879325151443,-0.16198685590182604
0.3745163083076477,0.39681702852249146,0.30895331501960754,0.05137109822562604
0.5380386114120483,0.4710187315940857,0.3867098093032837,0.05324551210355783
0.7002732157707214,0.6581398248672485,0.7847683429718018,0.2460844843030343
-0.7389906048774719,-0.7002614140510559,-0.6514241099357605,-0.9912260770822372
-0.6752902269363403,-0.818893313407898,-0.7994828224182129,-0.7925447722733509
-0.5049692988395691,-0.5394453406333923,-0.44536030292510986,-0.7457134072367736
-0.4022078514099121,-0.4355645477771759,-0.5175707936286926,-0.5471812803680585
-0.2702072560787201,-0.36977890133857727,-0.44477981328964233,-0.41144247912139986
-1.6748133897781372,-1.6263288259506226,-1.5671195983886719,-2.135577863490049
-1.3483766317367554,-1.5016428232192993,-1.4035272598266602,-1.6021142815314087
-1.045245885848999,-1.0724588632583618,-1.1539225578308105,-1.2869480805483653
-0.7682703137397766,-0.8401902318000793,-0.8926407098770142,-1.1831115995379629
-0.6281692385673523,-0.6487246751785278,-0.5871386528015137,-1.06294739826984
-0.9820055365562439,-0.7977023124694824,-0.8616548180580139,-1.431798275933005
-0.7289446592330933,-0.8247953653335571,-0.640970766544342,-1.2676062401770314
-0.6956971287727356,-0.8294767737388611,-0.7165217995643616,-1.0362121726544447
-0.44320595264434814,-0.5494099259376526,-0.285600870847702,-0.8601209135987634
-1.5294532775878906,-1.5514194965362549,-1.3894449472427368,-1.0915149811213503
-1.205883502960205,-1.3063725233078003,-1.230303168296814,-0.9393021596463883
-1.264672040939331,-1.2762666940689087,-1.3448338508605957,-0.8124792791635369
-0.8687360286712646,-0.9535958766937256,-0.9402486085891724,-0.7746907182741372
-1.2334142923355103,-1.2473251819610596,-1.288761019706726,-0.728158393463501
-1.1056984663009644,-1.1288126707077026,-1.1744614839553833,-0.6536470255493614
-0.6307993531227112,-0.6901679039001465,-0.7960663437843323,-0.6307841425898572
-0.8996845483779907,-0.853282630443573,-0.9061520099639893,-0.5702477199975919
0.06990759819746017,0.03365008905529976,0.1628788411617279,-0.022276394711152253
0.3793649673461914,0.11698344349861145,0.4202505946159363,0.6503075231319364
0.3154591917991638,0.1650930941104889,0.35758495330810547,0.7558748556724915
0.672154426574707,0.531355082988739,0.6319512128829956,-0.10463271122663816
-0.5097171068191528,-0.607060432434082,-0.6216097474098206,-0.16115090926274472
-0.29249823093414307,-0.284091979265213,-0.19798427820205688,-0.14874165128092473
-0.4940367341041565,-0.704738199710846,-0.601760745048523,-0.09691001300805639
-0.6126878261566162,-0.679419755935669,-0.5418065190315247,0.07188200730612536
-0.4391033351421356,-0.45615246891975403,-0.41625088453292847,-0.6989700043360187
-0.5840628743171692,-0.501028835773468,-0.467815101146698,-0.6777807052660807
-0.5058152079582214,-0.4857862591743469,-0.5525055527687073,-0.5528419686577808
-0.23850415647029877,-0.24639543890953064,-0.2565869987010956,-0.5086383061657274
-0.6246469616889954,-0.4569825232028961,-0.6044107675552368,-0.6020599913279624
-0.3991929888725281,-0.42602577805519104,-0.5240307450294495,-0.5528419686577808
-0.5766812562942505,-0.5148034691810608,-0.560441255569458,-0.4559319556497244
-0.2291584461927414,-0.14203576743602753,-0.23444603383541107,-0.431798275933005
-1.3799387216567993,-1.2927167415618896,-1.4210788011550903,-1.403557067791621
-1.360629916191101,-1.296356201171875,-1.3099067211151123,-1.3400749145650144
-1.1335978507995605,-1.1885462999343872,-1.124140977859497,-1.2957853135959878
-1.1362870931625366,-1.1073453426361084,-1.1619607210159302,-1.2902071478331225
-1.2006545066833496,-1.233535885810852,-1.1788065433502197,-1.2739717605981626
-1.2029987573623657,-1.1509273052215576,-1.1574441194534302,-1.2505093079948533
-0.9872647523880005,-0.9245476126670837,-1.0357418060302734,-1.2376430157272562
-1.1126333475112915,-1.1041312217712402,-1.1716175079345703,-1.209510955471654
-1.0754868984222412,-1.0779632329940796,-1.111336588859558,-1.1914798357415581
-1.1081821918487549,-1.140977144241333,-1.1810243129730225,-1.1892776845463975
-1.1349618434906006,-1.0768858194351196,-1.0738751888275146,-1.1616217507972884
-1.1927025318145752,-1.1386812925338745,-1.157874345779419,-1.147428807998436
-1.255981206893921,-1.1906800270080566,-1.147045373916626,-1.0674883021682888
-0.8864681124687195,-0.8151634931564331,-0.7117355465888977,-1.0651409866048887
-1.244255542755127,-1.2724997997283936,-1.3377689123153687,-1.0339679768604992
-1.273444414138794,-1.2365015745162964,-1.3045645952224731,-1.026354304975214
-1.2389684915542603,-1.3237888813018799,-1.3009965419769287,-1.002850514877846
-0.7050437927246094,-0.6574028134346008,-0.6707784533500671,-0.9326102797444273
-1.9336737394332886,-1.8655834197998047,-1.4855217933654785,-1.9355420107730814
-1.807211995124817,-1.7655065059661865,-1.2988598346710205,-1.8860566476931633
-2.165783643722534,-2.0448765754699707,-2.0825283527374268,-2.3841881453773732
-1.653389811515808,-1.6399084329605103,-1.6633650064468384,-1.863287928614366
-1.5794074535369873,-1.6180131435394287,-1.5583155155181885,-1.59307188689127
-1.4242968559265137,-1.4065829515457153,-1.5120681524276733,-1.584535642418604
-1.6525828838348389,-1.635323405265808,-1.6567422151565552,-1.5653371899373132
-1.547910451889038,-1.6709498167037964,-1.569820761680603,-1.5469516027983703
-1.1444138288497925,-1.0450674295425415,-1.0247395038604736,-1.3269370670011866
-1.1704387664794922,-1.0918173789978027,-1.1603723764419556,-1.0555173278498313
-0.9065613746643066,-1.0231211185455322,-0.7204678058624268,-1.6777807052660807
-1.3341182470321655,-1.3520770072937012,-1.5285661220550537,-1.2596373105057561
-0.2623024880886078,-0.21230246126651764,-0.1791570782661438,-0.4814860601221125
-0.8010575175285339,-0.7894472479820251,-0.7499752640724182,-1.3098039199714864
-0.8312309384346008,-0.8673759698867798,-0.7632083296775818,-1.0222763947111522
-0.7197996973991394,-0.7404913306236267,-0.772014319896698,-0.7594507517174003
-0.6631217002868652,-0.735264003276825,-0.6488673686981201,-0.6635402661514704
-0.9430611729621887,-0.9814680814743042,-0.9595814943313599,-0.640164517660112
-0.8736089468002319,-0.8006682991981506,-0.8087192177772522,-0.575118363368933
-0.7294027805328369,-0.7602277994155884,-0.738292932510376,-0.5606673061697374
-0.5047814846038818,-0.42133814096450806,-0.5209115147590637,-0.5272435506827877
-0.5074605345726013,-0.5074261426925659,-0.525883138179779,-0.5157001606532141
-0.2071240097284317,-0.1652311533689499,-0.2457321137189865,-0.28567024025476695
-0.6999369263648987,-0.7269659638404846,-0.7272494435310364,-0.14146280243036088
-0.6494861841201782,-0.703370213508606,-0.7093930244445801,0.16316137497701835
-0.5219056010246277,-0.4918917715549469,-0.4257553219795227,0.34791518650169134
-0.21816374361515045,-0.1744762808084488,-0.1725500226020813,0.4129642719966628
-2.3865087032318115,-2.5347535610198975,-2.53493595123291,-2.3979400086720375
-2.8642125129699707,-2.9570930004119873,-2.9790196418762207,-2.3010299956639813
-2.539438486099243,-2.4845166206359863,-2.7001593112945557,-2.6989700043360187
-1.8648368120193481,-1.964148998260498,-1.7528302669525146,-2.657577319177794
-2.6443710327148438,-2.475459098815918,-2.6769323348999023,-2.2596373105057563
-2.9824070930480957,-2.9270811080932617,-2.715805768966675,-3.154901959985743
-0.5698028802871704,-0.6207759380340576,-0.6601254940032959,-0.5139948136377577
-0.925503134727478,-0.9464892745018005,-0.9524766206741333,-0.4682656907234498
-0.5616295337677002,-0.6083329319953918,-0.5204823613166809,-0.4495270428934366
-0.5946667194366455,-0.5440938472747803,-0.6011905074119568,-0.4021951575957071
-0.5609339475631714,-0.6778368949890137,-0.5861222743988037,-0.39913596369016047
-0.6252673268318176,-0.5901076793670654,-0.6070380806922913,-0.32799455497704816
-0.5228663086891174,-0.55368572473526,-0.4117778241634369,-0.30557030904291693
-0.23463164269924164,-0.2806749939918518,-0.27216944098472595,-0.17672144304832926
-0.5522317886352539,-0.49706941843032837,-0.5382158160209656,-0.09468993788391449
-0.22084951400756836,-0.23254913091659546,-0.27917030453681946,-0.08139308485501809
-0.27533793449401855,-0.2770862579345703,-0.23205670714378357,-0.03198428600635821
0.13867834210395813,0.1546310931444168,0.12745364010334015,-0.029049065654575875
-0.20697610080242157,-0.3097640573978424,-0.22800372540950775,-0.014124642691606343
-0.260987251996994,-0.231754332780838,-0.21531955897808075,0.02759421182622589
-0.12447155267000198,-0.14349061250686646,-0.21621504426002502,0.030275802889287887
-0.2603076696395874,-0.1981935352087021,-0.2223225235939026,0.04261488458852481
0.1045616865158081,0.18471091985702515,0.043078988790512085,0.08678679562662422
0.15409891307353973,0.03003953956067562,0.1745469719171524,0.08972853307473597
0.0880807638168335,0.09492221474647522,0.08668298274278641,0.1267157036857395
0.11725399643182755,0.06524184346199036,0.15056027472019196,0.13097669160561715
0.159844771027565,0.17755727469921112,0.13632860779762268,0.13097669160561715
-0.11426443606615067,-0.09306035190820694,-0.0789373442530632,0.15624619039734447
0.1760670691728592,0.23779062926769257,0.18040478229522705,0.19434780728009307
0.14677070081233978,0.15760228037834167,0.1909286081790924,0.19542914245706253
0.2203858345746994,0.21664245426654816,0.25255078077316284,0.22541267286595434
-0.1547590047121048,-0.038302551954984665,-0.07676755636930466,0.24368280735719336
0.2569870054721832,0.1827426254749298,0.2353370189666748,0.24762962067911384
0.18302442133426666,0.1939704269170761,0.16561275720596313,0.26533677796791766
0.23348502814769745,0.27352625131607056,0.15456312894821167,0.2664668954402414
0.2106703370809555,0.23524217307567596,0.26071876287460327,0.28284860283464475
-0.1522972285747528,-0.2513701319694519,-0.1952873170375824,0.29426777217945776
0.2605298161506653,0.2598665952682495,0.2626442611217499,0.2968844755385471
0.20646461844444275,0.10390114039182663,0.11283750087022781,0.3313057985532691
0.10364174097776413,0.19494886696338654,0.1675383746623993,0.33415205299228645
0.21463742852210999,0.11131703108549118,0.19167698919773102,0.3523176109368268
0.24985012412071228,0.2698526978492737,0.2311299592256546,0.35856297666105563
0.12959514558315277,0.16393600404262543,0.26640719175338745,0.3839589106791115
0.3659963011741638,0.2286824882030487,0.2492818385362625,0.38797679499043713
0.09151685237884521,0.18512322008609772,0.19677074253559113,0.39003380589575937
0.1011606976389885,0.25835418701171875,0.1634095460176468,0.43389778398306555
0.3086435794830322,0.28197917342185974,0.3625675439834595,0.4756276114410809
0.1792021244764328,0.3169671297073364,0.30541837215423584,0.5129110878474195
-1.0298551321029663,-1.0071920156478882,-0.9808166027069092,-0.5528419686577808
-0.369811087846756,-0.26675257086753845,-0.2359386682510376,-1.3872161432802645
-0.6491111516952515,-0.6983850598335266,-0.7498899698257446,-0.5169835798558678
-0.46792834997177124,-0.29148975014686584,-0.43969932198524475,-0.444421927227045
0.07494940608739853,0.09776919335126877,0.18094098567962646,-0.1966111750163865
-0.2752462327480316,-0.03800506144762039,-0.06676404923200607,-0.08118360963962049
-0.12280399352312088,-0.05365120619535446,-0.21760430932044983,0.23585656875297398
-0.047900211066007614,-0.01047669816762209,-0.214511901140213,0.18315591543401297
0.20581893622875214,0.22992058098316193,0.19980986416339874,0.4241790135787822
0.2680285573005676,0.2237894982099533,0.286338210105896,0.3907585287387172
0.42541271448135376,0.4388641119003296,0.39527732133865356,0.594878511394642
0.39052414894104004,0.46976014971733093,0.42803287506103516,0.6056066844300941
0.4162713885307312,0.36181509494781494,0.35091984272003174,0.11394335230683678
0.280719518661499,0.39861464500427246,0.36249881982803345,0.414973347970818
0.49166250228881836,0.585000216960907,0.5739057660102844,0.7211756032766088
0.5559720993041992,0.5545048117637634,0.6128823161125183,0.6695121296915462
0.6630352735519409,0.6781070232391357,0.5385274291038513,0.6961116468379268
0.6957505345344543,0.7124571204185486,0.7653005123138428,0.7745753543387348
-0.31869131326675415,-0.281233549118042,-0.2939559817314148,-1.0145735259169983
-0.44937705993652344,-0.5799373388290405,-0.35467246174812317,-1.5686362358410126
-1.238577127456665,-1.2946158647537231,-1.2345871925354004,-1.1018235165023234
-1.1316431760787964,-1.1675570011138916,-1.118859887123108,-1.0655015487564323
-1.052568793296814,-1.0261644124984741,-1.095704436302185,-0.9408153823686288
-0.8151922821998596,-0.7736791372299194,-0.778475284576416,-0.8833922560117515
-0.12169674783945084,-0.2832810878753662,-0.13006015121936798,-0.4188471080337112
-0.7436009645462036,-0.6550114154815674,-0.5331271290779114,-1.2612194415156308
-1.2778949737548828,-1.182746171951294,-1.0623599290847778,-0.8227521637443765
-0.9437271952629089,-0.8929769992828369,-0.9508383870124817,-0.7700623140920662
-1.17744779586792,-0.8991953134536743,-0.9536302089691162,-0.5868679495651279
-1.0791866779327393,-1.0381983518600464,-1.0776485204696655,-0.5678327305574118
-0.9954330921173096,-0.8866400122642517,-1.1426851749420166,-1.4921441283041692
-0.6178781986236572,-0.7815205454826355,-0.6831125617027283,-0.9689957186364632
-0.8276104927062988,-0.8479848504066467,-0.7082830667495728,-0.9200955323332792
-0.30904293060302734,-0.1866297572851181,-0.3129229247570038,-0.7286231281059254
-1.5695151090621948,-1.4178255796432495,-1.5487381219863892,-0.4962093169428189
-0.17142952978610992,-0.19072537124156952,-0.23376628756523132,-0.18555262147751236
-0.09046685695648193,-0.011879970319569111,-0.025171201676130295,-0.04038628892895605
0.09467890113592148,0.029375407844781876,0.014704834669828415,0.11630881465541631
0.10782026499509811,0.15742774307727814,0.16608239710330963,0.2719809300094053
0.3637300133705139,0.3265407085418701,0.43747803568840027,0.4517710891583845
-1.1775739192962646,-1.3594197034835815,-1.4141149520874023,-1.496209316942819
-0.23984777927398682,-0.3635008931159973,-0.3237329423427582,-0.203888420908117
