6,13,42,reversible fouling ratio (%)
16.836301803588867,18.781871795654297,16.908042907714844,26.0
27.019094467163086,26.841272354125977,25.7783145904541,25.0
32.86747741699219,33.65643310546875,30.933610916137695,18.5
34.95533752441406,37.52299499511719,34.77604293823242,18.0
32.812198638916016,33.6990966796875,28.73672103881836,25.0
17.509241104125977,17.290422439575195,16.989049911499023,19.0
26.808256149291992,22.712678909301758,25.477514266967773,22.0
18.1766414642334,18.863727569580078,19.204858779907227,10.0
24.848608016967773,24.99788475036621,23.72769546508789,15.0
25.737316131591797,26.485694885253906,29.628631591796875,21.0
20.50341796875,19.738737106323242,19.853275299072266,17.24
26.18109130859375,28.924541473388672,27.399747848510742,36.63
24.999679565429688,24.57645034790039,23.15093231201172,51.8
38.33210372924805,32.98237609863281,39.289608001708984,37.38
32.03695297241211,19.09116554260254,29.6475772857666,22.0
40.3176155090332,31.181991577148438,32.40645217895508,38.0
46.34515380859375,39.26716613769531,34.27137756347656,42.0
46.36122131347656,45.10246658325195,39.43106460571289,48.0
25.766389846801758,25.916440963745117,20.701488494873047,14.3
22.856008529663086,24.71355628967285,20.60049819946289,35.7
32.167354583740234,24.606813430786133,25.96657943725586,10.0
30.613346099853516,26.115631103515625,29.566125869750977,25.0
26.941162109375,30.629558563232422,29.74420928955078,50.0
36.494651794433594,35.51810073852539,36.69034957885742,25.0
18.15408706665039,20.820602416992188,18.641162872314453,14.3
20.882783889770508,20.182796478271484,19.150938034057617,35.7
22.746713638305664,22.67469024658203,25.559478759765625,10.0
26.068967819213867,24.63039779663086,28.235164642333984,25.0
26.141883850097656,30.931550979614258,29.843799591064453,50.0
31.686872482299805,32.70283889770508,31.66178321838379,25.0
20.634262084960938,21.035552978515625,16.617813110351562,14.3
21.856719970703125,19.25526237487793,17.86541175842285,35.7
21.73503875732422,23.963329315185547,24.86383056640625,10.0
28.112842559814453,25.328693389892578,24.477333068847656,25.0
27.319875717163086,31.529098510742188,29.34256362915039,50.0
33.06278610229492,32.01570129394531,29.796817779541016,25.0
31.72173500061035,37.15083312988281,34.881954193115234,23.0
41.002315521240234,13.021180152893066,32.20586013793945,36.0
37.36830520629883,18.139713287353516,38.93487548828125,62.0
43.89037322998047,20.927940368652344,34.85868835449219,70.0
36.16564178466797,27.13596534729004,31.15694808959961,22.5
49.918704986572266,41.502899169921875,42.192710876464844,31.0
45.79772186279297,40.9411735534668,40.14715576171875,36.0
56.56245422363281,49.91012954711914,47.02372360229492,38.5
39.57265853881836,42.6981086730957,42.56670379638672,32.0
50.15115737915039,69.68299865722656,57.498802185058594,5.3
9.69597339630127,-7.180312156677246,-0.6155808568000793,7.1
44.696563720703125,67.01844787597656,27.742021560668945,9.2
25.977304458618164,67.04337310791016,34.73752212524414,17.1
50.350887298583984,69.0810775756836,37.680213928222656,7.8
33.26223373413086,35.596073150634766,22.265804290771484,16.0
44.082542419433594,42.469032287597656,45.27610778808594,31.0
32.32826232910156,35.32124710083008,34.75032043457031,53.0
29.967058181762695,40.936771392822266,36.01654815673828,55.0
7.6863226890563965,11.258652687072754,10.840826034545898,29.0
24.512332916259766,27.791839599609375,24.183937072753906,17.0
19.768497467041016,28.487180709838867,26.950061798095703,20.0
27.14845848083496,24.964946746826172,26.21152687072754,29.0
29.560407638549805,36.58273696899414,38.04671096801758,42.0
40.03403854370117,46.69112777709961,46.65030288696289,65.0
53.468605041503906,57.11189651489258,52.0760498046875,42.0
10.965170860290527,9.764578819274902,18.624195098876953,5.0
14.399853706359863,12.356915473937988,17.858518600463867,20.0
24.518632888793945,24.021007537841797,20.313282012939453,14.0
23.74530601501465,30.737409591674805,28.60170555114746,8.0
8.921311378479004,10.415032386779785,8.980354309082031,8.57
29.248682022094727,22.506258010864258,21.46160888671875,11.0
27.212871551513672,19.326488494873047,22.261260986328125,14.84
9.148909568786621,3.4138364791870117,7.221927165985107,8.0
11.083086967468262,9.57329273223877,8.730949401855469,9.2
12.675602912902832,15.102351188659668,16.03385353088379,7.6
52.02256774902344,48.464237213134766,49.3418083190918,40.0
64.08796691894531,62.42310333251953,62.0989990234375,60.0
63.01934051513672,62.02986526489258,65.21455383300781,70.0
23.13428497314453,25.1275691986084,22.113779067993164,15.0
39.01762008666992,37.718467712402344,35.88690185546875,17.5
25.327436447143555,29.028167724609375,30.89879608154297,32.5
39.39720153808594,32.60666275024414,33.334983825683594,37.0
36.83218765258789,34.03606414794922,32.961830139160156,41.0
26.777585983276367,25.178150177001953,23.708120346069336,7.0
31.533565521240234,31.92999267578125,29.860979080200195,11.5
34.41250228881836,34.3099479675293,37.685935974121094,34.6
37.957698822021484,38.747135162353516,40.51223373413086,44.0
28.40257453918457,22.189598083496094,31.016403198242188,7.0
39.11604309082031,39.15856170654297,36.90654373168945,17.5
43.34059143066406,40.494903564453125,41.322540283203125,37.5
46.2613639831543,41.2000846862793,42.64896011352539,50.0
47.65618896484375,40.989994049072266,44.905975341796875,60.0
19.90794563293457,14.787652969360352,10.634124755859375,7.0
35.40534973144531,30.367094039916992,27.808313369750977,21.0
26.89314842224121,26.892152786254883,21.828594207763672,42.0
23.413230895996094,30.410066604614258,27.36701202392578,55.0
35.40099334716797,34.45133590698242,34.817440032958984,21.3
29.229724884033203,31.51331329345703,28.682144165039062,46.7
31.375213623046875,35.040428161621094,36.2104606628418,42.0
33.244808197021484,35.20721435546875,35.371673583984375,36.0
35.573158264160156,36.349735260009766,41.45595169067383,28.0
33.85550308227539,33.182010650634766,31.657445907592773,30.0
36.55531311035156,37.27568435668945,37.662132263183594,35.0
33.44435501098633,34.62565612792969,35.946937561035156,30.0
34.993675231933594,35.257049560546875,36.4939079284668,32.5
38.901004791259766,36.0047492980957,39.78020477294922,39.5
38.11838912963867,40.84672164916992,40.2578010559082,37.5
28.026336669921875,28.200674057006836,29.74421501159668,32.2
33.788536071777344,33.39488983154297,29.59475326538086,35.5
28.9217472076416,31.078994750976562,28.672574996948242,32.0
30.499755859375,31.132884979248047,31.004486083984375,35.0
35.77109146118164,35.32302474975586,32.13176727294922,36.2
30.952943801879883,27.820602416992188,29.272504806518555,12.5
45.75637435913086,43.4822998046875,46.72887420654297,29.0
40.404354095458984,41.79219055175781,39.88376998901367,49.0
0.7755845785140991,-7.489339828491211,2.2057626247406006,28.2
18.190732955932617,16.026611328125,15.865509033203125,27.8
16.31219482421875,17.49138832092285,15.543187141418457,25.1
23.4334659576416,22.25786018371582,23.199247360229492,16.1
21.689266204833984,22.52585792541504,20.77952003479004,22.3
9.838959693908691,-4.620344161987305,11.43030071258545,31.8
28.079992294311523,25.971256256103516,27.03792381286621,19.5
21.717763900756836,29.683258056640625,21.018278121948242,21.7
26.898191452026367,27.543928146362305,26.207550048828125,18.3
30.780927658081055,22.408124923706055,31.855627059936523,19.6
16.848081588745117,20.201499938964844,17.917634963989258,6.5
24.787174224853516,17.67293357849121,23.886455535888672,7.5
27.768619537353516,23.11351776123047,23.846294403076172,6.5
23.524566650390625,16.78335952758789,13.700575828552246,13.0
25.776084899902344,22.260746002197266,22.817441940307617,11.0
17.79517364501953,20.64677619934082,21.757333755493164,12.0
15.865513801574707,16.337947845458984,12.134353637695312,6.2
9.827373504638672,11.123358726501465,11.119464874267578,10.8
16.85264015197754,11.448262214660645,13.577352523803711,15.0
8.975068092346191,11.83653450012207,10.244390487670898,7.5
6.476210117340088,11.339983940124512,6.678836822509766,6.5
8.459319114685059,8.38083267211914,9.881779670715332,7.5
12.678495407104492,11.7966947555542,8.303228378295898,6.5
6.712307453155518,8.534008026123047,9.0438232421875,13.0
5.5096306800842285,8.425223350524902,8.917217254638672,11.0
10.566657066345215,10.004534721374512,10.647941589355469,12.0
6.92953634262085,9.353279113769531,7.423269748687744,6.2
9.765690803527832,12.567014694213867,11.59041976928711,10.8
8.976284980773926,12.003847122192383,11.31131362915039,15.0
11.300570487976074,10.615708351135254,9.623236656188965,6.2
10.229437828063965,12.563751220703125,11.251834869384766,10.8
10.450528144836426,8.708165168762207,12.387048721313477,15.0
17.78272247314453,24.628293991088867,21.8947696685791,6.0
32.676639556884766,24.567903518676758,32.07914733886719,27.6
33.739044189453125,37.264156341552734,32.501773834228516,20.0
29.354867935180664,25.01919937133789,32.12382888793945,31.0
45.69448471069336,52.350711822509766,51.419124603271484,40.0
59.970394134521484,59.24359130859375,59.67500305175781,60.0
55.18593978881836,59.195892333984375,56.861602783203125,65.0
61.64173126220703,56.79243850708008,59.164459228515625,71.5
63.053749084472656,56.95201110839844,61.98283386230469,68.0
13.143887519836426,14.277277946472168,13.028572082519531,5.0
28.6979923248291,28.616439819335938,28.229455947875977,15.0
28.65730857849121,25.6571044921875,27.92135238647461,25.0
32.820587158203125,34.86766815185547,30.887964248657227,32.5
10.400782585144043,12.340398788452148,9.030509948730469,8.0
20.147628784179688,19.088726043701172,21.16053581237793,17.0
21.03391456604004,21.310731887817383,22.194719314575195,22.5
28.58184242248535,30.67265510559082,27.385738372802734,28.0
8.739424705505371,7.890533447265625,2.1020567417144775,20.0
20.954519271850586,16.042144775390625,15.536163330078125,24.0
20.408096313476562,12.484065055847168,19.69924545288086,35.0
23.780967712402344,32.583255767822266,31.819408416748047,15.0
13.94708251953125,22.45697784423828,17.951812744140625,48.0
24.32322883605957,29.470346450805664,23.946849822998047,46.0
47.35472869873047,47.705169677734375,47.284339904785156,45.0
49.06352996826172,45.88115692138672,46.7906608581543,52.0
49.49638366699219,49.78573226928711,47.827430725097656,46.0
49.959022521972656,50.27444076538086,47.51107406616211,48.0
51.62907409667969,54.33970260620117,50.97321319580078,64.0
55.874732971191406,54.8914680480957,54.10226821899414,72.0
59.970821380615234,53.562564849853516,52.23599624633789,77.0
60.566341400146484,60.03499984741211,60.384300231933594,62.5
66.77664947509766,65.13140869140625,66.13591003417969,60.0
41.36326599121094,45.377952575683594,38.17204284667969,26.8
54.91075897216797,54.03464889526367,53.582496643066406,55.5
53.72944259643555,57.9216423034668,54.29188919067383,66.6
68.79070281982422,68.6886215209961,69.84970092773438,64.8
55.72719955444336,54.4842414855957,55.3384895324707,51.7
29.970083236694336,40.036582946777344,32.38121795654297,26.8
47.26488494873047,40.843353271484375,44.82124328613281,55.5
47.72601318359375,60.37898635864258,47.29066848754883,66.6
51.836055755615234,55.33082962036133,56.350772857666016,64.8
47.82378387451172,45.70848846435547,46.38520050048828,51.7
37.06057357788086,38.38141632080078,40.5499267578125,26.8
50.02775192260742,52.62040710449219,52.6142463684082,55.5
53.2921257019043,58.613346099853516,61.388092041015625,66.6
58.15412902832031,59.814247131347656,61.28873825073242,64.8
52.58265686035156,53.023616790771484,51.95247268676758,51.7
38.89860153198242,44.18449401855469,36.96056365966797,26.8
48.36054611206055,50.651302337646484,53.22406005859375,55.5
54.5787353515625,60.18849563598633,57.41581726074219,66.6
60.484130859375,64.6233901977539,65.46157836914062,64.8
51.24940490722656,51.678016662597656,51.33085632324219,51.7
37.4912223815918,43.84393310546875,39.41194534301758,26.8
53.4361686706543,52.46185302734375,51.115867614746094,55.5
62.92845916748047,59.44516372680664,54.12140655517578,66.6
64.90061950683594,60.5380744934082,62.2400016784668,64.8
53.614349365234375,50.98799133300781,52.08409118652344,51.7
10.79973316192627,10.815255165100098,13.370809555053711,18.14
30.42280387878418,37.388031005859375,27.042369842529297,16.66
30.5048828125,35.76332473754883,25.408113479614258,19.99
-4.331204891204834,-4.246329307556152,-6.99833345413208,0.35
15.4867525100708,7.717006683349609,12.062313079833984,7.58
8.195415496826172,13.983048439025879,12.991691589355469,1.12
26.82475471496582,19.387290954589844,21.122573852539062,70.5
54.733070373535156,49.52614212036133,55.08116149902344,56.5
27.333581924438477,35.098445892333984,24.960742950439453,20.5
27.00478744506836,35.23493194580078,28.22911262512207,21.3
33.04252243041992,33.77210235595703,29.334857940673828,34.9
42.99582290649414,35.27519989013672,38.39213562011719,35.9
46.355674743652344,41.50661849975586,44.608909606933594,21.1
14.84517765045166,16.80002784729004,19.293855667114258,35.0
32.4349250793457,29.167713165283203,27.58481788635254,20.0
34.74370193481445,30.331552505493164,42.718441009521484,17.5
41.90275955200195,35.63007736206055,44.13726043701172,12.5
30.52699089050293,34.262210845947266,34.567970275878906,39.3
35.96166229248047,32.76655578613281,34.84037780761719,46.88
45.38461685180664,51.18397521972656,49.159446716308594,52.83
43.16271209716797,42.883419036865234,43.63177490234375,56.75
49.08378219604492,46.57662582397461,49.174774169921875,58.63
39.183509826660156,39.25285720825195,35.17424011230469,36.58
52.20808029174805,50.22264862060547,55.77970886230469,45.74
57.451602935791016,55.512386322021484,58.49272918701172,55.83
59.24961471557617,61.37841796875,60.087059020996094,54.93
59.12518310546875,55.607295989990234,57.95742416381836,62.7
34.154232025146484,31.21551513671875,30.068702697753906,36.61
44.34030532836914,44.09731674194336,49.44868087768555,51.11
52.348167419433594,48.89299392700195,48.73326873779297,62.18
49.74232482910156,50.20349884033203,49.68109893798828,58.75
33.111907958984375,30.892784118652344,34.656166076660156,39.25
6.332616329193115,3.072422981262207,3.2290186882019043,4.0
12.364983558654785,13.89762020111084,20.259546279907227,1.0
9.27550220489502,4.109643936157227,10.42803955078125,2.5
18.95658302307129,9.044853210449219,13.56684684753418,5.0
19.60578155517578,16.021228790283203,17.72867202758789,4.5
20.640810012817383,16.845029830932617,18.759769439697266,3.5
24.287830352783203,22.836204528808594,27.15302085876465,6.0
0.06154576689004898,-0.8027897477149963,-1.07806396484375,4.0
9.216898918151855,9.795113563537598,8.58757495880127,1.0
0.3478291928768158,2.881716728210449,2.740457773208618,2.5
4.147590160369873,5.37741756439209,5.901653289794922,5.0
7.826099872589111,10.865091323852539,7.660685062408447,4.5
13.402449607849121,13.105737686157227,9.088125228881836,3.5
18.1037540435791,16.174272537231445,15.829587936401367,6.0
31.300151824951172,34.09413528442383,32.051109313964844,41.06
37.14347457885742,34.649314880371094,36.88190841674805,48.37
39.762577056884766,49.508853912353516,40.08601379394531,57.07
41.53141784667969,37.47166061401367,41.7547607421875,63.03
47.489952087402344,48.22404098510742,53.34459686279297,61.19
21.771127700805664,23.628599166870117,21.020809173583984,15.0
31.92772102355957,33.04787826538086,32.111995697021484,50.0
32.19169616699219,39.649017333984375,37.63389587402344,52.0
31.52818489074707,28.910017013549805,28.04543685913086,12.5
40.627498626708984,39.02890396118164,38.976322174072266,42.5
43.32390213012695,42.95144271850586,43.582542419433594,45.0
50.65340042114258,40.73505783081055,41.835025787353516,50.0
25.468164443969727,25.40084457397461,24.71874237060547,5.0
33.26752471923828,38.470890045166016,33.79660415649414,38.0
39.27623748779297,36.548397064208984,38.32271957397461,43.0
38.387454986572266,41.83184814453125,42.62570571899414,48.0
33.29623794555664,22.776165008544922,26.901491165161133,20.0
28.172760009765625,28.430879592895508,27.05797576904297,48.0
18.342912673950195,15.355887413024902,17.84934425354004,16.45
24.91501235961914,25.71632957458496,28.621353149414062,14.56
34.25996398925781,32.60783004760742,30.756322860717773,26.23
30.379308700561523,30.81171417236328,28.07935905456543,34.92
51.794700622558594,50.245262145996094,50.058448791503906,47.97
50.75209045410156,48.60688018798828,56.830623626708984,51.55
52.92417907714844,50.716758728027344,51.972930908203125,54.0
54.32248306274414,58.881046295166016,54.13533401489258,58.83
56.438385009765625,56.05854415893555,58.753623962402344,53.0
52.59688949584961,52.376731872558594,48.186553955078125,51.07
29.527559280395508,27.441429138183594,27.329296112060547,31.0
30.116924285888672,25.596323013305664,28.78917121887207,31.0
29.26287841796875,31.378782272338867,30.036657333374023,28.0
32.64403533935547,31.1580753326416,33.9830436706543,32.0
34.976966857910156,36.87408447265625,38.03245162963867,28.5
39.587127685546875,38.702754974365234,42.027008056640625,28.0
30.887928009033203,31.63860321044922,30.940515518188477,22.5
28.489933013916016,27.93172836303711,31.257661819458008,22.0
29.8343505859375,29.964101791381836,28.77530288696289,28.0
30.98548698425293,28.62324333190918,31.623912811279297,31.0
35.70915603637695,34.90499496459961,37.79551696777344,28.0
38.501609802246094,39.23075485229492,43.73671340942383,25.0
51.620914459228516,41.89793395996094,30.558027267456055,14.5
46.693302154541016,42.077857971191406,40.13994598388672,32.7
35.55991744995117,44.18170928955078,37.60486602783203,45.9
35.16353988647461,29.205930709838867,41.662384033203125,82.5
40.691287994384766,29.454729080200195,42.06471633911133,70.7
6.172572612762451,2.877870559692383,9.338336944580078,15.0
16.723434448242188,18.151317596435547,13.298276901245117,15.5
22.10647964477539,24.16983985900879,18.310415267944336,17.5
22.74711036682129,24.258487701416016,21.673418045043945,12.5
23.53636360168457,21.070903778076172,22.160545349121094,12.0
14.429732322692871,18.11274528503418,16.523426055908203,16.0
22.224380493164062,17.125852584838867,23.025760650634766,25.5
26.281034469604492,24.800735473632812,26.41111946105957,15.0
8.292737007141113,10.059688568115234,11.918386459350586,6.4
6.754883289337158,9.00263500213623,8.696849822998047,20.0
15.84335994720459,12.509014129638672,11.228858947753906,13.73
15.201552391052246,14.836224555969238,13.893552780151367,23.24
17.273876190185547,20.25141143798828,19.43031883239746,28.32
47.114837646484375,46.474945068359375,49.465850830078125,60.0
61.20830154418945,59.78074264526367,60.91976547241211,61.5
56.921226501464844,68.07454681396484,60.603153228759766,64.0
68.86054229736328,64.7839584350586,67.00865936279297,65.0
69.56887817382812,68.68529510498047,68.35887908935547,67.5
33.35295867919922,30.538604736328125,35.5030403137207,64.51
36.9739875793457,37.32133865356445,39.53327941894531,56.43
4.987026691436768,-0.6209782958030701,2.5589919090270996,8.0
16.927953720092773,16.716632843017578,15.0884428024292,6.0
2.8094398975372314,1.0395678281784058,7.849485874176025,21.0
8.77761173248291,17.656591415405273,9.489885330200195,35.0
9.17978572845459,30.08479118347168,19.01455307006836,38.0
16.37405776977539,20.695375442504883,26.078628540039062,42.0
13.883272171020508,31.310976028442383,21.084917068481445,30.33
